Model,GPU UUID,Batch,Concurrency,Model Config Path,Instance Group,Satisfies Constraints,GPU Memory Usage (MB),GPU Utilization (%),GPU Power Usage (W)
gemma-3-1b-it_tensorrt_llm_bls,GPU-daf97dbd-b56b-dab3-0b2c-c0bf8a309c92,1,8,gemma-3-1b-it_tensorrt_llm_bls_config_82,29:GPU,Yes,22106.1,92.2,206.5
gemma-3-1b-it_tensorrt_llm_bls,GPU-daf97dbd-b56b-dab3-0b2c-c0bf8a309c92,1,4,gemma-3-1b-it_tensorrt_llm_bls_config_82,29:GPU,Yes,22106.1,92.6,227.7
gemma-3-1b-it_tensorrt_llm_bls,GPU-daf97dbd-b56b-dab3-0b2c-c0bf8a309c92,1,16,gemma-3-1b-it_tensorrt_llm_bls_config_82,29:GPU,Yes,22106.1,95.2,209.4
gemma-3-1b-it_tensorrt_llm_bls,GPU-daf97dbd-b56b-dab3-0b2c-c0bf8a309c92,1,2,gemma-3-1b-it_tensorrt_llm_bls_config_82,29:GPU,Yes,22106.1,92.6,208.7
gemma-3-1b-it_tensorrt_llm_bls,GPU-daf97dbd-b56b-dab3-0b2c-c0bf8a309c92,1,32,gemma-3-1b-it_tensorrt_llm_bls_config_82,29:GPU,Yes,22106.1,95.2,208.6
gemma-3-1b-it_tensorrt_llm_bls,GPU-daf97dbd-b56b-dab3-0b2c-c0bf8a309c92,1,1,gemma-3-1b-it_tensorrt_llm_bls_config_82,29:GPU,Yes,22106.1,92.8,206.2
gemma-3-1b-it_tensorrt_llm_bls,GPU-daf97dbd-b56b-dab3-0b2c-c0bf8a309c92,1,48,gemma-3-1b-it_tensorrt_llm_bls_config_82,29:GPU,Yes,22106.1,92.4,204.9
gemma-3-1b-it_tensorrt_llm_bls,GPU-daf97dbd-b56b-dab3-0b2c-c0bf8a309c92,1,56,gemma-3-1b-it_tensorrt_llm_bls_config_82,29:GPU,Yes,22106.1,95.2,208.2
gemma-3-1b-it_tensorrt_llm_bls,GPU-daf97dbd-b56b-dab3-0b2c-c0bf8a309c92,1,60,gemma-3-1b-it_tensorrt_llm_bls_config_82,29:GPU,Yes,22106.1,92.2,207.0
gemma-3-1b-it_tensorrt_llm_bls,GPU-daf97dbd-b56b-dab3-0b2c-c0bf8a309c92,1,64,gemma-3-1b-it_tensorrt_llm_bls_config_82,29:GPU,No,22106.1,95.3,208.9
gemma-3-1b-it_tensorrt_llm_bls,GPU-daf97dbd-b56b-dab3-0b2c-c0bf8a309c92,1,62,gemma-3-1b-it_tensorrt_llm_bls_config_82,29:GPU,No,22106.1,92.1,206.7
gemma-3-1b-it_tensorrt_llm_bls,GPU-daf97dbd-b56b-dab3-0b2c-c0bf8a309c92,1,61,gemma-3-1b-it_tensorrt_llm_bls_config_82,29:GPU,No,22106.1,95.1,208.5
gemma-3-1b-it_tensorrt_llm_bls,GPU-daf97dbd-b56b-dab3-0b2c-c0bf8a309c92,1,8,gemma-3-1b-it_tensorrt_llm_bls_config_79,28:GPU,Yes,22106.1,92.4,204.0
gemma-3-1b-it_tensorrt_llm_bls,GPU-daf97dbd-b56b-dab3-0b2c-c0bf8a309c92,1,4,gemma-3-1b-it_tensorrt_llm_bls_config_79,28:GPU,Yes,22106.1,92.5,228.1
gemma-3-1b-it_tensorrt_llm_bls,GPU-daf97dbd-b56b-dab3-0b2c-c0bf8a309c92,1,2,gemma-3-1b-it_tensorrt_llm_bls_config_79,28:GPU,Yes,22106.1,92.6,207.9
gemma-3-1b-it_tensorrt_llm_bls,GPU-daf97dbd-b56b-dab3-0b2c-c0bf8a309c92,1,16,gemma-3-1b-it_tensorrt_llm_bls_config_79,28:GPU,Yes,22106.1,95.1,207.8
gemma-3-1b-it_tensorrt_llm_bls,GPU-daf97dbd-b56b-dab3-0b2c-c0bf8a309c92,1,1,gemma-3-1b-it_tensorrt_llm_bls_config_79,28:GPU,Yes,22106.1,92.4,205.4
gemma-3-1b-it_tensorrt_llm_bls,GPU-daf97dbd-b56b-dab3-0b2c-c0bf8a309c92,1,32,gemma-3-1b-it_tensorrt_llm_bls_config_79,28:GPU,Yes,22106.1,95.0,209.1
gemma-3-1b-it_tensorrt_llm_bls,GPU-daf97dbd-b56b-dab3-0b2c-c0bf8a309c92,1,48,gemma-3-1b-it_tensorrt_llm_bls_config_79,28:GPU,Yes,22106.1,94.3,208.4
gemma-3-1b-it_tensorrt_llm_bls,GPU-daf97dbd-b56b-dab3-0b2c-c0bf8a309c92,1,59,gemma-3-1b-it_tensorrt_llm_bls_config_79,28:GPU,Yes,22106.1,95.2,209.7
gemma-3-1b-it_tensorrt_llm_bls,GPU-daf97dbd-b56b-dab3-0b2c-c0bf8a309c92,1,56,gemma-3-1b-it_tensorrt_llm_bls_config_79,28:GPU,Yes,22106.1,95.1,210.0
gemma-3-1b-it_tensorrt_llm_bls,GPU-daf97dbd-b56b-dab3-0b2c-c0bf8a309c92,1,58,gemma-3-1b-it_tensorrt_llm_bls_config_79,28:GPU,Yes,22106.1,92.4,207.0
gemma-3-1b-it_tensorrt_llm_bls,GPU-daf97dbd-b56b-dab3-0b2c-c0bf8a309c92,1,64,gemma-3-1b-it_tensorrt_llm_bls_config_79,28:GPU,No,22106.1,95.2,207.9
gemma-3-1b-it_tensorrt_llm_bls,GPU-daf97dbd-b56b-dab3-0b2c-c0bf8a309c92,1,60,gemma-3-1b-it_tensorrt_llm_bls_config_79,28:GPU,No,22106.1,95.0,207.6
gemma-3-1b-it_tensorrt_llm_bls,GPU-daf97dbd-b56b-dab3-0b2c-c0bf8a309c92,1,8,gemma-3-1b-it_tensorrt_llm_bls_config_106,39:GPU,Yes,22108.2,94.9,209.2
gemma-3-1b-it_tensorrt_llm_bls,GPU-daf97dbd-b56b-dab3-0b2c-c0bf8a309c92,1,4,gemma-3-1b-it_tensorrt_llm_bls_config_106,39:GPU,Yes,22108.2,95.1,233.7
gemma-3-1b-it_tensorrt_llm_bls,GPU-daf97dbd-b56b-dab3-0b2c-c0bf8a309c92,1,16,gemma-3-1b-it_tensorrt_llm_bls_config_106,39:GPU,Yes,22108.2,94.9,209.3
gemma-3-1b-it_tensorrt_llm_bls,GPU-daf97dbd-b56b-dab3-0b2c-c0bf8a309c92,1,2,gemma-3-1b-it_tensorrt_llm_bls_config_106,39:GPU,Yes,22108.2,95.2,210.6
gemma-3-1b-it_tensorrt_llm_bls,GPU-daf97dbd-b56b-dab3-0b2c-c0bf8a309c92,1,32,gemma-3-1b-it_tensorrt_llm_bls_config_106,39:GPU,Yes,22108.2,94.8,208.5
gemma-3-1b-it_tensorrt_llm_bls,GPU-daf97dbd-b56b-dab3-0b2c-c0bf8a309c92,1,1,gemma-3-1b-it_tensorrt_llm_bls_config_106,39:GPU,Yes,22108.2,94.8,207.4
gemma-3-1b-it_tensorrt_llm_bls,GPU-daf97dbd-b56b-dab3-0b2c-c0bf8a309c92,1,64,gemma-3-1b-it_tensorrt_llm_bls_config_106,39:GPU,Yes,22108.2,92.2,206.3
gemma-3-1b-it_tensorrt_llm_bls,GPU-daf97dbd-b56b-dab3-0b2c-c0bf8a309c92,1,8,gemma-3-1b-it_tensorrt_llm_bls_config_150,55:GPU,Yes,22112.4,92.5,208.2
gemma-3-1b-it_tensorrt_llm_bls,GPU-daf97dbd-b56b-dab3-0b2c-c0bf8a309c92,1,4,gemma-3-1b-it_tensorrt_llm_bls_config_150,55:GPU,Yes,22112.4,95.2,235.1
gemma-3-1b-it_tensorrt_llm_bls,GPU-daf97dbd-b56b-dab3-0b2c-c0bf8a309c92,1,16,gemma-3-1b-it_tensorrt_llm_bls_config_150,55:GPU,Yes,22112.4,94.8,210.3
gemma-3-1b-it_tensorrt_llm_bls,GPU-daf97dbd-b56b-dab3-0b2c-c0bf8a309c92,1,2,gemma-3-1b-it_tensorrt_llm_bls_config_150,55:GPU,Yes,22112.4,95.2,213.4
gemma-3-1b-it_tensorrt_llm_bls,GPU-daf97dbd-b56b-dab3-0b2c-c0bf8a309c92,1,32,gemma-3-1b-it_tensorrt_llm_bls_config_150,55:GPU,Yes,22112.4,95.0,210.3
gemma-3-1b-it_tensorrt_llm_bls,GPU-daf97dbd-b56b-dab3-0b2c-c0bf8a309c92,1,1,gemma-3-1b-it_tensorrt_llm_bls_config_150,55:GPU,Yes,22112.4,92.1,207.9
gemma-3-1b-it_tensorrt_llm_bls,GPU-daf97dbd-b56b-dab3-0b2c-c0bf8a309c92,1,64,gemma-3-1b-it_tensorrt_llm_bls_config_150,55:GPU,Yes,22112.4,92.2,207.2
gemma-3-1b-it_tensorrt_llm_bls,GPU-daf97dbd-b56b-dab3-0b2c-c0bf8a309c92,1,8,gemma-3-1b-it_tensorrt_llm_bls_config_50,18:GPU,Yes,22104.0,95.0,206.6
gemma-3-1b-it_tensorrt_llm_bls,GPU-daf97dbd-b56b-dab3-0b2c-c0bf8a309c92,1,4,gemma-3-1b-it_tensorrt_llm_bls_config_50,18:GPU,Yes,22104.0,95.2,231.8
gemma-3-1b-it_tensorrt_llm_bls,GPU-daf97dbd-b56b-dab3-0b2c-c0bf8a309c92,1,16,gemma-3-1b-it_tensorrt_llm_bls_config_50,18:GPU,Yes,22104.0,92.3,205.0
gemma-3-1b-it_tensorrt_llm_bls,GPU-daf97dbd-b56b-dab3-0b2c-c0bf8a309c92,1,2,gemma-3-1b-it_tensorrt_llm_bls_config_50,18:GPU,Yes,22104.0,92.7,209.1
gemma-3-1b-it_tensorrt_llm_bls,GPU-daf97dbd-b56b-dab3-0b2c-c0bf8a309c92,1,32,gemma-3-1b-it_tensorrt_llm_bls_config_50,18:GPU,Yes,22104.0,95.1,207.2
gemma-3-1b-it_tensorrt_llm_bls,GPU-daf97dbd-b56b-dab3-0b2c-c0bf8a309c92,1,1,gemma-3-1b-it_tensorrt_llm_bls_config_50,18:GPU,Yes,22104.0,92.2,205.5
gemma-3-1b-it_tensorrt_llm_bls,GPU-daf97dbd-b56b-dab3-0b2c-c0bf8a309c92,1,64,gemma-3-1b-it_tensorrt_llm_bls_config_50,18:GPU,Yes,22104.0,94.9,206.8
gemma-3-1b-it_tensorrt_llm_bls,GPU-daf97dbd-b56b-dab3-0b2c-c0bf8a309c92,1,8,gemma-3-1b-it_tensorrt_llm_bls_config_53,19:GPU,Yes,22106.1,92.4,204.5
gemma-3-1b-it_tensorrt_llm_bls,GPU-daf97dbd-b56b-dab3-0b2c-c0bf8a309c92,1,4,gemma-3-1b-it_tensorrt_llm_bls_config_53,19:GPU,Yes,22106.1,95.1,230.6
gemma-3-1b-it_tensorrt_llm_bls,GPU-daf97dbd-b56b-dab3-0b2c-c0bf8a309c92,1,16,gemma-3-1b-it_tensorrt_llm_bls_config_53,19:GPU,Yes,22106.1,95.0,207.2
gemma-3-1b-it_tensorrt_llm_bls,GPU-daf97dbd-b56b-dab3-0b2c-c0bf8a309c92,1,2,gemma-3-1b-it_tensorrt_llm_bls_config_53,19:GPU,Yes,22106.1,95.2,210.1
gemma-3-1b-it_tensorrt_llm_bls,GPU-daf97dbd-b56b-dab3-0b2c-c0bf8a309c92,1,32,gemma-3-1b-it_tensorrt_llm_bls_config_53,19:GPU,Yes,22106.1,92.1,205.2
gemma-3-1b-it_tensorrt_llm_bls,GPU-daf97dbd-b56b-dab3-0b2c-c0bf8a309c92,1,1,gemma-3-1b-it_tensorrt_llm_bls_config_53,19:GPU,Yes,22106.1,94.8,206.5
gemma-3-1b-it_tensorrt_llm_bls,GPU-daf97dbd-b56b-dab3-0b2c-c0bf8a309c92,1,64,gemma-3-1b-it_tensorrt_llm_bls_config_53,19:GPU,Yes,22106.1,92.1,205.0
gemma-3-1b-it_tensorrt_llm_bls,GPU-daf97dbd-b56b-dab3-0b2c-c0bf8a309c92,1,8,gemma-3-1b-it_tensorrt_llm_bls_config_67,25:GPU,Yes,22106.1,95.1,208.0
gemma-3-1b-it_tensorrt_llm_bls,GPU-daf97dbd-b56b-dab3-0b2c-c0bf8a309c92,1,4,gemma-3-1b-it_tensorrt_llm_bls_config_67,25:GPU,Yes,22106.1,95.1,232.5
gemma-3-1b-it_tensorrt_llm_bls,GPU-daf97dbd-b56b-dab3-0b2c-c0bf8a309c92,1,16,gemma-3-1b-it_tensorrt_llm_bls_config_67,25:GPU,Yes,22106.1,95.1,207.9
gemma-3-1b-it_tensorrt_llm_bls,GPU-daf97dbd-b56b-dab3-0b2c-c0bf8a309c92,1,2,gemma-3-1b-it_tensorrt_llm_bls_config_67,25:GPU,Yes,22106.1,95.3,211.8
gemma-3-1b-it_tensorrt_llm_bls,GPU-daf97dbd-b56b-dab3-0b2c-c0bf8a309c92,1,32,gemma-3-1b-it_tensorrt_llm_bls_config_67,25:GPU,Yes,22106.1,95.1,207.5
gemma-3-1b-it_tensorrt_llm_bls,GPU-daf97dbd-b56b-dab3-0b2c-c0bf8a309c92,1,1,gemma-3-1b-it_tensorrt_llm_bls_config_67,25:GPU,Yes,22106.1,92.3,201.7
gemma-3-1b-it_tensorrt_llm_bls,GPU-daf97dbd-b56b-dab3-0b2c-c0bf8a309c92,1,64,gemma-3-1b-it_tensorrt_llm_bls_config_67,25:GPU,Yes,22106.1,95.0,206.9
gemma-3-1b-it_tensorrt_llm_bls,GPU-daf97dbd-b56b-dab3-0b2c-c0bf8a309c92,1,8,gemma-3-1b-it_tensorrt_llm_bls_config_57,21:GPU,Yes,22106.1,95.2,208.0
gemma-3-1b-it_tensorrt_llm_bls,GPU-daf97dbd-b56b-dab3-0b2c-c0bf8a309c92,1,4,gemma-3-1b-it_tensorrt_llm_bls_config_57,21:GPU,Yes,22106.1,92.5,228.1
gemma-3-1b-it_tensorrt_llm_bls,GPU-daf97dbd-b56b-dab3-0b2c-c0bf8a309c92,1,16,gemma-3-1b-it_tensorrt_llm_bls_config_57,21:GPU,Yes,22106.1,94.9,210.0
gemma-3-1b-it_tensorrt_llm_bls,GPU-daf97dbd-b56b-dab3-0b2c-c0bf8a309c92,1,2,gemma-3-1b-it_tensorrt_llm_bls_config_57,21:GPU,Yes,22106.1,95.1,209.9
gemma-3-1b-it_tensorrt_llm_bls,GPU-daf97dbd-b56b-dab3-0b2c-c0bf8a309c92,1,32,gemma-3-1b-it_tensorrt_llm_bls_config_57,21:GPU,Yes,22106.1,94.9,209.1
gemma-3-1b-it_tensorrt_llm_bls,GPU-daf97dbd-b56b-dab3-0b2c-c0bf8a309c92,1,1,gemma-3-1b-it_tensorrt_llm_bls_config_57,21:GPU,Yes,22106.1,92.1,202.9
gemma-3-1b-it_tensorrt_llm_bls,GPU-daf97dbd-b56b-dab3-0b2c-c0bf8a309c92,1,64,gemma-3-1b-it_tensorrt_llm_bls_config_57,21:GPU,Yes,22106.1,95.2,208.0
gemma-3-1b-it_tensorrt_llm_bls,GPU-daf97dbd-b56b-dab3-0b2c-c0bf8a309c92,1,8,gemma-3-1b-it_tensorrt_llm_bls_config_71,26:GPU,Yes,22106.1,95.1,207.3
gemma-3-1b-it_tensorrt_llm_bls,GPU-daf97dbd-b56b-dab3-0b2c-c0bf8a309c92,1,4,gemma-3-1b-it_tensorrt_llm_bls_config_71,26:GPU,Yes,22106.1,92.6,228.1
gemma-3-1b-it_tensorrt_llm_bls,GPU-daf97dbd-b56b-dab3-0b2c-c0bf8a309c92,1,16,gemma-3-1b-it_tensorrt_llm_bls_config_71,26:GPU,Yes,22106.1,92.2,205.6
gemma-3-1b-it_tensorrt_llm_bls,GPU-daf97dbd-b56b-dab3-0b2c-c0bf8a309c92,1,2,gemma-3-1b-it_tensorrt_llm_bls_config_71,26:GPU,Yes,22106.1,95.3,210.6
gemma-3-1b-it_tensorrt_llm_bls,GPU-daf97dbd-b56b-dab3-0b2c-c0bf8a309c92,1,32,gemma-3-1b-it_tensorrt_llm_bls_config_71,26:GPU,Yes,22106.1,95.1,208.5
gemma-3-1b-it_tensorrt_llm_bls,GPU-daf97dbd-b56b-dab3-0b2c-c0bf8a309c92,1,1,gemma-3-1b-it_tensorrt_llm_bls_config_71,26:GPU,Yes,22106.1,94.9,206.8
gemma-3-1b-it_tensorrt_llm_bls,GPU-daf97dbd-b56b-dab3-0b2c-c0bf8a309c92,1,64,gemma-3-1b-it_tensorrt_llm_bls_config_71,26:GPU,Yes,22106.1,94.9,209.1
gemma-3-1b-it_tensorrt_llm_bls,GPU-daf97dbd-b56b-dab3-0b2c-c0bf8a309c92,1,8,gemma-3-1b-it_tensorrt_llm_bls_config_47,17:GPU,Yes,22104.0,95.2,208.2
gemma-3-1b-it_tensorrt_llm_bls,GPU-daf97dbd-b56b-dab3-0b2c-c0bf8a309c92,1,4,gemma-3-1b-it_tensorrt_llm_bls_config_47,17:GPU,Yes,22104.0,95.2,230.7
gemma-3-1b-it_tensorrt_llm_bls,GPU-daf97dbd-b56b-dab3-0b2c-c0bf8a309c92,1,16,gemma-3-1b-it_tensorrt_llm_bls_config_47,17:GPU,Yes,22104.0,95.1,207.4
gemma-3-1b-it_tensorrt_llm_bls,GPU-daf97dbd-b56b-dab3-0b2c-c0bf8a309c92,1,2,gemma-3-1b-it_tensorrt_llm_bls_config_47,17:GPU,Yes,22104.0,95.1,210.4
gemma-3-1b-it_tensorrt_llm_bls,GPU-daf97dbd-b56b-dab3-0b2c-c0bf8a309c92,1,32,gemma-3-1b-it_tensorrt_llm_bls_config_47,17:GPU,Yes,22104.0,94.8,206.7
gemma-3-1b-it_tensorrt_llm_bls,GPU-daf97dbd-b56b-dab3-0b2c-c0bf8a309c92,1,1,gemma-3-1b-it_tensorrt_llm_bls_config_47,17:GPU,Yes,22104.0,95.5,206.6
gemma-3-1b-it_tensorrt_llm_bls,GPU-daf97dbd-b56b-dab3-0b2c-c0bf8a309c92,1,64,gemma-3-1b-it_tensorrt_llm_bls_config_47,17:GPU,Yes,22104.0,95.3,208.0
gemma-3-1b-it_tensorrt_llm_bls,GPU-daf97dbd-b56b-dab3-0b2c-c0bf8a309c92,1,8,gemma-3-1b-it_tensorrt_llm_bls_config_138,51:GPU,Yes,22112.4,92.4,208.1
gemma-3-1b-it_tensorrt_llm_bls,GPU-daf97dbd-b56b-dab3-0b2c-c0bf8a309c92,1,4,gemma-3-1b-it_tensorrt_llm_bls_config_138,51:GPU,Yes,22112.4,95.2,234.4
gemma-3-1b-it_tensorrt_llm_bls,GPU-daf97dbd-b56b-dab3-0b2c-c0bf8a309c92,1,16,gemma-3-1b-it_tensorrt_llm_bls_config_138,51:GPU,Yes,22112.4,94.7,210.2
gemma-3-1b-it_tensorrt_llm_bls,GPU-daf97dbd-b56b-dab3-0b2c-c0bf8a309c92,1,2,gemma-3-1b-it_tensorrt_llm_bls_config_138,51:GPU,Yes,22112.4,95.2,212.6
gemma-3-1b-it_tensorrt_llm_bls,GPU-daf97dbd-b56b-dab3-0b2c-c0bf8a309c92,1,32,gemma-3-1b-it_tensorrt_llm_bls_config_138,51:GPU,Yes,22112.4,95.1,210.4
gemma-3-1b-it_tensorrt_llm_bls,GPU-daf97dbd-b56b-dab3-0b2c-c0bf8a309c92,1,1,gemma-3-1b-it_tensorrt_llm_bls_config_138,51:GPU,Yes,22112.4,92.1,204.2
gemma-3-1b-it_tensorrt_llm_bls,GPU-daf97dbd-b56b-dab3-0b2c-c0bf8a309c92,1,64,gemma-3-1b-it_tensorrt_llm_bls_config_138,51:GPU,Yes,22112.4,92.1,207.4
gemma-3-1b-it_tensorrt_llm_bls,GPU-daf97dbd-b56b-dab3-0b2c-c0bf8a309c92,1,8,gemma-3-1b-it_tensorrt_llm_bls_config_25,9:GPU,Yes,22104.0,95.0,207.0
gemma-3-1b-it_tensorrt_llm_bls,GPU-daf97dbd-b56b-dab3-0b2c-c0bf8a309c92,1,4,gemma-3-1b-it_tensorrt_llm_bls_config_25,9:GPU,Yes,22104.0,95.2,231.7
gemma-3-1b-it_tensorrt_llm_bls,GPU-daf97dbd-b56b-dab3-0b2c-c0bf8a309c92,1,16,gemma-3-1b-it_tensorrt_llm_bls_config_25,9:GPU,Yes,22104.0,95.1,205.9
gemma-3-1b-it_tensorrt_llm_bls,GPU-daf97dbd-b56b-dab3-0b2c-c0bf8a309c92,1,2,gemma-3-1b-it_tensorrt_llm_bls_config_25,9:GPU,Yes,22104.0,92.6,207.3
gemma-3-1b-it_tensorrt_llm_bls,GPU-daf97dbd-b56b-dab3-0b2c-c0bf8a309c92,1,32,gemma-3-1b-it_tensorrt_llm_bls_config_25,9:GPU,Yes,22104.0,94.7,205.6
gemma-3-1b-it_tensorrt_llm_bls,GPU-daf97dbd-b56b-dab3-0b2c-c0bf8a309c92,1,1,gemma-3-1b-it_tensorrt_llm_bls_config_25,9:GPU,Yes,22104.0,92.4,205.3
gemma-3-1b-it_tensorrt_llm_bls,GPU-daf97dbd-b56b-dab3-0b2c-c0bf8a309c92,1,64,gemma-3-1b-it_tensorrt_llm_bls_config_25,9:GPU,Yes,22104.0,95.0,207.1
gemma-3-1b-it_tensorrt_llm_bls,GPU-daf97dbd-b56b-dab3-0b2c-c0bf8a309c92,1,8,gemma-3-1b-it_tensorrt_llm_bls_config_59,22:GPU,Yes,22106.1,92.0,205.9
gemma-3-1b-it_tensorrt_llm_bls,GPU-daf97dbd-b56b-dab3-0b2c-c0bf8a309c92,1,4,gemma-3-1b-it_tensorrt_llm_bls_config_59,22:GPU,Yes,22106.1,92.6,227.8
gemma-3-1b-it_tensorrt_llm_bls,GPU-daf97dbd-b56b-dab3-0b2c-c0bf8a309c92,1,16,gemma-3-1b-it_tensorrt_llm_bls_config_59,22:GPU,Yes,22106.1,92.5,204.9
gemma-3-1b-it_tensorrt_llm_bls,GPU-daf97dbd-b56b-dab3-0b2c-c0bf8a309c92,1,2,gemma-3-1b-it_tensorrt_llm_bls_config_59,22:GPU,Yes,22106.1,92.5,209.0
gemma-3-1b-it_tensorrt_llm_bls,GPU-daf97dbd-b56b-dab3-0b2c-c0bf8a309c92,1,32,gemma-3-1b-it_tensorrt_llm_bls_config_59,22:GPU,Yes,22106.1,95.0,208.9
gemma-3-1b-it_tensorrt_llm_bls,GPU-daf97dbd-b56b-dab3-0b2c-c0bf8a309c92,1,1,gemma-3-1b-it_tensorrt_llm_bls_config_59,22:GPU,Yes,22106.1,93.2,205.6
gemma-3-1b-it_tensorrt_llm_bls,GPU-daf97dbd-b56b-dab3-0b2c-c0bf8a309c92,1,64,gemma-3-1b-it_tensorrt_llm_bls_config_59,22:GPU,Yes,22106.1,94.9,208.8
gemma-3-1b-it_tensorrt_llm_bls,GPU-daf97dbd-b56b-dab3-0b2c-c0bf8a309c92,1,8,gemma-3-1b-it_tensorrt_llm_bls_config_29,10:GPU,Yes,22104.0,92.5,205.0
gemma-3-1b-it_tensorrt_llm_bls,GPU-daf97dbd-b56b-dab3-0b2c-c0bf8a309c92,1,4,gemma-3-1b-it_tensorrt_llm_bls_config_29,10:GPU,Yes,22104.0,92.5,228.9
gemma-3-1b-it_tensorrt_llm_bls,GPU-daf97dbd-b56b-dab3-0b2c-c0bf8a309c92,1,16,gemma-3-1b-it_tensorrt_llm_bls_config_29,10:GPU,Yes,22104.0,95.1,207.2
gemma-3-1b-it_tensorrt_llm_bls,GPU-daf97dbd-b56b-dab3-0b2c-c0bf8a309c92,1,2,gemma-3-1b-it_tensorrt_llm_bls_config_29,10:GPU,Yes,22104.0,95.2,210.8
gemma-3-1b-it_tensorrt_llm_bls,GPU-daf97dbd-b56b-dab3-0b2c-c0bf8a309c92,1,32,gemma-3-1b-it_tensorrt_llm_bls_config_29,10:GPU,Yes,22104.0,92.3,204.7
gemma-3-1b-it_tensorrt_llm_bls,GPU-daf97dbd-b56b-dab3-0b2c-c0bf8a309c92,1,1,gemma-3-1b-it_tensorrt_llm_bls_config_29,10:GPU,Yes,22104.0,92.1,206.2
gemma-3-1b-it_tensorrt_llm_bls,GPU-daf97dbd-b56b-dab3-0b2c-c0bf8a309c92,1,64,gemma-3-1b-it_tensorrt_llm_bls_config_29,10:GPU,Yes,22104.0,92.5,204.9
gemma-3-1b-it_tensorrt_llm_bls,GPU-daf97dbd-b56b-dab3-0b2c-c0bf8a309c92,1,8,gemma-3-1b-it_tensorrt_llm_bls_config_126,47:GPU,Yes,22108.2,94.9,208.9
gemma-3-1b-it_tensorrt_llm_bls,GPU-daf97dbd-b56b-dab3-0b2c-c0bf8a309c92,1,4,gemma-3-1b-it_tensorrt_llm_bls_config_126,47:GPU,Yes,22108.2,95.1,234.6
gemma-3-1b-it_tensorrt_llm_bls,GPU-daf97dbd-b56b-dab3-0b2c-c0bf8a309c92,1,16,gemma-3-1b-it_tensorrt_llm_bls_config_126,47:GPU,Yes,22108.2,92.2,206.7
gemma-3-1b-it_tensorrt_llm_bls,GPU-daf97dbd-b56b-dab3-0b2c-c0bf8a309c92,1,2,gemma-3-1b-it_tensorrt_llm_bls_config_126,47:GPU,Yes,22108.2,95.1,212.6
gemma-3-1b-it_tensorrt_llm_bls,GPU-daf97dbd-b56b-dab3-0b2c-c0bf8a309c92,1,32,gemma-3-1b-it_tensorrt_llm_bls_config_126,47:GPU,Yes,22108.2,94.8,209.5
gemma-3-1b-it_tensorrt_llm_bls,GPU-daf97dbd-b56b-dab3-0b2c-c0bf8a309c92,1,1,gemma-3-1b-it_tensorrt_llm_bls_config_126,47:GPU,Yes,22108.2,92.2,205.1
gemma-3-1b-it_tensorrt_llm_bls,GPU-daf97dbd-b56b-dab3-0b2c-c0bf8a309c92,1,64,gemma-3-1b-it_tensorrt_llm_bls_config_126,47:GPU,Yes,22108.2,95.1,210.1
gemma-3-1b-it_tensorrt_llm_bls,GPU-daf97dbd-b56b-dab3-0b2c-c0bf8a309c92,1,8,gemma-3-1b-it_tensorrt_llm_bls_config_92,33:GPU,Yes,22106.1,92.5,206.7
gemma-3-1b-it_tensorrt_llm_bls,GPU-daf97dbd-b56b-dab3-0b2c-c0bf8a309c92,1,4,gemma-3-1b-it_tensorrt_llm_bls_config_92,33:GPU,Yes,22106.1,95.2,232.7
gemma-3-1b-it_tensorrt_llm_bls,GPU-daf97dbd-b56b-dab3-0b2c-c0bf8a309c92,1,16,gemma-3-1b-it_tensorrt_llm_bls_config_92,33:GPU,Yes,22106.1,94.9,207.9
gemma-3-1b-it_tensorrt_llm_bls,GPU-daf97dbd-b56b-dab3-0b2c-c0bf8a309c92,1,2,gemma-3-1b-it_tensorrt_llm_bls_config_92,33:GPU,Yes,22106.1,95.3,212.4
gemma-3-1b-it_tensorrt_llm_bls,GPU-daf97dbd-b56b-dab3-0b2c-c0bf8a309c92,1,32,gemma-3-1b-it_tensorrt_llm_bls_config_92,33:GPU,Yes,22106.1,92.4,205.9
gemma-3-1b-it_tensorrt_llm_bls,GPU-daf97dbd-b56b-dab3-0b2c-c0bf8a309c92,1,1,gemma-3-1b-it_tensorrt_llm_bls_config_92,33:GPU,Yes,22106.1,95.6,207.4
gemma-3-1b-it_tensorrt_llm_bls,GPU-daf97dbd-b56b-dab3-0b2c-c0bf8a309c92,1,64,gemma-3-1b-it_tensorrt_llm_bls_config_92,33:GPU,Yes,22106.1,95.2,209.4
gemma-3-1b-it_tensorrt_llm_bls,GPU-daf97dbd-b56b-dab3-0b2c-c0bf8a309c92,1,8,gemma-3-1b-it_tensorrt_llm_bls_config_23,8:GPU,Yes,22104.0,95.2,208.4
gemma-3-1b-it_tensorrt_llm_bls,GPU-daf97dbd-b56b-dab3-0b2c-c0bf8a309c92,1,4,gemma-3-1b-it_tensorrt_llm_bls_config_23,8:GPU,Yes,22104.0,95.2,232.2
gemma-3-1b-it_tensorrt_llm_bls,GPU-daf97dbd-b56b-dab3-0b2c-c0bf8a309c92,1,16,gemma-3-1b-it_tensorrt_llm_bls_config_23,8:GPU,Yes,22104.0,95.1,208.0
gemma-3-1b-it_tensorrt_llm_bls,GPU-daf97dbd-b56b-dab3-0b2c-c0bf8a309c92,1,2,gemma-3-1b-it_tensorrt_llm_bls_config_23,8:GPU,Yes,22104.0,92.5,209.4
gemma-3-1b-it_tensorrt_llm_bls,GPU-daf97dbd-b56b-dab3-0b2c-c0bf8a309c92,1,32,gemma-3-1b-it_tensorrt_llm_bls_config_23,8:GPU,Yes,22104.0,95.2,208.9
gemma-3-1b-it_tensorrt_llm_bls,GPU-daf97dbd-b56b-dab3-0b2c-c0bf8a309c92,1,1,gemma-3-1b-it_tensorrt_llm_bls_config_23,8:GPU,Yes,22104.0,92.2,205.9
gemma-3-1b-it_tensorrt_llm_bls,GPU-daf97dbd-b56b-dab3-0b2c-c0bf8a309c92,1,64,gemma-3-1b-it_tensorrt_llm_bls_config_23,8:GPU,Yes,22104.0,95.2,208.3
gemma-3-1b-it_tensorrt_llm_bls,GPU-daf97dbd-b56b-dab3-0b2c-c0bf8a309c92,1,8,gemma-3-1b-it_tensorrt_llm_bls_config_120,45:GPU,Yes,22108.2,94.9,212.3
gemma-3-1b-it_tensorrt_llm_bls,GPU-daf97dbd-b56b-dab3-0b2c-c0bf8a309c92,1,4,gemma-3-1b-it_tensorrt_llm_bls_config_120,45:GPU,Yes,22108.2,92.5,230.1
gemma-3-1b-it_tensorrt_llm_bls,GPU-daf97dbd-b56b-dab3-0b2c-c0bf8a309c92,1,16,gemma-3-1b-it_tensorrt_llm_bls_config_120,45:GPU,Yes,22108.2,95.1,210.4
gemma-3-1b-it_tensorrt_llm_bls,GPU-daf97dbd-b56b-dab3-0b2c-c0bf8a309c92,1,2,gemma-3-1b-it_tensorrt_llm_bls_config_120,45:GPU,Yes,22108.2,95.2,211.8
gemma-3-1b-it_tensorrt_llm_bls,GPU-daf97dbd-b56b-dab3-0b2c-c0bf8a309c92,1,32,gemma-3-1b-it_tensorrt_llm_bls_config_120,45:GPU,Yes,22108.2,92.3,207.8
gemma-3-1b-it_tensorrt_llm_bls,GPU-daf97dbd-b56b-dab3-0b2c-c0bf8a309c92,1,1,gemma-3-1b-it_tensorrt_llm_bls_config_120,45:GPU,Yes,22108.2,94.8,208.7
gemma-3-1b-it_tensorrt_llm_bls,GPU-daf97dbd-b56b-dab3-0b2c-c0bf8a309c92,1,64,gemma-3-1b-it_tensorrt_llm_bls_config_120,45:GPU,Yes,22108.2,92.3,207.5
gemma-3-1b-it_tensorrt_llm_bls,GPU-daf97dbd-b56b-dab3-0b2c-c0bf8a309c92,1,8,gemma-3-1b-it_tensorrt_llm_bls_config_135,50:GPU,Yes,22108.2,92.5,207.5
gemma-3-1b-it_tensorrt_llm_bls,GPU-daf97dbd-b56b-dab3-0b2c-c0bf8a309c92,1,4,gemma-3-1b-it_tensorrt_llm_bls_config_135,50:GPU,Yes,22108.2,95.3,233.8
gemma-3-1b-it_tensorrt_llm_bls,GPU-daf97dbd-b56b-dab3-0b2c-c0bf8a309c92,1,16,gemma-3-1b-it_tensorrt_llm_bls_config_135,50:GPU,Yes,22108.2,95.1,209.4
gemma-3-1b-it_tensorrt_llm_bls,GPU-daf97dbd-b56b-dab3-0b2c-c0bf8a309c92,1,2,gemma-3-1b-it_tensorrt_llm_bls_config_135,50:GPU,Yes,22108.2,95.2,212.2
gemma-3-1b-it_tensorrt_llm_bls,GPU-daf97dbd-b56b-dab3-0b2c-c0bf8a309c92,1,32,gemma-3-1b-it_tensorrt_llm_bls_config_135,50:GPU,Yes,22108.2,95.1,210.3
gemma-3-1b-it_tensorrt_llm_bls,GPU-daf97dbd-b56b-dab3-0b2c-c0bf8a309c92,1,1,gemma-3-1b-it_tensorrt_llm_bls_config_135,50:GPU,Yes,22108.2,95.1,209.3
gemma-3-1b-it_tensorrt_llm_bls,GPU-daf97dbd-b56b-dab3-0b2c-c0bf8a309c92,1,64,gemma-3-1b-it_tensorrt_llm_bls_config_135,50:GPU,Yes,22108.2,92.2,206.7
gemma-3-1b-it_tensorrt_llm_bls,GPU-daf97dbd-b56b-dab3-0b2c-c0bf8a309c92,1,8,gemma-3-1b-it_tensorrt_llm_bls_config_65,24:GPU,Yes,22106.1,94.9,207.7
gemma-3-1b-it_tensorrt_llm_bls,GPU-daf97dbd-b56b-dab3-0b2c-c0bf8a309c92,1,4,gemma-3-1b-it_tensorrt_llm_bls_config_65,24:GPU,Yes,22106.1,95.2,230.4
gemma-3-1b-it_tensorrt_llm_bls,GPU-daf97dbd-b56b-dab3-0b2c-c0bf8a309c92,1,16,gemma-3-1b-it_tensorrt_llm_bls_config_65,24:GPU,Yes,22106.1,95.0,207.5
gemma-3-1b-it_tensorrt_llm_bls,GPU-daf97dbd-b56b-dab3-0b2c-c0bf8a309c92,1,2,gemma-3-1b-it_tensorrt_llm_bls_config_65,24:GPU,Yes,22106.1,95.3,210.6
gemma-3-1b-it_tensorrt_llm_bls,GPU-daf97dbd-b56b-dab3-0b2c-c0bf8a309c92,1,32,gemma-3-1b-it_tensorrt_llm_bls_config_65,24:GPU,Yes,22106.1,92.2,205.5
gemma-3-1b-it_tensorrt_llm_bls,GPU-daf97dbd-b56b-dab3-0b2c-c0bf8a309c92,1,1,gemma-3-1b-it_tensorrt_llm_bls_config_65,24:GPU,Yes,22106.1,94.9,207.4
gemma-3-1b-it_tensorrt_llm_bls,GPU-daf97dbd-b56b-dab3-0b2c-c0bf8a309c92,1,64,gemma-3-1b-it_tensorrt_llm_bls_config_65,24:GPU,Yes,22106.1,95.1,207.3
gemma-3-1b-it_tensorrt_llm_bls,GPU-daf97dbd-b56b-dab3-0b2c-c0bf8a309c92,1,8,gemma-3-1b-it_tensorrt_llm_bls_config_28,10:GPU,Yes,22104.0,95.0,208.3
gemma-3-1b-it_tensorrt_llm_bls,GPU-daf97dbd-b56b-dab3-0b2c-c0bf8a309c92,1,4,gemma-3-1b-it_tensorrt_llm_bls_config_28,10:GPU,Yes,22104.0,92.5,232.4
gemma-3-1b-it_tensorrt_llm_bls,GPU-daf97dbd-b56b-dab3-0b2c-c0bf8a309c92,1,16,gemma-3-1b-it_tensorrt_llm_bls_config_28,10:GPU,Yes,22104.0,94.6,206.7
gemma-3-1b-it_tensorrt_llm_bls,GPU-daf97dbd-b56b-dab3-0b2c-c0bf8a309c92,1,2,gemma-3-1b-it_tensorrt_llm_bls_config_28,10:GPU,Yes,22104.0,92.4,207.9
gemma-3-1b-it_tensorrt_llm_bls,GPU-daf97dbd-b56b-dab3-0b2c-c0bf8a309c92,1,32,gemma-3-1b-it_tensorrt_llm_bls_config_28,10:GPU,Yes,22104.0,91.9,205.5
gemma-3-1b-it_tensorrt_llm_bls,GPU-daf97dbd-b56b-dab3-0b2c-c0bf8a309c92,1,1,gemma-3-1b-it_tensorrt_llm_bls_config_28,10:GPU,Yes,22104.0,92.2,205.6
gemma-3-1b-it_tensorrt_llm_bls,GPU-daf97dbd-b56b-dab3-0b2c-c0bf8a309c92,1,64,gemma-3-1b-it_tensorrt_llm_bls_config_28,10:GPU,Yes,22104.0,94.9,207.9
gemma-3-1b-it_tensorrt_llm_bls,GPU-daf97dbd-b56b-dab3-0b2c-c0bf8a309c92,1,8,gemma-3-1b-it_tensorrt_llm_bls_config_94,34:GPU,Yes,22106.1,94.3,207.8
gemma-3-1b-it_tensorrt_llm_bls,GPU-daf97dbd-b56b-dab3-0b2c-c0bf8a309c92,1,4,gemma-3-1b-it_tensorrt_llm_bls_config_94,34:GPU,Yes,22106.1,92.6,228.7
gemma-3-1b-it_tensorrt_llm_bls,GPU-daf97dbd-b56b-dab3-0b2c-c0bf8a309c92,1,16,gemma-3-1b-it_tensorrt_llm_bls_config_94,34:GPU,Yes,22106.1,95.1,210.1
gemma-3-1b-it_tensorrt_llm_bls,GPU-daf97dbd-b56b-dab3-0b2c-c0bf8a309c92,1,2,gemma-3-1b-it_tensorrt_llm_bls_config_94,34:GPU,Yes,22106.1,95.3,210.7
gemma-3-1b-it_tensorrt_llm_bls,GPU-daf97dbd-b56b-dab3-0b2c-c0bf8a309c92,1,32,gemma-3-1b-it_tensorrt_llm_bls_config_94,34:GPU,Yes,22106.1,95.2,208.7
gemma-3-1b-it_tensorrt_llm_bls,GPU-daf97dbd-b56b-dab3-0b2c-c0bf8a309c92,1,1,gemma-3-1b-it_tensorrt_llm_bls_config_94,34:GPU,Yes,22106.1,94.8,207.8
gemma-3-1b-it_tensorrt_llm_bls,GPU-daf97dbd-b56b-dab3-0b2c-c0bf8a309c92,1,64,gemma-3-1b-it_tensorrt_llm_bls_config_94,34:GPU,Yes,22106.1,92.4,207.7
gemma-3-1b-it_tensorrt_llm_bls,GPU-daf97dbd-b56b-dab3-0b2c-c0bf8a309c92,1,8,gemma-3-1b-it_tensorrt_llm_bls_config_78,28:GPU,Yes,22106.1,95.0,208.0
gemma-3-1b-it_tensorrt_llm_bls,GPU-daf97dbd-b56b-dab3-0b2c-c0bf8a309c92,1,4,gemma-3-1b-it_tensorrt_llm_bls_config_78,28:GPU,Yes,22106.1,94.0,230.7
gemma-3-1b-it_tensorrt_llm_bls,GPU-daf97dbd-b56b-dab3-0b2c-c0bf8a309c92,1,16,gemma-3-1b-it_tensorrt_llm_bls_config_78,28:GPU,Yes,22106.1,92.2,205.6
gemma-3-1b-it_tensorrt_llm_bls,GPU-daf97dbd-b56b-dab3-0b2c-c0bf8a309c92,1,2,gemma-3-1b-it_tensorrt_llm_bls_config_78,28:GPU,Yes,22106.1,95.2,211.3
gemma-3-1b-it_tensorrt_llm_bls,GPU-daf97dbd-b56b-dab3-0b2c-c0bf8a309c92,1,32,gemma-3-1b-it_tensorrt_llm_bls_config_78,28:GPU,Yes,22106.1,92.3,204.4
gemma-3-1b-it_tensorrt_llm_bls,GPU-daf97dbd-b56b-dab3-0b2c-c0bf8a309c92,1,1,gemma-3-1b-it_tensorrt_llm_bls_config_78,28:GPU,Yes,22106.1,94.8,208.4
gemma-3-1b-it_tensorrt_llm_bls,GPU-daf97dbd-b56b-dab3-0b2c-c0bf8a309c92,1,64,gemma-3-1b-it_tensorrt_llm_bls_config_78,28:GPU,Yes,22106.1,94.8,208.0
gemma-3-1b-it_tensorrt_llm_bls,GPU-daf97dbd-b56b-dab3-0b2c-c0bf8a309c92,1,8,gemma-3-1b-it_tensorrt_llm_bls_config_39,15:GPU,Yes,22104.0,95.2,208.4
gemma-3-1b-it_tensorrt_llm_bls,GPU-daf97dbd-b56b-dab3-0b2c-c0bf8a309c92,1,4,gemma-3-1b-it_tensorrt_llm_bls_config_39,15:GPU,Yes,22104.0,95.1,233.1
gemma-3-1b-it_tensorrt_llm_bls,GPU-daf97dbd-b56b-dab3-0b2c-c0bf8a309c92,1,16,gemma-3-1b-it_tensorrt_llm_bls_config_39,15:GPU,Yes,22104.0,95.2,208.2
gemma-3-1b-it_tensorrt_llm_bls,GPU-daf97dbd-b56b-dab3-0b2c-c0bf8a309c92,1,2,gemma-3-1b-it_tensorrt_llm_bls_config_39,15:GPU,Yes,22104.0,95.1,211.3
gemma-3-1b-it_tensorrt_llm_bls,GPU-daf97dbd-b56b-dab3-0b2c-c0bf8a309c92,1,32,gemma-3-1b-it_tensorrt_llm_bls_config_39,15:GPU,Yes,22104.0,95.0,207.6
gemma-3-1b-it_tensorrt_llm_bls,GPU-daf97dbd-b56b-dab3-0b2c-c0bf8a309c92,1,1,gemma-3-1b-it_tensorrt_llm_bls_config_39,15:GPU,Yes,22104.0,94.9,207.8
gemma-3-1b-it_tensorrt_llm_bls,GPU-daf97dbd-b56b-dab3-0b2c-c0bf8a309c92,1,64,gemma-3-1b-it_tensorrt_llm_bls_config_39,15:GPU,Yes,22104.0,95.0,208.9
gemma-3-1b-it_tensorrt_llm_bls,GPU-daf97dbd-b56b-dab3-0b2c-c0bf8a309c92,1,8,gemma-3-1b-it_tensorrt_llm_bls_config_35,13:GPU,Yes,22104.0,92.2,203.7
gemma-3-1b-it_tensorrt_llm_bls,GPU-daf97dbd-b56b-dab3-0b2c-c0bf8a309c92,1,4,gemma-3-1b-it_tensorrt_llm_bls_config_35,13:GPU,Yes,22104.0,92.5,228.0
gemma-3-1b-it_tensorrt_llm_bls,GPU-daf97dbd-b56b-dab3-0b2c-c0bf8a309c92,1,16,gemma-3-1b-it_tensorrt_llm_bls_config_35,13:GPU,Yes,22104.0,92.0,205.2
gemma-3-1b-it_tensorrt_llm_bls,GPU-daf97dbd-b56b-dab3-0b2c-c0bf8a309c92,1,2,gemma-3-1b-it_tensorrt_llm_bls_config_35,13:GPU,Yes,22104.0,92.4,207.1
gemma-3-1b-it_tensorrt_llm_bls,GPU-daf97dbd-b56b-dab3-0b2c-c0bf8a309c92,1,32,gemma-3-1b-it_tensorrt_llm_bls_config_35,13:GPU,Yes,22104.0,92.1,203.9
gemma-3-1b-it_tensorrt_llm_bls,GPU-daf97dbd-b56b-dab3-0b2c-c0bf8a309c92,1,1,gemma-3-1b-it_tensorrt_llm_bls_config_35,13:GPU,Yes,22104.0,92.2,205.0
gemma-3-1b-it_tensorrt_llm_bls,GPU-daf97dbd-b56b-dab3-0b2c-c0bf8a309c92,1,64,gemma-3-1b-it_tensorrt_llm_bls_config_35,13:GPU,Yes,22104.0,92.3,204.2
gemma-3-1b-it_tensorrt_llm_bls,GPU-daf97dbd-b56b-dab3-0b2c-c0bf8a309c92,1,8,gemma-3-1b-it_tensorrt_llm_bls_config_97,35:GPU,Yes,22108.2,92.5,207.0
gemma-3-1b-it_tensorrt_llm_bls,GPU-daf97dbd-b56b-dab3-0b2c-c0bf8a309c92,1,4,gemma-3-1b-it_tensorrt_llm_bls_config_97,35:GPU,Yes,22108.2,92.4,228.3
gemma-3-1b-it_tensorrt_llm_bls,GPU-daf97dbd-b56b-dab3-0b2c-c0bf8a309c92,1,16,gemma-3-1b-it_tensorrt_llm_bls_config_97,35:GPU,Yes,22108.2,95.0,209.0
gemma-3-1b-it_tensorrt_llm_bls,GPU-daf97dbd-b56b-dab3-0b2c-c0bf8a309c92,1,2,gemma-3-1b-it_tensorrt_llm_bls_config_97,35:GPU,Yes,22108.2,92.6,209.3
gemma-3-1b-it_tensorrt_llm_bls,GPU-daf97dbd-b56b-dab3-0b2c-c0bf8a309c92,1,32,gemma-3-1b-it_tensorrt_llm_bls_config_97,35:GPU,Yes,22108.2,94.7,208.0
gemma-3-1b-it_tensorrt_llm_bls,GPU-daf97dbd-b56b-dab3-0b2c-c0bf8a309c92,1,1,gemma-3-1b-it_tensorrt_llm_bls_config_97,35:GPU,Yes,22108.2,94.9,206.7
gemma-3-1b-it_tensorrt_llm_bls,GPU-daf97dbd-b56b-dab3-0b2c-c0bf8a309c92,1,64,gemma-3-1b-it_tensorrt_llm_bls_config_97,35:GPU,No,22108.2,95.0,208.7
gemma-3-1b-it_tensorrt_llm_bls,GPU-daf97dbd-b56b-dab3-0b2c-c0bf8a309c92,1,8,gemma-3-1b-it_tensorrt_llm_bls_config_142,52:GPU,Yes,22112.4,94.1,209.3
gemma-3-1b-it_tensorrt_llm_bls,GPU-daf97dbd-b56b-dab3-0b2c-c0bf8a309c92,1,4,gemma-3-1b-it_tensorrt_llm_bls_config_142,52:GPU,Yes,22112.4,95.1,235.1
gemma-3-1b-it_tensorrt_llm_bls,GPU-daf97dbd-b56b-dab3-0b2c-c0bf8a309c92,1,16,gemma-3-1b-it_tensorrt_llm_bls_config_142,52:GPU,Yes,22112.4,95.0,209.6
gemma-3-1b-it_tensorrt_llm_bls,GPU-daf97dbd-b56b-dab3-0b2c-c0bf8a309c92,1,2,gemma-3-1b-it_tensorrt_llm_bls_config_142,52:GPU,Yes,22112.4,92.5,210.4
gemma-3-1b-it_tensorrt_llm_bls,GPU-daf97dbd-b56b-dab3-0b2c-c0bf8a309c92,1,1,gemma-3-1b-it_tensorrt_llm_bls_config_142,52:GPU,Yes,22112.4,92.1,208.9
gemma-3-1b-it_tensorrt_llm_bls,GPU-daf97dbd-b56b-dab3-0b2c-c0bf8a309c92,1,32,gemma-3-1b-it_tensorrt_llm_bls_config_142,52:GPU,Yes,22112.4,95.1,211.2
gemma-3-1b-it_tensorrt_llm_bls,GPU-daf97dbd-b56b-dab3-0b2c-c0bf8a309c92,1,64,gemma-3-1b-it_tensorrt_llm_bls_config_142,52:GPU,No,22112.4,94.5,209.6
gemma-3-1b-it_tensorrt_llm_bls,GPU-daf97dbd-b56b-dab3-0b2c-c0bf8a309c92,1,8,gemma-3-1b-it_tensorrt_llm_bls_config_30,11:GPU,Yes,22104.0,95.1,207.9
gemma-3-1b-it_tensorrt_llm_bls,GPU-daf97dbd-b56b-dab3-0b2c-c0bf8a309c92,1,4,gemma-3-1b-it_tensorrt_llm_bls_config_30,11:GPU,Yes,22104.0,92.4,228.6
gemma-3-1b-it_tensorrt_llm_bls,GPU-daf97dbd-b56b-dab3-0b2c-c0bf8a309c92,1,16,gemma-3-1b-it_tensorrt_llm_bls_config_30,11:GPU,Yes,22104.0,94.9,207.1
gemma-3-1b-it_tensorrt_llm_bls,GPU-daf97dbd-b56b-dab3-0b2c-c0bf8a309c92,1,2,gemma-3-1b-it_tensorrt_llm_bls_config_30,11:GPU,Yes,22104.0,92.4,208.6
gemma-3-1b-it_tensorrt_llm_bls,GPU-daf97dbd-b56b-dab3-0b2c-c0bf8a309c92,1,32,gemma-3-1b-it_tensorrt_llm_bls_config_30,11:GPU,Yes,22104.0,94.8,206.8
gemma-3-1b-it_tensorrt_llm_bls,GPU-daf97dbd-b56b-dab3-0b2c-c0bf8a309c92,1,1,gemma-3-1b-it_tensorrt_llm_bls_config_30,11:GPU,Yes,22104.0,94.5,205.9
gemma-3-1b-it_tensorrt_llm_bls,GPU-daf97dbd-b56b-dab3-0b2c-c0bf8a309c92,1,64,gemma-3-1b-it_tensorrt_llm_bls_config_30,11:GPU,Yes,22104.0,92.2,204.8
gemma-3-1b-it_tensorrt_llm_bls,GPU-daf97dbd-b56b-dab3-0b2c-c0bf8a309c92,1,8,gemma-3-1b-it_tensorrt_llm_bls_config_70,25:GPU,Yes,22106.1,94.9,208.2
gemma-3-1b-it_tensorrt_llm_bls,GPU-daf97dbd-b56b-dab3-0b2c-c0bf8a309c92,1,4,gemma-3-1b-it_tensorrt_llm_bls_config_70,25:GPU,Yes,22106.1,95.0,231.6
gemma-3-1b-it_tensorrt_llm_bls,GPU-daf97dbd-b56b-dab3-0b2c-c0bf8a309c92,1,16,gemma-3-1b-it_tensorrt_llm_bls_config_70,25:GPU,Yes,22106.1,94.8,207.9
gemma-3-1b-it_tensorrt_llm_bls,GPU-daf97dbd-b56b-dab3-0b2c-c0bf8a309c92,1,2,gemma-3-1b-it_tensorrt_llm_bls_config_70,25:GPU,Yes,22106.1,95.1,211.0
gemma-3-1b-it_tensorrt_llm_bls,GPU-daf97dbd-b56b-dab3-0b2c-c0bf8a309c92,1,1,gemma-3-1b-it_tensorrt_llm_bls_config_70,25:GPU,Yes,22106.1,92.0,203.6
gemma-3-1b-it_tensorrt_llm_bls,GPU-daf97dbd-b56b-dab3-0b2c-c0bf8a309c92,1,32,gemma-3-1b-it_tensorrt_llm_bls_config_70,25:GPU,No,22106.1,94.9,207.3
gemma-3-1b-it_tensorrt_llm_bls,GPU-daf97dbd-b56b-dab3-0b2c-c0bf8a309c92,1,64,gemma-3-1b-it_tensorrt_llm_bls_config_70,25:GPU,No,22106.1,94.9,207.8
gemma-3-1b-it_tensorrt_llm_bls,GPU-daf97dbd-b56b-dab3-0b2c-c0bf8a309c92,1,8,gemma-3-1b-it_tensorrt_llm_bls_config_136,50:GPU,Yes,22108.2,93.4,208.9
gemma-3-1b-it_tensorrt_llm_bls,GPU-daf97dbd-b56b-dab3-0b2c-c0bf8a309c92,1,4,gemma-3-1b-it_tensorrt_llm_bls_config_136,50:GPU,Yes,22108.2,95.2,232.8
gemma-3-1b-it_tensorrt_llm_bls,GPU-daf97dbd-b56b-dab3-0b2c-c0bf8a309c92,1,16,gemma-3-1b-it_tensorrt_llm_bls_config_136,50:GPU,Yes,22108.2,95.0,211.3
gemma-3-1b-it_tensorrt_llm_bls,GPU-daf97dbd-b56b-dab3-0b2c-c0bf8a309c92,1,2,gemma-3-1b-it_tensorrt_llm_bls_config_136,50:GPU,Yes,22108.2,95.2,213.3
gemma-3-1b-it_tensorrt_llm_bls,GPU-daf97dbd-b56b-dab3-0b2c-c0bf8a309c92,1,32,gemma-3-1b-it_tensorrt_llm_bls_config_136,50:GPU,Yes,22108.2,95.0,209.3
gemma-3-1b-it_tensorrt_llm_bls,GPU-daf97dbd-b56b-dab3-0b2c-c0bf8a309c92,1,1,gemma-3-1b-it_tensorrt_llm_bls_config_136,50:GPU,Yes,22108.2,92.2,204.9
gemma-3-1b-it_tensorrt_llm_bls,GPU-daf97dbd-b56b-dab3-0b2c-c0bf8a309c92,1,64,gemma-3-1b-it_tensorrt_llm_bls_config_136,50:GPU,No,22108.2,95.0,209.7
gemma-3-1b-it_tensorrt_llm_bls,GPU-daf97dbd-b56b-dab3-0b2c-c0bf8a309c92,1,8,gemma-3-1b-it_tensorrt_llm_bls_config_103,38:GPU,Yes,22108.2,95.1,208.7
gemma-3-1b-it_tensorrt_llm_bls,GPU-daf97dbd-b56b-dab3-0b2c-c0bf8a309c92,1,4,gemma-3-1b-it_tensorrt_llm_bls_config_103,38:GPU,Yes,22108.2,95.2,234.0
gemma-3-1b-it_tensorrt_llm_bls,GPU-daf97dbd-b56b-dab3-0b2c-c0bf8a309c92,1,16,gemma-3-1b-it_tensorrt_llm_bls_config_103,38:GPU,Yes,22108.2,95.1,208.8
gemma-3-1b-it_tensorrt_llm_bls,GPU-daf97dbd-b56b-dab3-0b2c-c0bf8a309c92,1,2,gemma-3-1b-it_tensorrt_llm_bls_config_103,38:GPU,Yes,22108.2,95.2,213.9
gemma-3-1b-it_tensorrt_llm_bls,GPU-daf97dbd-b56b-dab3-0b2c-c0bf8a309c92,1,32,gemma-3-1b-it_tensorrt_llm_bls_config_103,38:GPU,Yes,22108.2,92.2,206.1
gemma-3-1b-it_tensorrt_llm_bls,GPU-daf97dbd-b56b-dab3-0b2c-c0bf8a309c92,1,1,gemma-3-1b-it_tensorrt_llm_bls_config_103,38:GPU,Yes,22108.2,92.3,203.9
gemma-3-1b-it_tensorrt_llm_bls,GPU-daf97dbd-b56b-dab3-0b2c-c0bf8a309c92,1,64,gemma-3-1b-it_tensorrt_llm_bls_config_103,38:GPU,Yes,22108.2,95.1,209.7
gemma-3-1b-it_tensorrt_llm_bls,GPU-daf97dbd-b56b-dab3-0b2c-c0bf8a309c92,1,8,gemma-3-1b-it_tensorrt_llm_bls_config_123,46:GPU,Yes,22108.2,91.7,206.0
gemma-3-1b-it_tensorrt_llm_bls,GPU-daf97dbd-b56b-dab3-0b2c-c0bf8a309c92,1,4,gemma-3-1b-it_tensorrt_llm_bls_config_123,46:GPU,Yes,22108.2,92.5,232.7
gemma-3-1b-it_tensorrt_llm_bls,GPU-daf97dbd-b56b-dab3-0b2c-c0bf8a309c92,1,16,gemma-3-1b-it_tensorrt_llm_bls_config_123,46:GPU,Yes,22108.2,95.1,211.3
gemma-3-1b-it_tensorrt_llm_bls,GPU-daf97dbd-b56b-dab3-0b2c-c0bf8a309c92,1,2,gemma-3-1b-it_tensorrt_llm_bls_config_123,46:GPU,Yes,22108.2,95.3,213.2
gemma-3-1b-it_tensorrt_llm_bls,GPU-daf97dbd-b56b-dab3-0b2c-c0bf8a309c92,1,32,gemma-3-1b-it_tensorrt_llm_bls_config_123,46:GPU,Yes,22108.2,95.2,209.9
gemma-3-1b-it_tensorrt_llm_bls,GPU-daf97dbd-b56b-dab3-0b2c-c0bf8a309c92,1,1,gemma-3-1b-it_tensorrt_llm_bls_config_123,46:GPU,Yes,22108.2,95.0,211.0
gemma-3-1b-it_tensorrt_llm_bls,GPU-daf97dbd-b56b-dab3-0b2c-c0bf8a309c92,1,64,gemma-3-1b-it_tensorrt_llm_bls_config_123,46:GPU,Yes,22108.2,92.4,206.8
gemma-3-1b-it_tensorrt_llm_bls,GPU-daf97dbd-b56b-dab3-0b2c-c0bf8a309c92,1,8,gemma-3-1b-it_tensorrt_llm_bls_config_55,20:GPU,Yes,22106.1,92.3,205.7
gemma-3-1b-it_tensorrt_llm_bls,GPU-daf97dbd-b56b-dab3-0b2c-c0bf8a309c92,1,4,gemma-3-1b-it_tensorrt_llm_bls_config_55,20:GPU,Yes,22106.1,95.1,230.5
gemma-3-1b-it_tensorrt_llm_bls,GPU-daf97dbd-b56b-dab3-0b2c-c0bf8a309c92,1,16,gemma-3-1b-it_tensorrt_llm_bls_config_55,20:GPU,Yes,22106.1,92.3,205.1
gemma-3-1b-it_tensorrt_llm_bls,GPU-daf97dbd-b56b-dab3-0b2c-c0bf8a309c92,1,2,gemma-3-1b-it_tensorrt_llm_bls_config_55,20:GPU,Yes,22106.1,92.6,207.1
gemma-3-1b-it_tensorrt_llm_bls,GPU-daf97dbd-b56b-dab3-0b2c-c0bf8a309c92,1,32,gemma-3-1b-it_tensorrt_llm_bls_config_55,20:GPU,Yes,22106.1,94.9,208.2
gemma-3-1b-it_tensorrt_llm_bls,GPU-daf97dbd-b56b-dab3-0b2c-c0bf8a309c92,1,1,gemma-3-1b-it_tensorrt_llm_bls_config_55,20:GPU,Yes,22106.1,92.1,203.0
gemma-3-1b-it_tensorrt_llm_bls,GPU-daf97dbd-b56b-dab3-0b2c-c0bf8a309c92,1,64,gemma-3-1b-it_tensorrt_llm_bls_config_55,20:GPU,Yes,22106.1,94.7,209.1
gemma-3-1b-it_tensorrt_llm_bls,GPU-daf97dbd-b56b-dab3-0b2c-c0bf8a309c92,1,8,gemma-3-1b-it_tensorrt_llm_bls_config_51,18:GPU,Yes,22104.0,92.4,206.1
gemma-3-1b-it_tensorrt_llm_bls,GPU-daf97dbd-b56b-dab3-0b2c-c0bf8a309c92,1,4,gemma-3-1b-it_tensorrt_llm_bls_config_51,18:GPU,Yes,22104.0,92.7,230.3
gemma-3-1b-it_tensorrt_llm_bls,GPU-daf97dbd-b56b-dab3-0b2c-c0bf8a309c92,1,16,gemma-3-1b-it_tensorrt_llm_bls_config_51,18:GPU,Yes,22104.0,95.1,207.3
gemma-3-1b-it_tensorrt_llm_bls,GPU-daf97dbd-b56b-dab3-0b2c-c0bf8a309c92,1,2,gemma-3-1b-it_tensorrt_llm_bls_config_51,18:GPU,Yes,22104.0,95.2,210.9
gemma-3-1b-it_tensorrt_llm_bls,GPU-daf97dbd-b56b-dab3-0b2c-c0bf8a309c92,1,32,gemma-3-1b-it_tensorrt_llm_bls_config_51,18:GPU,Yes,22104.0,95.0,206.8
gemma-3-1b-it_tensorrt_llm_bls,GPU-daf97dbd-b56b-dab3-0b2c-c0bf8a309c92,1,1,gemma-3-1b-it_tensorrt_llm_bls_config_51,18:GPU,Yes,22104.0,92.2,203.8
gemma-3-1b-it_tensorrt_llm_bls,GPU-daf97dbd-b56b-dab3-0b2c-c0bf8a309c92,1,64,gemma-3-1b-it_tensorrt_llm_bls_config_51,18:GPU,Yes,22104.0,92.3,204.2
gemma-3-1b-it_tensorrt_llm_bls,GPU-daf97dbd-b56b-dab3-0b2c-c0bf8a309c92,1,8,gemma-3-1b-it_tensorrt_llm_bls_config_86,31:GPU,Yes,22106.1,94.8,208.0
gemma-3-1b-it_tensorrt_llm_bls,GPU-daf97dbd-b56b-dab3-0b2c-c0bf8a309c92,1,4,gemma-3-1b-it_tensorrt_llm_bls_config_86,31:GPU,Yes,22106.1,95.1,232.6
gemma-3-1b-it_tensorrt_llm_bls,GPU-daf97dbd-b56b-dab3-0b2c-c0bf8a309c92,1,16,gemma-3-1b-it_tensorrt_llm_bls_config_86,31:GPU,Yes,22106.1,92.0,205.5
gemma-3-1b-it_tensorrt_llm_bls,GPU-daf97dbd-b56b-dab3-0b2c-c0bf8a309c92,1,2,gemma-3-1b-it_tensorrt_llm_bls_config_86,31:GPU,Yes,22106.1,95.1,211.2
gemma-3-1b-it_tensorrt_llm_bls,GPU-daf97dbd-b56b-dab3-0b2c-c0bf8a309c92,1,32,gemma-3-1b-it_tensorrt_llm_bls_config_86,31:GPU,Yes,22106.1,94.9,207.5
gemma-3-1b-it_tensorrt_llm_bls,GPU-daf97dbd-b56b-dab3-0b2c-c0bf8a309c92,1,1,gemma-3-1b-it_tensorrt_llm_bls_config_86,31:GPU,Yes,22106.1,92.3,202.8
gemma-3-1b-it_tensorrt_llm_bls,GPU-daf97dbd-b56b-dab3-0b2c-c0bf8a309c92,1,64,gemma-3-1b-it_tensorrt_llm_bls_config_86,31:GPU,Yes,22106.1,92.2,204.7
gemma-3-1b-it_tensorrt_llm_bls,GPU-daf97dbd-b56b-dab3-0b2c-c0bf8a309c92,1,8,gemma-3-1b-it_tensorrt_llm_bls_config_152,56:GPU,Yes,22112.4,92.1,206.6
gemma-3-1b-it_tensorrt_llm_bls,GPU-daf97dbd-b56b-dab3-0b2c-c0bf8a309c92,1,4,gemma-3-1b-it_tensorrt_llm_bls_config_152,56:GPU,Yes,22112.4,92.5,233.1
gemma-3-1b-it_tensorrt_llm_bls,GPU-daf97dbd-b56b-dab3-0b2c-c0bf8a309c92,1,16,gemma-3-1b-it_tensorrt_llm_bls_config_152,56:GPU,Yes,22112.4,95.1,211.6
gemma-3-1b-it_tensorrt_llm_bls,GPU-daf97dbd-b56b-dab3-0b2c-c0bf8a309c92,1,2,gemma-3-1b-it_tensorrt_llm_bls_config_152,56:GPU,Yes,22112.4,95.1,214.8
gemma-3-1b-it_tensorrt_llm_bls,GPU-daf97dbd-b56b-dab3-0b2c-c0bf8a309c92,1,32,gemma-3-1b-it_tensorrt_llm_bls_config_152,56:GPU,Yes,22112.4,92.1,207.5
gemma-3-1b-it_tensorrt_llm_bls,GPU-daf97dbd-b56b-dab3-0b2c-c0bf8a309c92,1,1,gemma-3-1b-it_tensorrt_llm_bls_config_152,56:GPU,Yes,22112.4,92.3,207.2
gemma-3-1b-it_tensorrt_llm_bls,GPU-daf97dbd-b56b-dab3-0b2c-c0bf8a309c92,1,64,gemma-3-1b-it_tensorrt_llm_bls_config_152,56:GPU,Yes,22112.4,95.2,210.8
gemma-3-1b-it_tensorrt_llm_bls,GPU-daf97dbd-b56b-dab3-0b2c-c0bf8a309c92,1,8,gemma-3-1b-it_tensorrt_llm_bls_config_43,16:GPU,Yes,22104.0,95.1,207.2
gemma-3-1b-it_tensorrt_llm_bls,GPU-daf97dbd-b56b-dab3-0b2c-c0bf8a309c92,1,4,gemma-3-1b-it_tensorrt_llm_bls_config_43,16:GPU,Yes,22104.0,95.1,232.1
gemma-3-1b-it_tensorrt_llm_bls,GPU-daf97dbd-b56b-dab3-0b2c-c0bf8a309c92,1,16,gemma-3-1b-it_tensorrt_llm_bls_config_43,16:GPU,Yes,22104.0,94.9,206.1
gemma-3-1b-it_tensorrt_llm_bls,GPU-daf97dbd-b56b-dab3-0b2c-c0bf8a309c92,1,2,gemma-3-1b-it_tensorrt_llm_bls_config_43,16:GPU,Yes,22104.0,95.2,210.2
gemma-3-1b-it_tensorrt_llm_bls,GPU-daf97dbd-b56b-dab3-0b2c-c0bf8a309c92,1,32,gemma-3-1b-it_tensorrt_llm_bls_config_43,16:GPU,Yes,22104.0,94.9,207.8
gemma-3-1b-it_tensorrt_llm_bls,GPU-daf97dbd-b56b-dab3-0b2c-c0bf8a309c92,1,1,gemma-3-1b-it_tensorrt_llm_bls_config_43,16:GPU,Yes,22104.0,94.8,206.1
gemma-3-1b-it_tensorrt_llm_bls,GPU-daf97dbd-b56b-dab3-0b2c-c0bf8a309c92,1,64,gemma-3-1b-it_tensorrt_llm_bls_config_43,16:GPU,Yes,22104.0,94.9,207.5
gemma-3-1b-it_tensorrt_llm_bls,GPU-daf97dbd-b56b-dab3-0b2c-c0bf8a309c92,1,8,gemma-3-1b-it_tensorrt_llm_bls_config_147,53:GPU,Yes,22112.4,95.2,212.3
gemma-3-1b-it_tensorrt_llm_bls,GPU-daf97dbd-b56b-dab3-0b2c-c0bf8a309c92,1,4,gemma-3-1b-it_tensorrt_llm_bls_config_147,53:GPU,Yes,22112.4,92.6,234.1
gemma-3-1b-it_tensorrt_llm_bls,GPU-daf97dbd-b56b-dab3-0b2c-c0bf8a309c92,1,16,gemma-3-1b-it_tensorrt_llm_bls_config_147,53:GPU,Yes,22112.4,95.2,210.1
gemma-3-1b-it_tensorrt_llm_bls,GPU-daf97dbd-b56b-dab3-0b2c-c0bf8a309c92,1,2,gemma-3-1b-it_tensorrt_llm_bls_config_147,53:GPU,Yes,22112.4,95.2,212.7
gemma-3-1b-it_tensorrt_llm_bls,GPU-daf97dbd-b56b-dab3-0b2c-c0bf8a309c92,1,1,gemma-3-1b-it_tensorrt_llm_bls_config_147,53:GPU,Yes,22112.4,94.8,212.2
gemma-3-1b-it_tensorrt_llm_bls,GPU-daf97dbd-b56b-dab3-0b2c-c0bf8a309c92,1,32,gemma-3-1b-it_tensorrt_llm_bls_config_147,53:GPU,No,22112.4,92.5,207.2
gemma-3-1b-it_tensorrt_llm_bls,GPU-daf97dbd-b56b-dab3-0b2c-c0bf8a309c92,1,64,gemma-3-1b-it_tensorrt_llm_bls_config_147,53:GPU,No,22112.4,95.0,211.4
gemma-3-1b-it_tensorrt_llm_bls,GPU-daf97dbd-b56b-dab3-0b2c-c0bf8a309c92,1,8,gemma-3-1b-it_tensorrt_llm_bls_config_130,48:GPU,Yes,22108.2,94.8,210.4
gemma-3-1b-it_tensorrt_llm_bls,GPU-daf97dbd-b56b-dab3-0b2c-c0bf8a309c92,1,4,gemma-3-1b-it_tensorrt_llm_bls_config_130,48:GPU,Yes,22108.2,92.5,230.7
gemma-3-1b-it_tensorrt_llm_bls,GPU-daf97dbd-b56b-dab3-0b2c-c0bf8a309c92,1,16,gemma-3-1b-it_tensorrt_llm_bls_config_130,48:GPU,Yes,22108.2,92.0,207.9
gemma-3-1b-it_tensorrt_llm_bls,GPU-daf97dbd-b56b-dab3-0b2c-c0bf8a309c92,1,2,gemma-3-1b-it_tensorrt_llm_bls_config_130,48:GPU,Yes,22108.2,92.5,210.6
gemma-3-1b-it_tensorrt_llm_bls,GPU-daf97dbd-b56b-dab3-0b2c-c0bf8a309c92,1,32,gemma-3-1b-it_tensorrt_llm_bls_config_130,48:GPU,Yes,22108.2,94.6,209.3
gemma-3-1b-it_tensorrt_llm_bls,GPU-daf97dbd-b56b-dab3-0b2c-c0bf8a309c92,1,1,gemma-3-1b-it_tensorrt_llm_bls_config_130,48:GPU,Yes,22108.2,92.9,207.3
gemma-3-1b-it_tensorrt_llm_bls,GPU-daf97dbd-b56b-dab3-0b2c-c0bf8a309c92,1,64,gemma-3-1b-it_tensorrt_llm_bls_config_130,48:GPU,Yes,22108.2,95.0,211.3
gemma-3-1b-it_tensorrt_llm_bls,GPU-daf97dbd-b56b-dab3-0b2c-c0bf8a309c92,1,8,gemma-3-1b-it_tensorrt_llm_bls_config_41,15:GPU,Yes,22104.0,95.1,208.0
gemma-3-1b-it_tensorrt_llm_bls,GPU-daf97dbd-b56b-dab3-0b2c-c0bf8a309c92,1,4,gemma-3-1b-it_tensorrt_llm_bls_config_41,15:GPU,Yes,22104.0,95.1,232.2
gemma-3-1b-it_tensorrt_llm_bls,GPU-daf97dbd-b56b-dab3-0b2c-c0bf8a309c92,1,16,gemma-3-1b-it_tensorrt_llm_bls_config_41,15:GPU,Yes,22104.0,94.9,209.3
gemma-3-1b-it_tensorrt_llm_bls,GPU-daf97dbd-b56b-dab3-0b2c-c0bf8a309c92,1,2,gemma-3-1b-it_tensorrt_llm_bls_config_41,15:GPU,Yes,22104.0,95.2,211.2
gemma-3-1b-it_tensorrt_llm_bls,GPU-daf97dbd-b56b-dab3-0b2c-c0bf8a309c92,1,1,gemma-3-1b-it_tensorrt_llm_bls_config_41,15:GPU,Yes,22104.0,94.9,207.6
gemma-3-1b-it_tensorrt_llm_bls,GPU-daf97dbd-b56b-dab3-0b2c-c0bf8a309c92,1,32,gemma-3-1b-it_tensorrt_llm_bls_config_41,15:GPU,Yes,22104.0,94.9,208.8
gemma-3-1b-it_tensorrt_llm_bls,GPU-daf97dbd-b56b-dab3-0b2c-c0bf8a309c92,1,64,gemma-3-1b-it_tensorrt_llm_bls_config_41,15:GPU,No,22104.0,95.1,207.7
gemma-3-1b-it_tensorrt_llm_bls,GPU-daf97dbd-b56b-dab3-0b2c-c0bf8a309c92,1,8,gemma-3-1b-it_tensorrt_llm_bls_config_84,30:GPU,Yes,22106.1,95.2,208.9
gemma-3-1b-it_tensorrt_llm_bls,GPU-daf97dbd-b56b-dab3-0b2c-c0bf8a309c92,1,4,gemma-3-1b-it_tensorrt_llm_bls_config_84,30:GPU,Yes,22106.1,95.2,232.6
gemma-3-1b-it_tensorrt_llm_bls,GPU-daf97dbd-b56b-dab3-0b2c-c0bf8a309c92,1,2,gemma-3-1b-it_tensorrt_llm_bls_config_84,30:GPU,Yes,22106.1,92.6,208.8
gemma-3-1b-it_tensorrt_llm_bls,GPU-daf97dbd-b56b-dab3-0b2c-c0bf8a309c92,1,16,gemma-3-1b-it_tensorrt_llm_bls_config_84,30:GPU,Yes,22106.1,95.2,208.6
gemma-3-1b-it_tensorrt_llm_bls,GPU-daf97dbd-b56b-dab3-0b2c-c0bf8a309c92,1,1,gemma-3-1b-it_tensorrt_llm_bls_config_84,30:GPU,Yes,22106.1,92.3,203.8
gemma-3-1b-it_tensorrt_llm_bls,GPU-daf97dbd-b56b-dab3-0b2c-c0bf8a309c92,1,32,gemma-3-1b-it_tensorrt_llm_bls_config_84,30:GPU,Yes,22106.1,94.9,207.6
gemma-3-1b-it_tensorrt_llm_bls,GPU-daf97dbd-b56b-dab3-0b2c-c0bf8a309c92,1,64,gemma-3-1b-it_tensorrt_llm_bls_config_84,30:GPU,No,22106.1,92.6,205.4
gemma-3-1b-it_tensorrt_llm_bls,GPU-daf97dbd-b56b-dab3-0b2c-c0bf8a309c92,1,8,gemma-3-1b-it_tensorrt_llm_bls_config_96,35:GPU,Yes,22108.2,95.0,207.7
gemma-3-1b-it_tensorrt_llm_bls,GPU-daf97dbd-b56b-dab3-0b2c-c0bf8a309c92,1,4,gemma-3-1b-it_tensorrt_llm_bls_config_96,35:GPU,Yes,22108.2,95.1,232.6
gemma-3-1b-it_tensorrt_llm_bls,GPU-daf97dbd-b56b-dab3-0b2c-c0bf8a309c92,1,16,gemma-3-1b-it_tensorrt_llm_bls_config_96,35:GPU,Yes,22108.2,92.1,205.6
gemma-3-1b-it_tensorrt_llm_bls,GPU-daf97dbd-b56b-dab3-0b2c-c0bf8a309c92,1,2,gemma-3-1b-it_tensorrt_llm_bls_config_96,35:GPU,Yes,22108.2,94.9,211.8
gemma-3-1b-it_tensorrt_llm_bls,GPU-daf97dbd-b56b-dab3-0b2c-c0bf8a309c92,1,32,gemma-3-1b-it_tensorrt_llm_bls_config_96,35:GPU,Yes,22108.2,92.1,205.0
gemma-3-1b-it_tensorrt_llm_bls,GPU-daf97dbd-b56b-dab3-0b2c-c0bf8a309c92,1,1,gemma-3-1b-it_tensorrt_llm_bls_config_96,35:GPU,Yes,22108.2,92.5,202.1
gemma-3-1b-it_tensorrt_llm_bls,GPU-daf97dbd-b56b-dab3-0b2c-c0bf8a309c92,1,64,gemma-3-1b-it_tensorrt_llm_bls_config_96,35:GPU,Yes,22108.2,92.2,204.7
gemma-3-1b-it_tensorrt_llm_bls,GPU-daf97dbd-b56b-dab3-0b2c-c0bf8a309c92,1,8,gemma-3-1b-it_tensorrt_llm_bls_config_74,27:GPU,Yes,22106.1,94.8,206.6
gemma-3-1b-it_tensorrt_llm_bls,GPU-daf97dbd-b56b-dab3-0b2c-c0bf8a309c92,1,4,gemma-3-1b-it_tensorrt_llm_bls_config_74,27:GPU,Yes,22106.1,92.5,227.9
gemma-3-1b-it_tensorrt_llm_bls,GPU-daf97dbd-b56b-dab3-0b2c-c0bf8a309c92,1,16,gemma-3-1b-it_tensorrt_llm_bls_config_74,27:GPU,Yes,22106.1,92.4,205.1
gemma-3-1b-it_tensorrt_llm_bls,GPU-daf97dbd-b56b-dab3-0b2c-c0bf8a309c92,1,2,gemma-3-1b-it_tensorrt_llm_bls_config_74,27:GPU,Yes,22106.1,95.3,210.1
gemma-3-1b-it_tensorrt_llm_bls,GPU-daf97dbd-b56b-dab3-0b2c-c0bf8a309c92,1,32,gemma-3-1b-it_tensorrt_llm_bls_config_74,27:GPU,Yes,22106.1,95.0,208.3
gemma-3-1b-it_tensorrt_llm_bls,GPU-daf97dbd-b56b-dab3-0b2c-c0bf8a309c92,1,1,gemma-3-1b-it_tensorrt_llm_bls_config_74,27:GPU,Yes,22106.1,94.7,206.7
gemma-3-1b-it_tensorrt_llm_bls,GPU-daf97dbd-b56b-dab3-0b2c-c0bf8a309c92,1,64,gemma-3-1b-it_tensorrt_llm_bls_config_74,27:GPU,Yes,22106.1,94.9,208.0
gemma-3-1b-it_tensorrt_llm_bls,GPU-daf97dbd-b56b-dab3-0b2c-c0bf8a309c92,1,8,gemma-3-1b-it_tensorrt_llm_bls_config_83,30:GPU,Yes,22106.1,94.9,210.4
gemma-3-1b-it_tensorrt_llm_bls,GPU-daf97dbd-b56b-dab3-0b2c-c0bf8a309c92,1,4,gemma-3-1b-it_tensorrt_llm_bls_config_83,30:GPU,Yes,22106.1,92.4,228.4
gemma-3-1b-it_tensorrt_llm_bls,GPU-daf97dbd-b56b-dab3-0b2c-c0bf8a309c92,1,16,gemma-3-1b-it_tensorrt_llm_bls_config_83,30:GPU,Yes,22106.1,95.0,209.6
gemma-3-1b-it_tensorrt_llm_bls,GPU-daf97dbd-b56b-dab3-0b2c-c0bf8a309c92,1,2,gemma-3-1b-it_tensorrt_llm_bls_config_83,30:GPU,Yes,22106.1,95.1,210.4
gemma-3-1b-it_tensorrt_llm_bls,GPU-daf97dbd-b56b-dab3-0b2c-c0bf8a309c92,1,32,gemma-3-1b-it_tensorrt_llm_bls_config_83,30:GPU,Yes,22106.1,95.1,208.0
gemma-3-1b-it_tensorrt_llm_bls,GPU-daf97dbd-b56b-dab3-0b2c-c0bf8a309c92,1,1,gemma-3-1b-it_tensorrt_llm_bls_config_83,30:GPU,Yes,22106.1,94.7,206.5
gemma-3-1b-it_tensorrt_llm_bls,GPU-daf97dbd-b56b-dab3-0b2c-c0bf8a309c92,1,64,gemma-3-1b-it_tensorrt_llm_bls_config_83,30:GPU,Yes,22106.1,92.3,204.7
gemma-3-1b-it_tensorrt_llm_bls,GPU-daf97dbd-b56b-dab3-0b2c-c0bf8a309c92,1,8,gemma-3-1b-it_tensorrt_llm_bls_config_141,52:GPU,Yes,22112.4,95.1,210.5
gemma-3-1b-it_tensorrt_llm_bls,GPU-daf97dbd-b56b-dab3-0b2c-c0bf8a309c92,1,4,gemma-3-1b-it_tensorrt_llm_bls_config_141,52:GPU,Yes,22112.4,95.2,233.0
gemma-3-1b-it_tensorrt_llm_bls,GPU-daf97dbd-b56b-dab3-0b2c-c0bf8a309c92,1,16,gemma-3-1b-it_tensorrt_llm_bls_config_141,52:GPU,Yes,22112.4,94.8,209.5
gemma-3-1b-it_tensorrt_llm_bls,GPU-daf97dbd-b56b-dab3-0b2c-c0bf8a309c92,1,2,gemma-3-1b-it_tensorrt_llm_bls_config_141,52:GPU,Yes,22112.4,95.2,212.1
gemma-3-1b-it_tensorrt_llm_bls,GPU-daf97dbd-b56b-dab3-0b2c-c0bf8a309c92,1,32,gemma-3-1b-it_tensorrt_llm_bls_config_141,52:GPU,Yes,22112.4,95.1,209.9
gemma-3-1b-it_tensorrt_llm_bls,GPU-daf97dbd-b56b-dab3-0b2c-c0bf8a309c92,1,1,gemma-3-1b-it_tensorrt_llm_bls_config_141,52:GPU,Yes,22112.4,94.6,211.5
gemma-3-1b-it_tensorrt_llm_bls,GPU-daf97dbd-b56b-dab3-0b2c-c0bf8a309c92,1,64,gemma-3-1b-it_tensorrt_llm_bls_config_141,52:GPU,Yes,22112.4,94.9,211.1
gemma-3-1b-it_tensorrt_llm_bls,GPU-daf97dbd-b56b-dab3-0b2c-c0bf8a309c92,1,8,gemma-3-1b-it_tensorrt_llm_bls_config_68,25:GPU,Yes,22106.1,95.0,207.1
gemma-3-1b-it_tensorrt_llm_bls,GPU-daf97dbd-b56b-dab3-0b2c-c0bf8a309c92,1,4,gemma-3-1b-it_tensorrt_llm_bls_config_68,25:GPU,Yes,22106.1,92.4,227.9
gemma-3-1b-it_tensorrt_llm_bls,GPU-daf97dbd-b56b-dab3-0b2c-c0bf8a309c92,1,16,gemma-3-1b-it_tensorrt_llm_bls_config_68,25:GPU,Yes,22106.1,94.3,205.2
gemma-3-1b-it_tensorrt_llm_bls,GPU-daf97dbd-b56b-dab3-0b2c-c0bf8a309c92,1,2,gemma-3-1b-it_tensorrt_llm_bls_config_68,25:GPU,Yes,22106.1,95.1,210.6
gemma-3-1b-it_tensorrt_llm_bls,GPU-daf97dbd-b56b-dab3-0b2c-c0bf8a309c92,1,1,gemma-3-1b-it_tensorrt_llm_bls_config_68,25:GPU,Yes,22106.1,94.9,206.7
gemma-3-1b-it_tensorrt_llm_bls,GPU-daf97dbd-b56b-dab3-0b2c-c0bf8a309c92,1,32,gemma-3-1b-it_tensorrt_llm_bls_config_68,25:GPU,Yes,22106.1,92.2,205.4
gemma-3-1b-it_tensorrt_llm_bls,GPU-daf97dbd-b56b-dab3-0b2c-c0bf8a309c92,1,64,gemma-3-1b-it_tensorrt_llm_bls_config_68,25:GPU,Yes,22106.1,92.1,204.6
gemma-3-1b-it_tensorrt_llm_bls,GPU-daf97dbd-b56b-dab3-0b2c-c0bf8a309c92,1,8,gemma-3-1b-it_tensorrt_llm_bls_config_99,36:GPU,Yes,22108.2,92.3,205.1
gemma-3-1b-it_tensorrt_llm_bls,GPU-daf97dbd-b56b-dab3-0b2c-c0bf8a309c92,1,4,gemma-3-1b-it_tensorrt_llm_bls_config_99,36:GPU,Yes,22108.2,92.5,231.3
gemma-3-1b-it_tensorrt_llm_bls,GPU-daf97dbd-b56b-dab3-0b2c-c0bf8a309c92,1,16,gemma-3-1b-it_tensorrt_llm_bls_config_99,36:GPU,Yes,22108.2,94.9,210.4
gemma-3-1b-it_tensorrt_llm_bls,GPU-daf97dbd-b56b-dab3-0b2c-c0bf8a309c92,1,2,gemma-3-1b-it_tensorrt_llm_bls_config_99,36:GPU,Yes,22108.2,95.3,211.9
gemma-3-1b-it_tensorrt_llm_bls,GPU-daf97dbd-b56b-dab3-0b2c-c0bf8a309c92,1,32,gemma-3-1b-it_tensorrt_llm_bls_config_99,36:GPU,Yes,22108.2,95.0,209.0
gemma-3-1b-it_tensorrt_llm_bls,GPU-daf97dbd-b56b-dab3-0b2c-c0bf8a309c92,1,1,gemma-3-1b-it_tensorrt_llm_bls_config_99,36:GPU,Yes,22108.2,94.8,209.6
gemma-3-1b-it_tensorrt_llm_bls,GPU-daf97dbd-b56b-dab3-0b2c-c0bf8a309c92,1,64,gemma-3-1b-it_tensorrt_llm_bls_config_99,36:GPU,Yes,22108.2,94.8,207.6
gemma-3-1b-it_tensorrt_llm_bls,GPU-daf97dbd-b56b-dab3-0b2c-c0bf8a309c92,1,8,gemma-3-1b-it_tensorrt_llm_bls_config_45,16:GPU,Yes,22104.0,95.1,207.9
gemma-3-1b-it_tensorrt_llm_bls,GPU-daf97dbd-b56b-dab3-0b2c-c0bf8a309c92,1,4,gemma-3-1b-it_tensorrt_llm_bls_config_45,16:GPU,Yes,22104.0,95.1,231.8
gemma-3-1b-it_tensorrt_llm_bls,GPU-daf97dbd-b56b-dab3-0b2c-c0bf8a309c92,1,16,gemma-3-1b-it_tensorrt_llm_bls_config_45,16:GPU,Yes,22104.0,94.9,207.5
gemma-3-1b-it_tensorrt_llm_bls,GPU-daf97dbd-b56b-dab3-0b2c-c0bf8a309c92,1,2,gemma-3-1b-it_tensorrt_llm_bls_config_45,16:GPU,Yes,22104.0,95.1,210.6
gemma-3-1b-it_tensorrt_llm_bls,GPU-daf97dbd-b56b-dab3-0b2c-c0bf8a309c92,1,1,gemma-3-1b-it_tensorrt_llm_bls_config_45,16:GPU,Yes,22104.0,94.6,206.4
gemma-3-1b-it_tensorrt_llm_bls,GPU-daf97dbd-b56b-dab3-0b2c-c0bf8a309c92,1,32,gemma-3-1b-it_tensorrt_llm_bls_config_45,16:GPU,Yes,22104.0,94.9,208.6
gemma-3-1b-it_tensorrt_llm_bls,GPU-daf97dbd-b56b-dab3-0b2c-c0bf8a309c92,1,64,gemma-3-1b-it_tensorrt_llm_bls_config_45,16:GPU,No,22104.0,94.9,207.9
gemma-3-1b-it_tensorrt_llm_bls,GPU-daf97dbd-b56b-dab3-0b2c-c0bf8a309c92,1,8,gemma-3-1b-it_tensorrt_llm_bls_config_37,14:GPU,Yes,22104.0,95.0,208.6
gemma-3-1b-it_tensorrt_llm_bls,GPU-daf97dbd-b56b-dab3-0b2c-c0bf8a309c92,1,4,gemma-3-1b-it_tensorrt_llm_bls_config_37,14:GPU,Yes,22104.0,95.1,233.1
gemma-3-1b-it_tensorrt_llm_bls,GPU-daf97dbd-b56b-dab3-0b2c-c0bf8a309c92,1,16,gemma-3-1b-it_tensorrt_llm_bls_config_37,14:GPU,Yes,22104.0,92.2,204.0
gemma-3-1b-it_tensorrt_llm_bls,GPU-daf97dbd-b56b-dab3-0b2c-c0bf8a309c92,1,2,gemma-3-1b-it_tensorrt_llm_bls_config_37,14:GPU,Yes,22104.0,95.1,210.9
gemma-3-1b-it_tensorrt_llm_bls,GPU-daf97dbd-b56b-dab3-0b2c-c0bf8a309c92,1,32,gemma-3-1b-it_tensorrt_llm_bls_config_37,14:GPU,Yes,22104.0,95.0,208.4
gemma-3-1b-it_tensorrt_llm_bls,GPU-daf97dbd-b56b-dab3-0b2c-c0bf8a309c92,1,1,gemma-3-1b-it_tensorrt_llm_bls_config_37,14:GPU,Yes,22104.0,92.0,202.1
gemma-3-1b-it_tensorrt_llm_bls,GPU-daf97dbd-b56b-dab3-0b2c-c0bf8a309c92,1,64,gemma-3-1b-it_tensorrt_llm_bls_config_37,14:GPU,Yes,22104.0,94.9,209.0
gemma-3-1b-it_tensorrt_llm_bls,GPU-daf97dbd-b56b-dab3-0b2c-c0bf8a309c92,1,8,gemma-3-1b-it_tensorrt_llm_bls_config_63,23:GPU,Yes,22106.1,95.1,207.6
gemma-3-1b-it_tensorrt_llm_bls,GPU-daf97dbd-b56b-dab3-0b2c-c0bf8a309c92,1,4,gemma-3-1b-it_tensorrt_llm_bls_config_63,23:GPU,Yes,22106.1,95.2,232.1
gemma-3-1b-it_tensorrt_llm_bls,GPU-daf97dbd-b56b-dab3-0b2c-c0bf8a309c92,1,16,gemma-3-1b-it_tensorrt_llm_bls_config_63,23:GPU,Yes,22106.1,95.2,208.3
gemma-3-1b-it_tensorrt_llm_bls,GPU-daf97dbd-b56b-dab3-0b2c-c0bf8a309c92,1,2,gemma-3-1b-it_tensorrt_llm_bls_config_63,23:GPU,Yes,22106.1,95.2,211.7
gemma-3-1b-it_tensorrt_llm_bls,GPU-daf97dbd-b56b-dab3-0b2c-c0bf8a309c92,1,32,gemma-3-1b-it_tensorrt_llm_bls_config_63,23:GPU,Yes,22106.1,95.0,208.5
gemma-3-1b-it_tensorrt_llm_bls,GPU-daf97dbd-b56b-dab3-0b2c-c0bf8a309c92,1,1,gemma-3-1b-it_tensorrt_llm_bls_config_63,23:GPU,Yes,22106.1,95.0,207.0
gemma-3-1b-it_tensorrt_llm_bls,GPU-daf97dbd-b56b-dab3-0b2c-c0bf8a309c92,1,64,gemma-3-1b-it_tensorrt_llm_bls_config_63,23:GPU,Yes,22106.1,95.0,207.0
gemma-3-1b-it_tensorrt_llm_bls,GPU-daf97dbd-b56b-dab3-0b2c-c0bf8a309c92,1,8,gemma-3-1b-it_tensorrt_llm_bls_config_129,47:GPU,Yes,22108.2,94.8,209.8
gemma-3-1b-it_tensorrt_llm_bls,GPU-daf97dbd-b56b-dab3-0b2c-c0bf8a309c92,1,4,gemma-3-1b-it_tensorrt_llm_bls_config_129,47:GPU,Yes,22108.2,95.1,234.4
gemma-3-1b-it_tensorrt_llm_bls,GPU-daf97dbd-b56b-dab3-0b2c-c0bf8a309c92,1,2,gemma-3-1b-it_tensorrt_llm_bls_config_129,47:GPU,Yes,22108.2,92.5,210.0
gemma-3-1b-it_tensorrt_llm_bls,GPU-daf97dbd-b56b-dab3-0b2c-c0bf8a309c92,1,16,gemma-3-1b-it_tensorrt_llm_bls_config_129,47:GPU,Yes,22108.2,92.0,207.2
gemma-3-1b-it_tensorrt_llm_bls,GPU-daf97dbd-b56b-dab3-0b2c-c0bf8a309c92,1,1,gemma-3-1b-it_tensorrt_llm_bls_config_129,47:GPU,Yes,22108.2,93.6,207.4
gemma-3-1b-it_tensorrt_llm_bls,GPU-daf97dbd-b56b-dab3-0b2c-c0bf8a309c92,1,32,gemma-3-1b-it_tensorrt_llm_bls_config_129,47:GPU,No,22108.2,92.2,207.2
gemma-3-1b-it_tensorrt_llm_bls,GPU-daf97dbd-b56b-dab3-0b2c-c0bf8a309c92,1,64,gemma-3-1b-it_tensorrt_llm_bls_config_129,47:GPU,No,22108.2,95.0,210.5
gemma-3-1b-it_tensorrt_llm_bls,GPU-daf97dbd-b56b-dab3-0b2c-c0bf8a309c92,1,8,gemma-3-1b-it_tensorrt_llm_bls_config_101,37:GPU,Yes,22108.2,95.1,209.5
gemma-3-1b-it_tensorrt_llm_bls,GPU-daf97dbd-b56b-dab3-0b2c-c0bf8a309c92,1,4,gemma-3-1b-it_tensorrt_llm_bls_config_101,37:GPU,Yes,22108.2,95.2,233.1
gemma-3-1b-it_tensorrt_llm_bls,GPU-daf97dbd-b56b-dab3-0b2c-c0bf8a309c92,1,16,gemma-3-1b-it_tensorrt_llm_bls_config_101,37:GPU,Yes,22108.2,94.8,208.7
gemma-3-1b-it_tensorrt_llm_bls,GPU-daf97dbd-b56b-dab3-0b2c-c0bf8a309c92,1,2,gemma-3-1b-it_tensorrt_llm_bls_config_101,37:GPU,Yes,22108.2,92.4,209.7
gemma-3-1b-it_tensorrt_llm_bls,GPU-daf97dbd-b56b-dab3-0b2c-c0bf8a309c92,1,32,gemma-3-1b-it_tensorrt_llm_bls_config_101,37:GPU,Yes,22108.2,92.1,205.8
gemma-3-1b-it_tensorrt_llm_bls,GPU-daf97dbd-b56b-dab3-0b2c-c0bf8a309c92,1,1,gemma-3-1b-it_tensorrt_llm_bls_config_101,37:GPU,Yes,22108.2,93.0,206.6
gemma-3-1b-it_tensorrt_llm_bls,GPU-daf97dbd-b56b-dab3-0b2c-c0bf8a309c92,1,64,gemma-3-1b-it_tensorrt_llm_bls_config_101,37:GPU,Yes,22108.2,92.0,205.5
gemma-3-1b-it_tensorrt_llm_bls,GPU-daf97dbd-b56b-dab3-0b2c-c0bf8a309c92,1,8,gemma-3-1b-it_tensorrt_llm_bls_config_148,54:GPU,Yes,22112.4,92.3,207.6
gemma-3-1b-it_tensorrt_llm_bls,GPU-daf97dbd-b56b-dab3-0b2c-c0bf8a309c92,1,4,gemma-3-1b-it_tensorrt_llm_bls_config_148,54:GPU,Yes,22112.4,95.2,234.5
gemma-3-1b-it_tensorrt_llm_bls,GPU-daf97dbd-b56b-dab3-0b2c-c0bf8a309c92,1,16,gemma-3-1b-it_tensorrt_llm_bls_config_148,54:GPU,Yes,22112.4,92.2,207.5
gemma-3-1b-it_tensorrt_llm_bls,GPU-daf97dbd-b56b-dab3-0b2c-c0bf8a309c92,1,2,gemma-3-1b-it_tensorrt_llm_bls_config_148,54:GPU,Yes,22112.4,92.4,210.2
gemma-3-1b-it_tensorrt_llm_bls,GPU-daf97dbd-b56b-dab3-0b2c-c0bf8a309c92,1,32,gemma-3-1b-it_tensorrt_llm_bls_config_148,54:GPU,Yes,22112.4,95.0,211.1
gemma-3-1b-it_tensorrt_llm_bls,GPU-daf97dbd-b56b-dab3-0b2c-c0bf8a309c92,1,1,gemma-3-1b-it_tensorrt_llm_bls_config_148,54:GPU,Yes,22112.4,92.0,207.8
gemma-3-1b-it_tensorrt_llm_bls,GPU-daf97dbd-b56b-dab3-0b2c-c0bf8a309c92,1,64,gemma-3-1b-it_tensorrt_llm_bls_config_148,54:GPU,Yes,22112.4,92.0,209.3
gemma-3-1b-it_tensorrt_llm_bls,GPU-daf97dbd-b56b-dab3-0b2c-c0bf8a309c92,1,8,gemma-3-1b-it_tensorrt_llm_bls_config_144,53:GPU,Yes,22112.4,94.7,208.8
gemma-3-1b-it_tensorrt_llm_bls,GPU-daf97dbd-b56b-dab3-0b2c-c0bf8a309c92,1,4,gemma-3-1b-it_tensorrt_llm_bls_config_144,53:GPU,Yes,22112.4,95.1,234.5
gemma-3-1b-it_tensorrt_llm_bls,GPU-daf97dbd-b56b-dab3-0b2c-c0bf8a309c92,1,16,gemma-3-1b-it_tensorrt_llm_bls_config_144,53:GPU,Yes,22112.4,94.9,209.0
gemma-3-1b-it_tensorrt_llm_bls,GPU-daf97dbd-b56b-dab3-0b2c-c0bf8a309c92,1,2,gemma-3-1b-it_tensorrt_llm_bls_config_144,53:GPU,Yes,22112.4,95.2,211.9
gemma-3-1b-it_tensorrt_llm_bls,GPU-daf97dbd-b56b-dab3-0b2c-c0bf8a309c92,1,32,gemma-3-1b-it_tensorrt_llm_bls_config_144,53:GPU,Yes,22112.4,95.2,210.5
gemma-3-1b-it_tensorrt_llm_bls,GPU-daf97dbd-b56b-dab3-0b2c-c0bf8a309c92,1,1,gemma-3-1b-it_tensorrt_llm_bls_config_144,53:GPU,Yes,22112.4,92.2,208.9
gemma-3-1b-it_tensorrt_llm_bls,GPU-daf97dbd-b56b-dab3-0b2c-c0bf8a309c92,1,64,gemma-3-1b-it_tensorrt_llm_bls_config_144,53:GPU,Yes,22112.4,93.9,208.7
gemma-3-1b-it_tensorrt_llm_bls,GPU-daf97dbd-b56b-dab3-0b2c-c0bf8a309c92,1,8,gemma-3-1b-it_tensorrt_llm_bls_config_137,50:GPU,Yes,22108.2,95.0,210.2
gemma-3-1b-it_tensorrt_llm_bls,GPU-daf97dbd-b56b-dab3-0b2c-c0bf8a309c92,1,4,gemma-3-1b-it_tensorrt_llm_bls_config_137,50:GPU,Yes,22108.2,95.2,233.1
gemma-3-1b-it_tensorrt_llm_bls,GPU-daf97dbd-b56b-dab3-0b2c-c0bf8a309c92,1,16,gemma-3-1b-it_tensorrt_llm_bls_config_137,50:GPU,Yes,22108.2,94.8,209.2
gemma-3-1b-it_tensorrt_llm_bls,GPU-daf97dbd-b56b-dab3-0b2c-c0bf8a309c92,1,2,gemma-3-1b-it_tensorrt_llm_bls_config_137,50:GPU,Yes,22108.2,92.6,210.5
gemma-3-1b-it_tensorrt_llm_bls,GPU-daf97dbd-b56b-dab3-0b2c-c0bf8a309c92,1,1,gemma-3-1b-it_tensorrt_llm_bls_config_137,50:GPU,Yes,22108.2,94.8,208.8
gemma-3-1b-it_tensorrt_llm_bls,GPU-daf97dbd-b56b-dab3-0b2c-c0bf8a309c92,1,32,gemma-3-1b-it_tensorrt_llm_bls_config_137,50:GPU,Yes,22108.2,94.9,209.4
gemma-3-1b-it_tensorrt_llm_bls,GPU-daf97dbd-b56b-dab3-0b2c-c0bf8a309c92,1,64,gemma-3-1b-it_tensorrt_llm_bls_config_137,50:GPU,No,22108.2,94.9,210.9
gemma-3-1b-it_tensorrt_llm_bls,GPU-daf97dbd-b56b-dab3-0b2c-c0bf8a309c92,1,8,gemma-3-1b-it_tensorrt_llm_bls_config_113,42:GPU,Yes,22108.2,92.3,208.0
gemma-3-1b-it_tensorrt_llm_bls,GPU-daf97dbd-b56b-dab3-0b2c-c0bf8a309c92,1,4,gemma-3-1b-it_tensorrt_llm_bls_config_113,42:GPU,Yes,22108.2,95.1,233.6
gemma-3-1b-it_tensorrt_llm_bls,GPU-daf97dbd-b56b-dab3-0b2c-c0bf8a309c92,1,16,gemma-3-1b-it_tensorrt_llm_bls_config_113,42:GPU,Yes,22108.2,92.0,207.1
gemma-3-1b-it_tensorrt_llm_bls,GPU-daf97dbd-b56b-dab3-0b2c-c0bf8a309c92,1,2,gemma-3-1b-it_tensorrt_llm_bls_config_113,42:GPU,Yes,22108.2,95.2,213.1
gemma-3-1b-it_tensorrt_llm_bls,GPU-daf97dbd-b56b-dab3-0b2c-c0bf8a309c92,1,32,gemma-3-1b-it_tensorrt_llm_bls_config_113,42:GPU,Yes,22108.2,94.9,211.1
gemma-3-1b-it_tensorrt_llm_bls,GPU-daf97dbd-b56b-dab3-0b2c-c0bf8a309c92,1,1,gemma-3-1b-it_tensorrt_llm_bls_config_113,42:GPU,Yes,22108.2,94.8,208.8
gemma-3-1b-it_tensorrt_llm_bls,GPU-daf97dbd-b56b-dab3-0b2c-c0bf8a309c92,1,64,gemma-3-1b-it_tensorrt_llm_bls_config_113,42:GPU,Yes,22108.2,95.0,209.8
gemma-3-1b-it_tensorrt_llm_bls,GPU-daf97dbd-b56b-dab3-0b2c-c0bf8a309c92,1,8,gemma-3-1b-it_tensorrt_llm_bls_config_108,40:GPU,Yes,22108.2,92.2,206.7
gemma-3-1b-it_tensorrt_llm_bls,GPU-daf97dbd-b56b-dab3-0b2c-c0bf8a309c92,1,4,gemma-3-1b-it_tensorrt_llm_bls_config_108,40:GPU,Yes,22108.2,95.2,232.1
gemma-3-1b-it_tensorrt_llm_bls,GPU-daf97dbd-b56b-dab3-0b2c-c0bf8a309c92,1,16,gemma-3-1b-it_tensorrt_llm_bls_config_108,40:GPU,Yes,22108.2,92.1,206.1
gemma-3-1b-it_tensorrt_llm_bls,GPU-daf97dbd-b56b-dab3-0b2c-c0bf8a309c92,1,2,gemma-3-1b-it_tensorrt_llm_bls_config_108,40:GPU,Yes,22108.2,95.1,211.6
gemma-3-1b-it_tensorrt_llm_bls,GPU-daf97dbd-b56b-dab3-0b2c-c0bf8a309c92,1,32,gemma-3-1b-it_tensorrt_llm_bls_config_108,40:GPU,Yes,22108.2,95.0,209.5
gemma-3-1b-it_tensorrt_llm_bls,GPU-daf97dbd-b56b-dab3-0b2c-c0bf8a309c92,1,1,gemma-3-1b-it_tensorrt_llm_bls_config_108,40:GPU,Yes,22108.2,94.7,208.8
gemma-3-1b-it_tensorrt_llm_bls,GPU-daf97dbd-b56b-dab3-0b2c-c0bf8a309c92,1,64,gemma-3-1b-it_tensorrt_llm_bls_config_108,40:GPU,Yes,22108.2,95.0,208.1
gemma-3-1b-it_tensorrt_llm_bls,GPU-daf97dbd-b56b-dab3-0b2c-c0bf8a309c92,1,8,gemma-3-1b-it_tensorrt_llm_bls_config_121,45:GPU,Yes,22108.2,95.0,209.3
gemma-3-1b-it_tensorrt_llm_bls,GPU-daf97dbd-b56b-dab3-0b2c-c0bf8a309c92,1,4,gemma-3-1b-it_tensorrt_llm_bls_config_121,45:GPU,Yes,22108.2,95.0,234.0
gemma-3-1b-it_tensorrt_llm_bls,GPU-daf97dbd-b56b-dab3-0b2c-c0bf8a309c92,1,2,gemma-3-1b-it_tensorrt_llm_bls_config_121,45:GPU,Yes,22108.2,92.4,209.9
gemma-3-1b-it_tensorrt_llm_bls,GPU-daf97dbd-b56b-dab3-0b2c-c0bf8a309c92,1,16,gemma-3-1b-it_tensorrt_llm_bls_config_121,45:GPU,Yes,22108.2,95.0,209.4
gemma-3-1b-it_tensorrt_llm_bls,GPU-daf97dbd-b56b-dab3-0b2c-c0bf8a309c92,1,32,gemma-3-1b-it_tensorrt_llm_bls_config_121,45:GPU,Yes,22108.2,92.2,206.6
gemma-3-1b-it_tensorrt_llm_bls,GPU-daf97dbd-b56b-dab3-0b2c-c0bf8a309c92,1,1,gemma-3-1b-it_tensorrt_llm_bls_config_121,45:GPU,Yes,22108.2,92.3,206.2
gemma-3-1b-it_tensorrt_llm_bls,GPU-daf97dbd-b56b-dab3-0b2c-c0bf8a309c92,1,64,gemma-3-1b-it_tensorrt_llm_bls_config_121,45:GPU,No,22108.2,95.0,210.0
gemma-3-1b-it_tensorrt_llm_bls,GPU-daf97dbd-b56b-dab3-0b2c-c0bf8a309c92,1,8,gemma-3-1b-it_tensorrt_llm_bls_config_145,53:GPU,Yes,22112.4,92.2,207.5
gemma-3-1b-it_tensorrt_llm_bls,GPU-daf97dbd-b56b-dab3-0b2c-c0bf8a309c92,1,4,gemma-3-1b-it_tensorrt_llm_bls_config_145,53:GPU,Yes,22112.4,95.2,234.0
gemma-3-1b-it_tensorrt_llm_bls,GPU-daf97dbd-b56b-dab3-0b2c-c0bf8a309c92,1,16,gemma-3-1b-it_tensorrt_llm_bls_config_145,53:GPU,Yes,22112.4,91.9,207.0
gemma-3-1b-it_tensorrt_llm_bls,GPU-daf97dbd-b56b-dab3-0b2c-c0bf8a309c92,1,2,gemma-3-1b-it_tensorrt_llm_bls_config_145,53:GPU,Yes,22112.4,92.5,209.8
gemma-3-1b-it_tensorrt_llm_bls,GPU-daf97dbd-b56b-dab3-0b2c-c0bf8a309c92,1,1,gemma-3-1b-it_tensorrt_llm_bls_config_145,53:GPU,Yes,22112.4,94.8,209.9
gemma-3-1b-it_tensorrt_llm_bls,GPU-daf97dbd-b56b-dab3-0b2c-c0bf8a309c92,1,32,gemma-3-1b-it_tensorrt_llm_bls_config_145,53:GPU,Yes,22112.4,94.8,210.2
gemma-3-1b-it_tensorrt_llm_bls,GPU-daf97dbd-b56b-dab3-0b2c-c0bf8a309c92,1,64,gemma-3-1b-it_tensorrt_llm_bls_config_145,53:GPU,No,22112.4,92.2,209.1
gemma-3-1b-it_tensorrt_llm_bls,GPU-daf97dbd-b56b-dab3-0b2c-c0bf8a309c92,1,8,gemma-3-1b-it_tensorrt_llm_bls_config_131,48:GPU,Yes,22108.2,92.2,207.2
gemma-3-1b-it_tensorrt_llm_bls,GPU-daf97dbd-b56b-dab3-0b2c-c0bf8a309c92,1,4,gemma-3-1b-it_tensorrt_llm_bls_config_131,48:GPU,Yes,22108.2,95.1,233.5
gemma-3-1b-it_tensorrt_llm_bls,GPU-daf97dbd-b56b-dab3-0b2c-c0bf8a309c92,1,2,gemma-3-1b-it_tensorrt_llm_bls_config_131,48:GPU,Yes,22108.2,95.1,214.3
gemma-3-1b-it_tensorrt_llm_bls,GPU-daf97dbd-b56b-dab3-0b2c-c0bf8a309c92,1,16,gemma-3-1b-it_tensorrt_llm_bls_config_131,48:GPU,Yes,22108.2,95.1,211.4
gemma-3-1b-it_tensorrt_llm_bls,GPU-daf97dbd-b56b-dab3-0b2c-c0bf8a309c92,1,32,gemma-3-1b-it_tensorrt_llm_bls_config_131,48:GPU,Yes,22108.2,95.3,210.1
gemma-3-1b-it_tensorrt_llm_bls,GPU-daf97dbd-b56b-dab3-0b2c-c0bf8a309c92,1,1,gemma-3-1b-it_tensorrt_llm_bls_config_131,48:GPU,Yes,22108.2,94.9,209.4
gemma-3-1b-it_tensorrt_llm_bls,GPU-daf97dbd-b56b-dab3-0b2c-c0bf8a309c92,1,64,gemma-3-1b-it_tensorrt_llm_bls_config_131,48:GPU,No,22108.2,92.4,206.7
gemma-3-1b-it_tensorrt_llm_bls,GPU-daf97dbd-b56b-dab3-0b2c-c0bf8a309c92,1,8,gemma-3-1b-it_tensorrt_llm_bls_config_32,12:GPU,Yes,22104.0,91.0,203.1
gemma-3-1b-it_tensorrt_llm_bls,GPU-daf97dbd-b56b-dab3-0b2c-c0bf8a309c92,1,4,gemma-3-1b-it_tensorrt_llm_bls_config_32,12:GPU,Yes,22104.0,92.3,227.7
gemma-3-1b-it_tensorrt_llm_bls,GPU-daf97dbd-b56b-dab3-0b2c-c0bf8a309c92,1,16,gemma-3-1b-it_tensorrt_llm_bls_config_32,12:GPU,Yes,22104.0,92.1,205.5
gemma-3-1b-it_tensorrt_llm_bls,GPU-daf97dbd-b56b-dab3-0b2c-c0bf8a309c92,1,2,gemma-3-1b-it_tensorrt_llm_bls_config_32,12:GPU,Yes,22104.0,92.4,207.1
gemma-3-1b-it_tensorrt_llm_bls,GPU-daf97dbd-b56b-dab3-0b2c-c0bf8a309c92,1,32,gemma-3-1b-it_tensorrt_llm_bls_config_32,12:GPU,Yes,22104.0,92.4,204.4
gemma-3-1b-it_tensorrt_llm_bls,GPU-daf97dbd-b56b-dab3-0b2c-c0bf8a309c92,1,1,gemma-3-1b-it_tensorrt_llm_bls_config_32,12:GPU,Yes,22104.0,92.2,202.8
gemma-3-1b-it_tensorrt_llm_bls,GPU-daf97dbd-b56b-dab3-0b2c-c0bf8a309c92,1,64,gemma-3-1b-it_tensorrt_llm_bls_config_32,12:GPU,Yes,22104.0,92.2,204.5
gemma-3-1b-it_tensorrt_llm_bls,GPU-daf97dbd-b56b-dab3-0b2c-c0bf8a309c92,1,8,gemma-3-1b-it_tensorrt_llm_bls_config_115,43:GPU,Yes,22108.2,94.9,210.5
gemma-3-1b-it_tensorrt_llm_bls,GPU-daf97dbd-b56b-dab3-0b2c-c0bf8a309c92,1,4,gemma-3-1b-it_tensorrt_llm_bls_config_115,43:GPU,Yes,22108.2,95.1,230.7
gemma-3-1b-it_tensorrt_llm_bls,GPU-daf97dbd-b56b-dab3-0b2c-c0bf8a309c92,1,16,gemma-3-1b-it_tensorrt_llm_bls_config_115,43:GPU,Yes,22108.2,95.0,209.9
gemma-3-1b-it_tensorrt_llm_bls,GPU-daf97dbd-b56b-dab3-0b2c-c0bf8a309c92,1,2,gemma-3-1b-it_tensorrt_llm_bls_config_115,43:GPU,Yes,22108.2,92.5,210.9
gemma-3-1b-it_tensorrt_llm_bls,GPU-daf97dbd-b56b-dab3-0b2c-c0bf8a309c92,1,32,gemma-3-1b-it_tensorrt_llm_bls_config_115,43:GPU,Yes,22108.2,94.9,210.4
gemma-3-1b-it_tensorrt_llm_bls,GPU-daf97dbd-b56b-dab3-0b2c-c0bf8a309c92,1,1,gemma-3-1b-it_tensorrt_llm_bls_config_115,43:GPU,Yes,22108.2,94.8,208.0
gemma-3-1b-it_tensorrt_llm_bls,GPU-daf97dbd-b56b-dab3-0b2c-c0bf8a309c92,1,64,gemma-3-1b-it_tensorrt_llm_bls_config_115,43:GPU,Yes,22108.2,92.2,207.3
gemma-3-1b-it_tensorrt_llm_bls,GPU-daf97dbd-b56b-dab3-0b2c-c0bf8a309c92,1,8,gemma-3-1b-it_tensorrt_llm_bls_config_81,29:GPU,Yes,22106.1,94.8,207.9
gemma-3-1b-it_tensorrt_llm_bls,GPU-daf97dbd-b56b-dab3-0b2c-c0bf8a309c92,1,4,gemma-3-1b-it_tensorrt_llm_bls_config_81,29:GPU,Yes,22106.1,92.5,228.2
gemma-3-1b-it_tensorrt_llm_bls,GPU-daf97dbd-b56b-dab3-0b2c-c0bf8a309c92,1,16,gemma-3-1b-it_tensorrt_llm_bls_config_81,29:GPU,Yes,22106.1,94.9,209.8
gemma-3-1b-it_tensorrt_llm_bls,GPU-daf97dbd-b56b-dab3-0b2c-c0bf8a309c92,1,2,gemma-3-1b-it_tensorrt_llm_bls_config_81,29:GPU,Yes,22106.1,95.2,210.4
gemma-3-1b-it_tensorrt_llm_bls,GPU-daf97dbd-b56b-dab3-0b2c-c0bf8a309c92,1,32,gemma-3-1b-it_tensorrt_llm_bls_config_81,29:GPU,Yes,22106.1,95.0,208.1
gemma-3-1b-it_tensorrt_llm_bls,GPU-daf97dbd-b56b-dab3-0b2c-c0bf8a309c92,1,1,gemma-3-1b-it_tensorrt_llm_bls_config_81,29:GPU,Yes,22106.1,92.3,203.1
gemma-3-1b-it_tensorrt_llm_bls,GPU-daf97dbd-b56b-dab3-0b2c-c0bf8a309c92,1,64,gemma-3-1b-it_tensorrt_llm_bls_config_81,29:GPU,Yes,22106.1,95.0,207.2
gemma-3-1b-it_tensorrt_llm_bls,GPU-daf97dbd-b56b-dab3-0b2c-c0bf8a309c92,1,8,gemma-3-1b-it_tensorrt_llm_bls_config_133,49:GPU,Yes,22108.2,92.4,207.9
gemma-3-1b-it_tensorrt_llm_bls,GPU-daf97dbd-b56b-dab3-0b2c-c0bf8a309c92,1,4,gemma-3-1b-it_tensorrt_llm_bls_config_133,49:GPU,Yes,22108.2,95.1,234.2
gemma-3-1b-it_tensorrt_llm_bls,GPU-daf97dbd-b56b-dab3-0b2c-c0bf8a309c92,1,16,gemma-3-1b-it_tensorrt_llm_bls_config_133,49:GPU,Yes,22108.2,94.9,210.0
gemma-3-1b-it_tensorrt_llm_bls,GPU-daf97dbd-b56b-dab3-0b2c-c0bf8a309c92,1,2,gemma-3-1b-it_tensorrt_llm_bls_config_133,49:GPU,Yes,22108.2,95.2,212.4
gemma-3-1b-it_tensorrt_llm_bls,GPU-daf97dbd-b56b-dab3-0b2c-c0bf8a309c92,1,32,gemma-3-1b-it_tensorrt_llm_bls_config_133,49:GPU,Yes,22108.2,95.1,211.0
gemma-3-1b-it_tensorrt_llm_bls,GPU-daf97dbd-b56b-dab3-0b2c-c0bf8a309c92,1,1,gemma-3-1b-it_tensorrt_llm_bls_config_133,49:GPU,Yes,22108.2,92.1,204.3
gemma-3-1b-it_tensorrt_llm_bls,GPU-daf97dbd-b56b-dab3-0b2c-c0bf8a309c92,1,64,gemma-3-1b-it_tensorrt_llm_bls_config_133,49:GPU,Yes,22108.2,93.3,209.2
gemma-3-1b-it_tensorrt_llm_bls,GPU-daf97dbd-b56b-dab3-0b2c-c0bf8a309c92,1,8,gemma-3-1b-it_tensorrt_llm_bls_config_111,41:GPU,Yes,22108.2,92.3,206.4
gemma-3-1b-it_tensorrt_llm_bls,GPU-daf97dbd-b56b-dab3-0b2c-c0bf8a309c92,1,4,gemma-3-1b-it_tensorrt_llm_bls_config_111,41:GPU,Yes,22108.2,95.2,232.6
gemma-3-1b-it_tensorrt_llm_bls,GPU-daf97dbd-b56b-dab3-0b2c-c0bf8a309c92,1,16,gemma-3-1b-it_tensorrt_llm_bls_config_111,41:GPU,Yes,22108.2,92.1,206.0
gemma-3-1b-it_tensorrt_llm_bls,GPU-daf97dbd-b56b-dab3-0b2c-c0bf8a309c92,1,2,gemma-3-1b-it_tensorrt_llm_bls_config_111,41:GPU,Yes,22108.2,95.1,212.5
gemma-3-1b-it_tensorrt_llm_bls,GPU-daf97dbd-b56b-dab3-0b2c-c0bf8a309c92,1,32,gemma-3-1b-it_tensorrt_llm_bls_config_111,41:GPU,Yes,22108.2,95.0,210.0
gemma-3-1b-it_tensorrt_llm_bls,GPU-daf97dbd-b56b-dab3-0b2c-c0bf8a309c92,1,1,gemma-3-1b-it_tensorrt_llm_bls_config_111,41:GPU,Yes,22108.2,92.1,203.4
gemma-3-1b-it_tensorrt_llm_bls,GPU-daf97dbd-b56b-dab3-0b2c-c0bf8a309c92,1,64,gemma-3-1b-it_tensorrt_llm_bls_config_111,41:GPU,Yes,22108.2,94.7,208.3
gemma-3-1b-it_tensorrt_llm_bls,GPU-daf97dbd-b56b-dab3-0b2c-c0bf8a309c92,1,8,gemma-3-1b-it_tensorrt_llm_bls_config_58,21:GPU,Yes,22106.1,94.3,208.1
gemma-3-1b-it_tensorrt_llm_bls,GPU-daf97dbd-b56b-dab3-0b2c-c0bf8a309c92,1,4,gemma-3-1b-it_tensorrt_llm_bls_config_58,21:GPU,Yes,22106.1,95.1,232.9
gemma-3-1b-it_tensorrt_llm_bls,GPU-daf97dbd-b56b-dab3-0b2c-c0bf8a309c92,1,16,gemma-3-1b-it_tensorrt_llm_bls_config_58,21:GPU,Yes,22106.1,94.8,209.4
gemma-3-1b-it_tensorrt_llm_bls,GPU-daf97dbd-b56b-dab3-0b2c-c0bf8a309c92,1,2,gemma-3-1b-it_tensorrt_llm_bls_config_58,21:GPU,Yes,22106.1,92.6,207.4
gemma-3-1b-it_tensorrt_llm_bls,GPU-daf97dbd-b56b-dab3-0b2c-c0bf8a309c92,1,32,gemma-3-1b-it_tensorrt_llm_bls_config_58,21:GPU,Yes,22106.1,95.0,208.4
gemma-3-1b-it_tensorrt_llm_bls,GPU-daf97dbd-b56b-dab3-0b2c-c0bf8a309c92,1,1,gemma-3-1b-it_tensorrt_llm_bls_config_58,21:GPU,Yes,22106.1,92.4,203.2
gemma-3-1b-it_tensorrt_llm_bls,GPU-daf97dbd-b56b-dab3-0b2c-c0bf8a309c92,1,64,gemma-3-1b-it_tensorrt_llm_bls_config_58,21:GPU,Yes,22106.1,95.1,207.6
gemma-3-1b-it_tensorrt_llm_bls,GPU-daf97dbd-b56b-dab3-0b2c-c0bf8a309c92,1,8,gemma-3-1b-it_tensorrt_llm_bls_config_117,44:GPU,Yes,22108.2,91.6,205.5
gemma-3-1b-it_tensorrt_llm_bls,GPU-daf97dbd-b56b-dab3-0b2c-c0bf8a309c92,1,4,gemma-3-1b-it_tensorrt_llm_bls_config_117,44:GPU,Yes,22108.2,94.9,232.7
gemma-3-1b-it_tensorrt_llm_bls,GPU-daf97dbd-b56b-dab3-0b2c-c0bf8a309c92,1,16,gemma-3-1b-it_tensorrt_llm_bls_config_117,44:GPU,Yes,22108.2,94.6,210.9
gemma-3-1b-it_tensorrt_llm_bls,GPU-daf97dbd-b56b-dab3-0b2c-c0bf8a309c92,1,2,gemma-3-1b-it_tensorrt_llm_bls_config_117,44:GPU,Yes,22108.2,95.1,212.4
gemma-3-1b-it_tensorrt_llm_bls,GPU-daf97dbd-b56b-dab3-0b2c-c0bf8a309c92,1,32,gemma-3-1b-it_tensorrt_llm_bls_config_117,44:GPU,Yes,22108.2,94.5,208.3
gemma-3-1b-it_tensorrt_llm_bls,GPU-daf97dbd-b56b-dab3-0b2c-c0bf8a309c92,1,1,gemma-3-1b-it_tensorrt_llm_bls_config_117,44:GPU,Yes,22108.2,94.8,208.1
gemma-3-1b-it_tensorrt_llm_bls,GPU-daf97dbd-b56b-dab3-0b2c-c0bf8a309c92,1,64,gemma-3-1b-it_tensorrt_llm_bls_config_117,44:GPU,Yes,22108.2,91.8,206.3
gemma-3-1b-it_tensorrt_llm_bls,GPU-daf97dbd-b56b-dab3-0b2c-c0bf8a309c92,1,8,gemma-3-1b-it_tensorrt_llm_bls_config_102,37:GPU,Yes,22108.2,95.1,209.0
gemma-3-1b-it_tensorrt_llm_bls,GPU-daf97dbd-b56b-dab3-0b2c-c0bf8a309c92,1,4,gemma-3-1b-it_tensorrt_llm_bls_config_102,37:GPU,Yes,22108.2,92.6,229.3
gemma-3-1b-it_tensorrt_llm_bls,GPU-daf97dbd-b56b-dab3-0b2c-c0bf8a309c92,1,16,gemma-3-1b-it_tensorrt_llm_bls_config_102,37:GPU,Yes,22108.2,95.0,208.2
gemma-3-1b-it_tensorrt_llm_bls,GPU-daf97dbd-b56b-dab3-0b2c-c0bf8a309c92,1,2,gemma-3-1b-it_tensorrt_llm_bls_config_102,37:GPU,Yes,22108.2,95.2,211.9
gemma-3-1b-it_tensorrt_llm_bls,GPU-daf97dbd-b56b-dab3-0b2c-c0bf8a309c92,1,32,gemma-3-1b-it_tensorrt_llm_bls_config_102,37:GPU,Yes,22108.2,95.1,209.6
gemma-3-1b-it_tensorrt_llm_bls,GPU-daf97dbd-b56b-dab3-0b2c-c0bf8a309c92,1,1,gemma-3-1b-it_tensorrt_llm_bls_config_102,37:GPU,Yes,22108.2,92.2,205.3
gemma-3-1b-it_tensorrt_llm_bls,GPU-daf97dbd-b56b-dab3-0b2c-c0bf8a309c92,1,64,gemma-3-1b-it_tensorrt_llm_bls_config_102,37:GPU,No,22108.2,92.2,206.4
gemma-3-1b-it_tensorrt_llm_bls,GPU-daf97dbd-b56b-dab3-0b2c-c0bf8a309c92,1,8,gemma-3-1b-it_tensorrt_llm_bls_config_119,44:GPU,Yes,22108.2,95.2,210.2
gemma-3-1b-it_tensorrt_llm_bls,GPU-daf97dbd-b56b-dab3-0b2c-c0bf8a309c92,1,16,gemma-3-1b-it_tensorrt_llm_bls_config_119,44:GPU,Yes,22108.2,95.1,210.6
gemma-3-1b-it_tensorrt_llm_bls,GPU-daf97dbd-b56b-dab3-0b2c-c0bf8a309c92,1,2,gemma-3-1b-it_tensorrt_llm_bls_config_119,44:GPU,Yes,22108.2,95.2,211.7
gemma-3-1b-it_tensorrt_llm_bls,GPU-daf97dbd-b56b-dab3-0b2c-c0bf8a309c92,1,4,gemma-3-1b-it_tensorrt_llm_bls_config_119,44:GPU,Yes,22108.2,92.4,228.5
gemma-3-1b-it_tensorrt_llm_bls,GPU-daf97dbd-b56b-dab3-0b2c-c0bf8a309c92,1,1,gemma-3-1b-it_tensorrt_llm_bls_config_119,44:GPU,Yes,22108.2,92.7,206.1
gemma-3-1b-it_tensorrt_llm_bls,GPU-daf97dbd-b56b-dab3-0b2c-c0bf8a309c92,1,32,gemma-3-1b-it_tensorrt_llm_bls_config_119,44:GPU,Yes,22108.2,94.9,209.1
gemma-3-1b-it_tensorrt_llm_bls,GPU-daf97dbd-b56b-dab3-0b2c-c0bf8a309c92,1,64,gemma-3-1b-it_tensorrt_llm_bls_config_119,44:GPU,No,22108.2,92.4,206.5
gemma-3-1b-it_tensorrt_llm_bls,GPU-daf97dbd-b56b-dab3-0b2c-c0bf8a309c92,1,8,gemma-3-1b-it_tensorrt_llm_bls_config_146,53:GPU,Yes,22112.4,94.9,210.6
gemma-3-1b-it_tensorrt_llm_bls,GPU-daf97dbd-b56b-dab3-0b2c-c0bf8a309c92,1,4,gemma-3-1b-it_tensorrt_llm_bls_config_146,53:GPU,Yes,22112.4,95.2,233.8
gemma-3-1b-it_tensorrt_llm_bls,GPU-daf97dbd-b56b-dab3-0b2c-c0bf8a309c92,1,16,gemma-3-1b-it_tensorrt_llm_bls_config_146,53:GPU,Yes,22112.4,94.7,209.3
gemma-3-1b-it_tensorrt_llm_bls,GPU-daf97dbd-b56b-dab3-0b2c-c0bf8a309c92,1,2,gemma-3-1b-it_tensorrt_llm_bls_config_146,53:GPU,Yes,22112.4,92.6,210.2
gemma-3-1b-it_tensorrt_llm_bls,GPU-daf97dbd-b56b-dab3-0b2c-c0bf8a309c92,1,1,gemma-3-1b-it_tensorrt_llm_bls_config_146,53:GPU,Yes,22112.4,94.8,210.8
gemma-3-1b-it_tensorrt_llm_bls,GPU-daf97dbd-b56b-dab3-0b2c-c0bf8a309c92,1,32,gemma-3-1b-it_tensorrt_llm_bls_config_146,53:GPU,Yes,22112.4,95.2,210.6
gemma-3-1b-it_tensorrt_llm_bls,GPU-daf97dbd-b56b-dab3-0b2c-c0bf8a309c92,1,64,gemma-3-1b-it_tensorrt_llm_bls_config_146,53:GPU,No,22112.4,92.5,209.7
gemma-3-1b-it_tensorrt_llm_bls,GPU-daf97dbd-b56b-dab3-0b2c-c0bf8a309c92,1,8,gemma-3-1b-it_tensorrt_llm_bls_config_33,12:GPU,Yes,22104.0,92.2,205.2
gemma-3-1b-it_tensorrt_llm_bls,GPU-daf97dbd-b56b-dab3-0b2c-c0bf8a309c92,1,4,gemma-3-1b-it_tensorrt_llm_bls_config_33,12:GPU,Yes,22104.0,92.6,230.3
gemma-3-1b-it_tensorrt_llm_bls,GPU-daf97dbd-b56b-dab3-0b2c-c0bf8a309c92,1,16,gemma-3-1b-it_tensorrt_llm_bls_config_33,12:GPU,Yes,22104.0,92.2,204.7
gemma-3-1b-it_tensorrt_llm_bls,GPU-daf97dbd-b56b-dab3-0b2c-c0bf8a309c92,1,2,gemma-3-1b-it_tensorrt_llm_bls_config_33,12:GPU,Yes,22104.0,92.5,207.1
gemma-3-1b-it_tensorrt_llm_bls,GPU-daf97dbd-b56b-dab3-0b2c-c0bf8a309c92,1,32,gemma-3-1b-it_tensorrt_llm_bls_config_33,12:GPU,Yes,22104.0,92.4,204.0
gemma-3-1b-it_tensorrt_llm_bls,GPU-daf97dbd-b56b-dab3-0b2c-c0bf8a309c92,1,1,gemma-3-1b-it_tensorrt_llm_bls_config_33,12:GPU,Yes,22104.0,92.3,202.4
gemma-3-1b-it_tensorrt_llm_bls,GPU-daf97dbd-b56b-dab3-0b2c-c0bf8a309c92,1,64,gemma-3-1b-it_tensorrt_llm_bls_config_33,12:GPU,Yes,22104.0,95.0,206.1
gemma-3-1b-it_tensorrt_llm_bls,GPU-daf97dbd-b56b-dab3-0b2c-c0bf8a309c92,1,8,gemma-3-1b-it_tensorrt_llm_bls_config_26,9:GPU,Yes,22104.0,91.2,206.4
gemma-3-1b-it_tensorrt_llm_bls,GPU-daf97dbd-b56b-dab3-0b2c-c0bf8a309c92,1,4,gemma-3-1b-it_tensorrt_llm_bls_config_26,9:GPU,Yes,22104.0,95.1,231.3
gemma-3-1b-it_tensorrt_llm_bls,GPU-daf97dbd-b56b-dab3-0b2c-c0bf8a309c92,1,16,gemma-3-1b-it_tensorrt_llm_bls_config_26,9:GPU,Yes,22104.0,92.4,205.3
gemma-3-1b-it_tensorrt_llm_bls,GPU-daf97dbd-b56b-dab3-0b2c-c0bf8a309c92,1,2,gemma-3-1b-it_tensorrt_llm_bls_config_26,9:GPU,Yes,22104.0,95.2,210.7
gemma-3-1b-it_tensorrt_llm_bls,GPU-daf97dbd-b56b-dab3-0b2c-c0bf8a309c92,1,32,gemma-3-1b-it_tensorrt_llm_bls_config_26,9:GPU,Yes,22104.0,94.8,206.9
gemma-3-1b-it_tensorrt_llm_bls,GPU-daf97dbd-b56b-dab3-0b2c-c0bf8a309c92,1,1,gemma-3-1b-it_tensorrt_llm_bls_config_26,9:GPU,Yes,22104.0,92.2,202.8
gemma-3-1b-it_tensorrt_llm_bls,GPU-daf97dbd-b56b-dab3-0b2c-c0bf8a309c92,1,64,gemma-3-1b-it_tensorrt_llm_bls_config_26,9:GPU,Yes,22104.0,94.7,206.3
gemma-3-1b-it_tensorrt_llm_bls,GPU-daf97dbd-b56b-dab3-0b2c-c0bf8a309c92,1,8,gemma-3-1b-it_tensorrt_llm_bls_config_153,56:GPU,Yes,22112.4,95.2,212.1
gemma-3-1b-it_tensorrt_llm_bls,GPU-daf97dbd-b56b-dab3-0b2c-c0bf8a309c92,1,4,gemma-3-1b-it_tensorrt_llm_bls_config_153,56:GPU,Yes,22112.4,95.2,234.4
gemma-3-1b-it_tensorrt_llm_bls,GPU-daf97dbd-b56b-dab3-0b2c-c0bf8a309c92,1,16,gemma-3-1b-it_tensorrt_llm_bls_config_153,56:GPU,Yes,22112.4,94.9,209.8
gemma-3-1b-it_tensorrt_llm_bls,GPU-daf97dbd-b56b-dab3-0b2c-c0bf8a309c92,1,2,gemma-3-1b-it_tensorrt_llm_bls_config_153,56:GPU,Yes,22112.4,95.1,212.8
gemma-3-1b-it_tensorrt_llm_bls,GPU-daf97dbd-b56b-dab3-0b2c-c0bf8a309c92,1,32,gemma-3-1b-it_tensorrt_llm_bls_config_153,56:GPU,Yes,22112.4,92.4,207.1
gemma-3-1b-it_tensorrt_llm_bls,GPU-daf97dbd-b56b-dab3-0b2c-c0bf8a309c92,1,1,gemma-3-1b-it_tensorrt_llm_bls_config_153,56:GPU,Yes,22112.4,92.3,207.9
gemma-3-1b-it_tensorrt_llm_bls,GPU-daf97dbd-b56b-dab3-0b2c-c0bf8a309c92,1,64,gemma-3-1b-it_tensorrt_llm_bls_config_153,56:GPU,No,22112.4,94.9,211.3
gemma-3-1b-it_tensorrt_llm_bls,GPU-daf97dbd-b56b-dab3-0b2c-c0bf8a309c92,1,8,gemma-3-1b-it_tensorrt_llm_bls_config_128,47:GPU,Yes,22108.2,95.0,210.5
gemma-3-1b-it_tensorrt_llm_bls,GPU-daf97dbd-b56b-dab3-0b2c-c0bf8a309c92,1,4,gemma-3-1b-it_tensorrt_llm_bls_config_128,47:GPU,Yes,22108.2,95.2,234.5
gemma-3-1b-it_tensorrt_llm_bls,GPU-daf97dbd-b56b-dab3-0b2c-c0bf8a309c92,1,16,gemma-3-1b-it_tensorrt_llm_bls_config_128,47:GPU,Yes,22108.2,92.3,207.4
gemma-3-1b-it_tensorrt_llm_bls,GPU-daf97dbd-b56b-dab3-0b2c-c0bf8a309c92,1,2,gemma-3-1b-it_tensorrt_llm_bls_config_128,47:GPU,Yes,22108.2,92.5,210.6
gemma-3-1b-it_tensorrt_llm_bls,GPU-daf97dbd-b56b-dab3-0b2c-c0bf8a309c92,1,1,gemma-3-1b-it_tensorrt_llm_bls_config_128,47:GPU,Yes,22108.2,95.0,208.1
gemma-3-1b-it_tensorrt_llm_bls,GPU-daf97dbd-b56b-dab3-0b2c-c0bf8a309c92,1,32,gemma-3-1b-it_tensorrt_llm_bls_config_128,47:GPU,Yes,22108.2,94.9,211.2
gemma-3-1b-it_tensorrt_llm_bls,GPU-daf97dbd-b56b-dab3-0b2c-c0bf8a309c92,1,64,gemma-3-1b-it_tensorrt_llm_bls_config_128,47:GPU,No,22108.2,95.1,210.9
gemma-3-1b-it_tensorrt_llm_bls,GPU-daf97dbd-b56b-dab3-0b2c-c0bf8a309c92,1,8,gemma-3-1b-it_tensorrt_llm_bls_config_89,32:GPU,Yes,22106.1,95.1,209.2
gemma-3-1b-it_tensorrt_llm_bls,GPU-daf97dbd-b56b-dab3-0b2c-c0bf8a309c92,1,4,gemma-3-1b-it_tensorrt_llm_bls_config_89,32:GPU,Yes,22106.1,95.2,233.1
gemma-3-1b-it_tensorrt_llm_bls,GPU-daf97dbd-b56b-dab3-0b2c-c0bf8a309c92,1,16,gemma-3-1b-it_tensorrt_llm_bls_config_89,32:GPU,Yes,22106.1,95.1,208.3
gemma-3-1b-it_tensorrt_llm_bls,GPU-daf97dbd-b56b-dab3-0b2c-c0bf8a309c92,1,2,gemma-3-1b-it_tensorrt_llm_bls_config_89,32:GPU,Yes,22106.1,92.4,209.3
gemma-3-1b-it_tensorrt_llm_bls,GPU-daf97dbd-b56b-dab3-0b2c-c0bf8a309c92,1,32,gemma-3-1b-it_tensorrt_llm_bls_config_89,32:GPU,Yes,22106.1,94.6,207.5
gemma-3-1b-it_tensorrt_llm_bls,GPU-daf97dbd-b56b-dab3-0b2c-c0bf8a309c92,1,1,gemma-3-1b-it_tensorrt_llm_bls_config_89,32:GPU,Yes,22106.1,94.4,206.7
gemma-3-1b-it_tensorrt_llm_bls,GPU-daf97dbd-b56b-dab3-0b2c-c0bf8a309c92,1,64,gemma-3-1b-it_tensorrt_llm_bls_config_89,32:GPU,Yes,22106.1,92.2,205.7
gemma-3-1b-it_tensorrt_llm_bls,GPU-daf97dbd-b56b-dab3-0b2c-c0bf8a309c92,1,8,gemma-3-1b-it_tensorrt_llm_bls_config_36,13:GPU,Yes,22104.0,95.1,207.4
gemma-3-1b-it_tensorrt_llm_bls,GPU-daf97dbd-b56b-dab3-0b2c-c0bf8a309c92,1,4,gemma-3-1b-it_tensorrt_llm_bls_config_36,13:GPU,Yes,22104.0,92.5,227.6
gemma-3-1b-it_tensorrt_llm_bls,GPU-daf97dbd-b56b-dab3-0b2c-c0bf8a309c92,1,2,gemma-3-1b-it_tensorrt_llm_bls_config_36,13:GPU,Yes,22104.0,92.5,208.7
gemma-3-1b-it_tensorrt_llm_bls,GPU-daf97dbd-b56b-dab3-0b2c-c0bf8a309c92,1,16,gemma-3-1b-it_tensorrt_llm_bls_config_36,13:GPU,Yes,22104.0,94.9,206.5
gemma-3-1b-it_tensorrt_llm_bls,GPU-daf97dbd-b56b-dab3-0b2c-c0bf8a309c92,1,32,gemma-3-1b-it_tensorrt_llm_bls_config_36,13:GPU,Yes,22104.0,92.2,204.6
gemma-3-1b-it_tensorrt_llm_bls,GPU-daf97dbd-b56b-dab3-0b2c-c0bf8a309c92,1,1,gemma-3-1b-it_tensorrt_llm_bls_config_36,13:GPU,Yes,22104.0,92.6,205.2
gemma-3-1b-it_tensorrt_llm_bls,GPU-daf97dbd-b56b-dab3-0b2c-c0bf8a309c92,1,64,gemma-3-1b-it_tensorrt_llm_bls_config_36,13:GPU,Yes,22104.0,95.1,207.5
gemma-3-1b-it_tensorrt_llm_bls,GPU-daf97dbd-b56b-dab3-0b2c-c0bf8a309c92,1,8,gemma-3-1b-it_tensorrt_llm_bls_config_56,20:GPU,Yes,22106.1,92.6,204.1
gemma-3-1b-it_tensorrt_llm_bls,GPU-daf97dbd-b56b-dab3-0b2c-c0bf8a309c92,1,4,gemma-3-1b-it_tensorrt_llm_bls_config_56,20:GPU,Yes,22106.1,95.0,230.1
gemma-3-1b-it_tensorrt_llm_bls,GPU-daf97dbd-b56b-dab3-0b2c-c0bf8a309c92,1,16,gemma-3-1b-it_tensorrt_llm_bls_config_56,20:GPU,Yes,22106.1,92.5,203.5
gemma-3-1b-it_tensorrt_llm_bls,GPU-daf97dbd-b56b-dab3-0b2c-c0bf8a309c92,1,2,gemma-3-1b-it_tensorrt_llm_bls_config_56,20:GPU,Yes,22106.1,92.5,207.0
gemma-3-1b-it_tensorrt_llm_bls,GPU-daf97dbd-b56b-dab3-0b2c-c0bf8a309c92,1,32,gemma-3-1b-it_tensorrt_llm_bls_config_56,20:GPU,Yes,22106.1,94.8,209.1
gemma-3-1b-it_tensorrt_llm_bls,GPU-daf97dbd-b56b-dab3-0b2c-c0bf8a309c92,1,1,gemma-3-1b-it_tensorrt_llm_bls_config_56,20:GPU,Yes,22106.1,92.1,203.3
gemma-3-1b-it_tensorrt_llm_bls,GPU-daf97dbd-b56b-dab3-0b2c-c0bf8a309c92,1,64,gemma-3-1b-it_tensorrt_llm_bls_config_56,20:GPU,Yes,22106.1,94.8,209.0
gemma-3-1b-it_tensorrt_llm_bls,GPU-daf97dbd-b56b-dab3-0b2c-c0bf8a309c92,1,8,gemma-3-1b-it_tensorrt_llm_bls_config_124,46:GPU,Yes,22108.2,95.2,210.7
gemma-3-1b-it_tensorrt_llm_bls,GPU-daf97dbd-b56b-dab3-0b2c-c0bf8a309c92,1,4,gemma-3-1b-it_tensorrt_llm_bls_config_124,46:GPU,Yes,22108.2,95.2,234.9
gemma-3-1b-it_tensorrt_llm_bls,GPU-daf97dbd-b56b-dab3-0b2c-c0bf8a309c92,1,16,gemma-3-1b-it_tensorrt_llm_bls_config_124,46:GPU,Yes,22108.2,92.3,207.8
gemma-3-1b-it_tensorrt_llm_bls,GPU-daf97dbd-b56b-dab3-0b2c-c0bf8a309c92,1,2,gemma-3-1b-it_tensorrt_llm_bls_config_124,46:GPU,Yes,22108.2,95.1,214.6
gemma-3-1b-it_tensorrt_llm_bls,GPU-daf97dbd-b56b-dab3-0b2c-c0bf8a309c92,1,32,gemma-3-1b-it_tensorrt_llm_bls_config_124,46:GPU,Yes,22108.2,95.0,210.9
gemma-3-1b-it_tensorrt_llm_bls,GPU-daf97dbd-b56b-dab3-0b2c-c0bf8a309c92,1,1,gemma-3-1b-it_tensorrt_llm_bls_config_124,46:GPU,Yes,22108.2,92.2,207.8
gemma-3-1b-it_tensorrt_llm_bls,GPU-daf97dbd-b56b-dab3-0b2c-c0bf8a309c92,1,64,gemma-3-1b-it_tensorrt_llm_bls_config_124,46:GPU,No,22108.2,94.8,209.8
gemma-3-1b-it_tensorrt_llm_bls,GPU-daf97dbd-b56b-dab3-0b2c-c0bf8a309c92,1,8,gemma-3-1b-it_tensorrt_llm_bls_config_24,8:GPU,Yes,22104.0,94.8,207.2
gemma-3-1b-it_tensorrt_llm_bls,GPU-daf97dbd-b56b-dab3-0b2c-c0bf8a309c92,1,4,gemma-3-1b-it_tensorrt_llm_bls_config_24,8:GPU,Yes,22104.0,95.2,230.3
gemma-3-1b-it_tensorrt_llm_bls,GPU-daf97dbd-b56b-dab3-0b2c-c0bf8a309c92,1,16,gemma-3-1b-it_tensorrt_llm_bls_config_24,8:GPU,Yes,22104.0,92.4,205.7
gemma-3-1b-it_tensorrt_llm_bls,GPU-daf97dbd-b56b-dab3-0b2c-c0bf8a309c92,1,2,gemma-3-1b-it_tensorrt_llm_bls_config_24,8:GPU,Yes,22104.0,95.2,210.7
gemma-3-1b-it_tensorrt_llm_bls,GPU-daf97dbd-b56b-dab3-0b2c-c0bf8a309c92,1,32,gemma-3-1b-it_tensorrt_llm_bls_config_24,8:GPU,Yes,22104.0,95.0,207.5
gemma-3-1b-it_tensorrt_llm_bls,GPU-daf97dbd-b56b-dab3-0b2c-c0bf8a309c92,1,1,gemma-3-1b-it_tensorrt_llm_bls_config_24,8:GPU,Yes,22104.0,92.3,205.1
gemma-3-1b-it_tensorrt_llm_bls,GPU-daf97dbd-b56b-dab3-0b2c-c0bf8a309c92,1,64,gemma-3-1b-it_tensorrt_llm_bls_config_24,8:GPU,Yes,22104.0,95.1,207.7
gemma-3-1b-it_tensorrt_llm_bls,GPU-daf97dbd-b56b-dab3-0b2c-c0bf8a309c92,1,8,gemma-3-1b-it_tensorrt_llm_bls_config_95,34:GPU,Yes,22106.1,92.4,206.1
gemma-3-1b-it_tensorrt_llm_bls,GPU-daf97dbd-b56b-dab3-0b2c-c0bf8a309c92,1,4,gemma-3-1b-it_tensorrt_llm_bls_config_95,34:GPU,Yes,22106.1,95.2,231.7
gemma-3-1b-it_tensorrt_llm_bls,GPU-daf97dbd-b56b-dab3-0b2c-c0bf8a309c92,1,2,gemma-3-1b-it_tensorrt_llm_bls_config_95,34:GPU,Yes,22106.1,92.4,209.3
gemma-3-1b-it_tensorrt_llm_bls,GPU-daf97dbd-b56b-dab3-0b2c-c0bf8a309c92,1,16,gemma-3-1b-it_tensorrt_llm_bls_config_95,34:GPU,Yes,22106.1,95.1,209.7
gemma-3-1b-it_tensorrt_llm_bls,GPU-daf97dbd-b56b-dab3-0b2c-c0bf8a309c92,1,32,gemma-3-1b-it_tensorrt_llm_bls_config_95,34:GPU,Yes,22106.1,94.8,208.2
gemma-3-1b-it_tensorrt_llm_bls,GPU-daf97dbd-b56b-dab3-0b2c-c0bf8a309c92,1,1,gemma-3-1b-it_tensorrt_llm_bls_config_95,34:GPU,Yes,22106.1,94.8,206.5
gemma-3-1b-it_tensorrt_llm_bls,GPU-daf97dbd-b56b-dab3-0b2c-c0bf8a309c92,1,64,gemma-3-1b-it_tensorrt_llm_bls_config_95,34:GPU,No,22106.1,94.8,208.9
gemma-3-1b-it_tensorrt_llm_bls,GPU-daf97dbd-b56b-dab3-0b2c-c0bf8a309c92,1,8,gemma-3-1b-it_tensorrt_llm_bls_config_132,48:GPU,Yes,22108.2,95.2,210.3
gemma-3-1b-it_tensorrt_llm_bls,GPU-daf97dbd-b56b-dab3-0b2c-c0bf8a309c92,1,4,gemma-3-1b-it_tensorrt_llm_bls_config_132,48:GPU,Yes,22108.2,95.2,234.9
gemma-3-1b-it_tensorrt_llm_bls,GPU-daf97dbd-b56b-dab3-0b2c-c0bf8a309c92,1,16,gemma-3-1b-it_tensorrt_llm_bls_config_132,48:GPU,Yes,22108.2,92.2,207.3
gemma-3-1b-it_tensorrt_llm_bls,GPU-daf97dbd-b56b-dab3-0b2c-c0bf8a309c92,1,2,gemma-3-1b-it_tensorrt_llm_bls_config_132,48:GPU,Yes,22108.2,92.6,209.3
gemma-3-1b-it_tensorrt_llm_bls,GPU-daf97dbd-b56b-dab3-0b2c-c0bf8a309c92,1,1,gemma-3-1b-it_tensorrt_llm_bls_config_132,48:GPU,Yes,22108.2,92.1,205.4
gemma-3-1b-it_tensorrt_llm_bls,GPU-daf97dbd-b56b-dab3-0b2c-c0bf8a309c92,1,32,gemma-3-1b-it_tensorrt_llm_bls_config_132,48:GPU,Yes,22108.2,95.1,211.0
gemma-3-1b-it_tensorrt_llm_bls,GPU-daf97dbd-b56b-dab3-0b2c-c0bf8a309c92,1,64,gemma-3-1b-it_tensorrt_llm_bls_config_132,48:GPU,No,22108.2,95.1,210.5
gemma-3-1b-it_tensorrt_llm_bls,GPU-daf97dbd-b56b-dab3-0b2c-c0bf8a309c92,1,8,gemma-3-1b-it_tensorrt_llm_bls_config_149,54:GPU,Yes,22112.4,95.0,210.4
gemma-3-1b-it_tensorrt_llm_bls,GPU-daf97dbd-b56b-dab3-0b2c-c0bf8a309c92,1,4,gemma-3-1b-it_tensorrt_llm_bls_config_149,54:GPU,Yes,22112.4,92.4,230.1
gemma-3-1b-it_tensorrt_llm_bls,GPU-daf97dbd-b56b-dab3-0b2c-c0bf8a309c92,1,16,gemma-3-1b-it_tensorrt_llm_bls_config_149,54:GPU,Yes,22112.4,95.0,210.5
gemma-3-1b-it_tensorrt_llm_bls,GPU-daf97dbd-b56b-dab3-0b2c-c0bf8a309c92,1,2,gemma-3-1b-it_tensorrt_llm_bls_config_149,54:GPU,Yes,22112.4,95.2,212.4
gemma-3-1b-it_tensorrt_llm_bls,GPU-daf97dbd-b56b-dab3-0b2c-c0bf8a309c92,1,32,gemma-3-1b-it_tensorrt_llm_bls_config_149,54:GPU,Yes,22112.4,94.9,211.7
gemma-3-1b-it_tensorrt_llm_bls,GPU-daf97dbd-b56b-dab3-0b2c-c0bf8a309c92,1,1,gemma-3-1b-it_tensorrt_llm_bls_config_149,54:GPU,Yes,22112.4,93.8,210.2
gemma-3-1b-it_tensorrt_llm_bls,GPU-daf97dbd-b56b-dab3-0b2c-c0bf8a309c92,1,64,gemma-3-1b-it_tensorrt_llm_bls_config_149,54:GPU,No,22112.4,95.1,210.5
gemma-3-1b-it_tensorrt_llm_bls,GPU-daf97dbd-b56b-dab3-0b2c-c0bf8a309c92,1,8,gemma-3-1b-it_tensorrt_llm_bls_config_122,45:GPU,Yes,22108.2,95.1,212.0
gemma-3-1b-it_tensorrt_llm_bls,GPU-daf97dbd-b56b-dab3-0b2c-c0bf8a309c92,1,4,gemma-3-1b-it_tensorrt_llm_bls_config_122,45:GPU,Yes,22108.2,92.5,229.7
gemma-3-1b-it_tensorrt_llm_bls,GPU-daf97dbd-b56b-dab3-0b2c-c0bf8a309c92,1,16,gemma-3-1b-it_tensorrt_llm_bls_config_122,45:GPU,Yes,22108.2,94.9,209.9
gemma-3-1b-it_tensorrt_llm_bls,GPU-daf97dbd-b56b-dab3-0b2c-c0bf8a309c92,1,2,gemma-3-1b-it_tensorrt_llm_bls_config_122,45:GPU,Yes,22108.2,95.2,212.3
gemma-3-1b-it_tensorrt_llm_bls,GPU-daf97dbd-b56b-dab3-0b2c-c0bf8a309c92,1,1,gemma-3-1b-it_tensorrt_llm_bls_config_122,45:GPU,Yes,22108.2,94.9,209.0
gemma-3-1b-it_tensorrt_llm_bls,GPU-daf97dbd-b56b-dab3-0b2c-c0bf8a309c92,1,32,gemma-3-1b-it_tensorrt_llm_bls_config_122,45:GPU,No,22108.2,92.1,207.4
gemma-3-1b-it_tensorrt_llm_bls,GPU-daf97dbd-b56b-dab3-0b2c-c0bf8a309c92,1,64,gemma-3-1b-it_tensorrt_llm_bls_config_122,45:GPU,No,22108.2,95.2,210.9
gemma-3-1b-it_tensorrt_llm_bls,GPU-daf97dbd-b56b-dab3-0b2c-c0bf8a309c92,1,8,gemma-3-1b-it_tensorrt_llm_bls_config_49,17:GPU,Yes,22104.0,95.1,208.1
gemma-3-1b-it_tensorrt_llm_bls,GPU-daf97dbd-b56b-dab3-0b2c-c0bf8a309c92,1,4,gemma-3-1b-it_tensorrt_llm_bls_config_49,17:GPU,Yes,22104.0,95.1,231.7
gemma-3-1b-it_tensorrt_llm_bls,GPU-daf97dbd-b56b-dab3-0b2c-c0bf8a309c92,1,16,gemma-3-1b-it_tensorrt_llm_bls_config_49,17:GPU,Yes,22104.0,94.9,206.7
gemma-3-1b-it_tensorrt_llm_bls,GPU-daf97dbd-b56b-dab3-0b2c-c0bf8a309c92,1,2,gemma-3-1b-it_tensorrt_llm_bls_config_49,17:GPU,Yes,22104.0,95.2,209.5
gemma-3-1b-it_tensorrt_llm_bls,GPU-daf97dbd-b56b-dab3-0b2c-c0bf8a309c92,1,1,gemma-3-1b-it_tensorrt_llm_bls_config_49,17:GPU,Yes,22104.0,95.0,205.6
gemma-3-1b-it_tensorrt_llm_bls,GPU-daf97dbd-b56b-dab3-0b2c-c0bf8a309c92,1,32,gemma-3-1b-it_tensorrt_llm_bls_config_49,17:GPU,Yes,22104.0,94.9,208.1
gemma-3-1b-it_tensorrt_llm_bls,GPU-daf97dbd-b56b-dab3-0b2c-c0bf8a309c92,1,64,gemma-3-1b-it_tensorrt_llm_bls_config_49,17:GPU,No,22104.0,95.0,207.2
gemma-3-1b-it_tensorrt_llm_bls,GPU-daf97dbd-b56b-dab3-0b2c-c0bf8a309c92,1,8,gemma-3-1b-it_tensorrt_llm_bls_config_69,25:GPU,Yes,22106.1,94.9,208.1
gemma-3-1b-it_tensorrt_llm_bls,GPU-daf97dbd-b56b-dab3-0b2c-c0bf8a309c92,1,4,gemma-3-1b-it_tensorrt_llm_bls_config_69,25:GPU,Yes,22106.1,95.0,232.6
gemma-3-1b-it_tensorrt_llm_bls,GPU-daf97dbd-b56b-dab3-0b2c-c0bf8a309c92,1,16,gemma-3-1b-it_tensorrt_llm_bls_config_69,25:GPU,Yes,22106.1,94.8,208.2
gemma-3-1b-it_tensorrt_llm_bls,GPU-daf97dbd-b56b-dab3-0b2c-c0bf8a309c92,1,2,gemma-3-1b-it_tensorrt_llm_bls_config_69,25:GPU,Yes,22106.1,92.5,207.5
gemma-3-1b-it_tensorrt_llm_bls,GPU-daf97dbd-b56b-dab3-0b2c-c0bf8a309c92,1,1,gemma-3-1b-it_tensorrt_llm_bls_config_69,25:GPU,Yes,22106.1,92.3,201.9
gemma-3-1b-it_tensorrt_llm_bls,GPU-daf97dbd-b56b-dab3-0b2c-c0bf8a309c92,1,32,gemma-3-1b-it_tensorrt_llm_bls_config_69,25:GPU,Yes,22106.1,94.9,208.2
gemma-3-1b-it_tensorrt_llm_bls,GPU-daf97dbd-b56b-dab3-0b2c-c0bf8a309c92,1,64,gemma-3-1b-it_tensorrt_llm_bls_config_69,25:GPU,No,22106.1,95.0,206.9
gemma-3-1b-it_tensorrt_llm_bls,GPU-daf97dbd-b56b-dab3-0b2c-c0bf8a309c92,1,8,gemma-3-1b-it_tensorrt_llm_bls_config_76,27:GPU,Yes,22106.1,93.6,206.3
gemma-3-1b-it_tensorrt_llm_bls,GPU-daf97dbd-b56b-dab3-0b2c-c0bf8a309c92,1,4,gemma-3-1b-it_tensorrt_llm_bls_config_76,27:GPU,Yes,22106.1,95.2,231.8
gemma-3-1b-it_tensorrt_llm_bls,GPU-daf97dbd-b56b-dab3-0b2c-c0bf8a309c92,1,16,gemma-3-1b-it_tensorrt_llm_bls_config_76,27:GPU,Yes,22106.1,92.1,204.6
gemma-3-1b-it_tensorrt_llm_bls,GPU-daf97dbd-b56b-dab3-0b2c-c0bf8a309c92,1,2,gemma-3-1b-it_tensorrt_llm_bls_config_76,27:GPU,Yes,22106.1,95.2,209.8
gemma-3-1b-it_tensorrt_llm_bls,GPU-daf97dbd-b56b-dab3-0b2c-c0bf8a309c92,1,1,gemma-3-1b-it_tensorrt_llm_bls_config_76,27:GPU,Yes,22106.1,94.8,206.3
gemma-3-1b-it_tensorrt_llm_bls,GPU-daf97dbd-b56b-dab3-0b2c-c0bf8a309c92,1,32,gemma-3-1b-it_tensorrt_llm_bls_config_76,27:GPU,Yes,22106.1,92.4,204.0
gemma-3-1b-it_tensorrt_llm_bls,GPU-daf97dbd-b56b-dab3-0b2c-c0bf8a309c92,1,64,gemma-3-1b-it_tensorrt_llm_bls_config_76,27:GPU,No,22106.1,95.0,209.1
gemma-3-1b-it_tensorrt_llm_bls,GPU-daf97dbd-b56b-dab3-0b2c-c0bf8a309c92,1,8,gemma-3-1b-it_tensorrt_llm_bls_config_93,33:GPU,Yes,22106.1,94.9,208.8
gemma-3-1b-it_tensorrt_llm_bls,GPU-daf97dbd-b56b-dab3-0b2c-c0bf8a309c92,1,4,gemma-3-1b-it_tensorrt_llm_bls_config_93,33:GPU,Yes,22106.1,95.1,233.3
gemma-3-1b-it_tensorrt_llm_bls,GPU-daf97dbd-b56b-dab3-0b2c-c0bf8a309c92,1,16,gemma-3-1b-it_tensorrt_llm_bls_config_93,33:GPU,Yes,22106.1,94.8,207.6
gemma-3-1b-it_tensorrt_llm_bls,GPU-daf97dbd-b56b-dab3-0b2c-c0bf8a309c92,1,2,gemma-3-1b-it_tensorrt_llm_bls_config_93,33:GPU,Yes,22106.1,95.2,211.8
gemma-3-1b-it_tensorrt_llm_bls,GPU-daf97dbd-b56b-dab3-0b2c-c0bf8a309c92,1,32,gemma-3-1b-it_tensorrt_llm_bls_config_93,33:GPU,Yes,22106.1,92.3,205.5
gemma-3-1b-it_tensorrt_llm_bls,GPU-daf97dbd-b56b-dab3-0b2c-c0bf8a309c92,1,1,gemma-3-1b-it_tensorrt_llm_bls_config_93,33:GPU,Yes,22106.1,92.2,203.1
gemma-3-1b-it_tensorrt_llm_bls,GPU-daf97dbd-b56b-dab3-0b2c-c0bf8a309c92,1,64,gemma-3-1b-it_tensorrt_llm_bls_config_93,33:GPU,No,22106.1,92.1,205.2
gemma-3-1b-it_tensorrt_llm_bls,GPU-daf97dbd-b56b-dab3-0b2c-c0bf8a309c92,1,8,gemma-3-1b-it_tensorrt_llm_bls_config_64,23:GPU,Yes,22106.1,95.0,207.7
gemma-3-1b-it_tensorrt_llm_bls,GPU-daf97dbd-b56b-dab3-0b2c-c0bf8a309c92,1,4,gemma-3-1b-it_tensorrt_llm_bls_config_64,23:GPU,Yes,22106.1,95.1,232.1
gemma-3-1b-it_tensorrt_llm_bls,GPU-daf97dbd-b56b-dab3-0b2c-c0bf8a309c92,1,16,gemma-3-1b-it_tensorrt_llm_bls_config_64,23:GPU,Yes,22106.1,95.0,208.0
gemma-3-1b-it_tensorrt_llm_bls,GPU-daf97dbd-b56b-dab3-0b2c-c0bf8a309c92,1,2,gemma-3-1b-it_tensorrt_llm_bls_config_64,23:GPU,Yes,22106.1,95.1,211.4
gemma-3-1b-it_tensorrt_llm_bls,GPU-daf97dbd-b56b-dab3-0b2c-c0bf8a309c92,1,32,gemma-3-1b-it_tensorrt_llm_bls_config_64,23:GPU,Yes,22106.1,94.9,207.6
gemma-3-1b-it_tensorrt_llm_bls,GPU-daf97dbd-b56b-dab3-0b2c-c0bf8a309c92,1,1,gemma-3-1b-it_tensorrt_llm_bls_config_64,23:GPU,Yes,22106.1,94.9,208.2
gemma-3-1b-it_tensorrt_llm_bls,GPU-daf97dbd-b56b-dab3-0b2c-c0bf8a309c92,1,64,gemma-3-1b-it_tensorrt_llm_bls_config_64,23:GPU,Yes,22106.1,92.2,204.8
gemma-3-1b-it_tensorrt_llm_bls,GPU-daf97dbd-b56b-dab3-0b2c-c0bf8a309c92,1,8,gemma-3-1b-it_tensorrt_llm_bls_config_61,22:GPU,Yes,22106.1,94.9,208.7
gemma-3-1b-it_tensorrt_llm_bls,GPU-daf97dbd-b56b-dab3-0b2c-c0bf8a309c92,1,4,gemma-3-1b-it_tensorrt_llm_bls_config_61,22:GPU,Yes,22106.1,95.2,232.3
gemma-3-1b-it_tensorrt_llm_bls,GPU-daf97dbd-b56b-dab3-0b2c-c0bf8a309c92,1,16,gemma-3-1b-it_tensorrt_llm_bls_config_61,22:GPU,Yes,22106.1,94.9,207.9
gemma-3-1b-it_tensorrt_llm_bls,GPU-daf97dbd-b56b-dab3-0b2c-c0bf8a309c92,1,2,gemma-3-1b-it_tensorrt_llm_bls_config_61,22:GPU,Yes,22106.1,95.1,211.8
gemma-3-1b-it_tensorrt_llm_bls,GPU-daf97dbd-b56b-dab3-0b2c-c0bf8a309c92,1,1,gemma-3-1b-it_tensorrt_llm_bls_config_61,22:GPU,Yes,22106.1,94.9,208.4
gemma-3-1b-it_tensorrt_llm_bls,GPU-daf97dbd-b56b-dab3-0b2c-c0bf8a309c92,1,32,gemma-3-1b-it_tensorrt_llm_bls_config_61,22:GPU,Yes,22106.1,94.7,207.3
gemma-3-1b-it_tensorrt_llm_bls,GPU-daf97dbd-b56b-dab3-0b2c-c0bf8a309c92,1,64,gemma-3-1b-it_tensorrt_llm_bls_config_61,22:GPU,No,22106.1,92.1,204.8
gemma-3-1b-it_tensorrt_llm_bls,GPU-daf97dbd-b56b-dab3-0b2c-c0bf8a309c92,1,8,gemma-3-1b-it_tensorrt_llm_bls_config_44,16:GPU,Yes,22104.0,92.5,204.0
gemma-3-1b-it_tensorrt_llm_bls,GPU-daf97dbd-b56b-dab3-0b2c-c0bf8a309c92,1,4,gemma-3-1b-it_tensorrt_llm_bls_config_44,16:GPU,Yes,22104.0,92.5,227.7
gemma-3-1b-it_tensorrt_llm_bls,GPU-daf97dbd-b56b-dab3-0b2c-c0bf8a309c92,1,16,gemma-3-1b-it_tensorrt_llm_bls_config_44,16:GPU,Yes,22104.0,92.4,203.1
gemma-3-1b-it_tensorrt_llm_bls,GPU-daf97dbd-b56b-dab3-0b2c-c0bf8a309c92,1,2,gemma-3-1b-it_tensorrt_llm_bls_config_44,16:GPU,Yes,22104.0,92.4,205.9
gemma-3-1b-it_tensorrt_llm_bls,GPU-daf97dbd-b56b-dab3-0b2c-c0bf8a309c92,1,32,gemma-3-1b-it_tensorrt_llm_bls_config_44,16:GPU,Yes,22104.0,92.2,204.1
gemma-3-1b-it_tensorrt_llm_bls,GPU-daf97dbd-b56b-dab3-0b2c-c0bf8a309c92,1,1,gemma-3-1b-it_tensorrt_llm_bls_config_44,16:GPU,Yes,22104.0,92.1,201.1
gemma-3-1b-it_tensorrt_llm_bls,GPU-daf97dbd-b56b-dab3-0b2c-c0bf8a309c92,1,64,gemma-3-1b-it_tensorrt_llm_bls_config_44,16:GPU,Yes,22104.0,92.1,203.8
gemma-3-1b-it_tensorrt_llm_bls,GPU-daf97dbd-b56b-dab3-0b2c-c0bf8a309c92,1,8,gemma-3-1b-it_tensorrt_llm_bls_config_112,41:GPU,Yes,22108.2,95.1,209.1
gemma-3-1b-it_tensorrt_llm_bls,GPU-daf97dbd-b56b-dab3-0b2c-c0bf8a309c92,1,4,gemma-3-1b-it_tensorrt_llm_bls_config_112,41:GPU,Yes,22108.2,95.2,233.0
gemma-3-1b-it_tensorrt_llm_bls,GPU-daf97dbd-b56b-dab3-0b2c-c0bf8a309c92,1,16,gemma-3-1b-it_tensorrt_llm_bls_config_112,41:GPU,Yes,22108.2,92.2,206.7
gemma-3-1b-it_tensorrt_llm_bls,GPU-daf97dbd-b56b-dab3-0b2c-c0bf8a309c92,1,2,gemma-3-1b-it_tensorrt_llm_bls_config_112,41:GPU,Yes,22108.2,95.1,212.6
gemma-3-1b-it_tensorrt_llm_bls,GPU-daf97dbd-b56b-dab3-0b2c-c0bf8a309c92,1,32,gemma-3-1b-it_tensorrt_llm_bls_config_112,41:GPU,Yes,22108.2,95.1,210.5
gemma-3-1b-it_tensorrt_llm_bls,GPU-daf97dbd-b56b-dab3-0b2c-c0bf8a309c92,1,1,gemma-3-1b-it_tensorrt_llm_bls_config_112,41:GPU,Yes,22108.2,92.2,206.3
gemma-3-1b-it_tensorrt_llm_bls,GPU-daf97dbd-b56b-dab3-0b2c-c0bf8a309c92,1,64,gemma-3-1b-it_tensorrt_llm_bls_config_112,41:GPU,No,22108.2,94.9,209.3
gemma-3-1b-it_tensorrt_llm_bls,GPU-daf97dbd-b56b-dab3-0b2c-c0bf8a309c92,1,8,gemma-3-1b-it_tensorrt_llm_bls_config_38,14:GPU,Yes,22104.0,92.4,203.9
gemma-3-1b-it_tensorrt_llm_bls,GPU-daf97dbd-b56b-dab3-0b2c-c0bf8a309c92,1,4,gemma-3-1b-it_tensorrt_llm_bls_config_38,14:GPU,Yes,22104.0,92.5,227.5
gemma-3-1b-it_tensorrt_llm_bls,GPU-daf97dbd-b56b-dab3-0b2c-c0bf8a309c92,1,2,gemma-3-1b-it_tensorrt_llm_bls_config_38,14:GPU,Yes,22104.0,92.6,209.0
gemma-3-1b-it_tensorrt_llm_bls,GPU-daf97dbd-b56b-dab3-0b2c-c0bf8a309c92,1,16,gemma-3-1b-it_tensorrt_llm_bls_config_38,14:GPU,Yes,22104.0,94.7,206.5
gemma-3-1b-it_tensorrt_llm_bls,GPU-daf97dbd-b56b-dab3-0b2c-c0bf8a309c92,1,32,gemma-3-1b-it_tensorrt_llm_bls_config_38,14:GPU,Yes,22104.0,92.1,204.2
gemma-3-1b-it_tensorrt_llm_bls,GPU-daf97dbd-b56b-dab3-0b2c-c0bf8a309c92,1,1,gemma-3-1b-it_tensorrt_llm_bls_config_38,14:GPU,Yes,22104.0,92.3,201.8
gemma-3-1b-it_tensorrt_llm_bls,GPU-daf97dbd-b56b-dab3-0b2c-c0bf8a309c92,1,64,gemma-3-1b-it_tensorrt_llm_bls_config_38,14:GPU,Yes,22104.0,92.2,204.8
gemma-3-1b-it_tensorrt_llm_bls,GPU-daf97dbd-b56b-dab3-0b2c-c0bf8a309c92,1,8,gemma-3-1b-it_tensorrt_llm_bls_config_143,52:GPU,Yes,22112.4,94.9,210.2
gemma-3-1b-it_tensorrt_llm_bls,GPU-daf97dbd-b56b-dab3-0b2c-c0bf8a309c92,1,4,gemma-3-1b-it_tensorrt_llm_bls_config_143,52:GPU,Yes,22112.4,92.4,232.6
gemma-3-1b-it_tensorrt_llm_bls,GPU-daf97dbd-b56b-dab3-0b2c-c0bf8a309c92,1,16,gemma-3-1b-it_tensorrt_llm_bls_config_143,52:GPU,Yes,22112.4,92.2,206.4
gemma-3-1b-it_tensorrt_llm_bls,GPU-daf97dbd-b56b-dab3-0b2c-c0bf8a309c92,1,2,gemma-3-1b-it_tensorrt_llm_bls_config_143,52:GPU,Yes,22112.4,95.1,213.0
gemma-3-1b-it_tensorrt_llm_bls,GPU-daf97dbd-b56b-dab3-0b2c-c0bf8a309c92,1,1,gemma-3-1b-it_tensorrt_llm_bls_config_143,52:GPU,Yes,22112.4,95.0,211.1
gemma-3-1b-it_tensorrt_llm_bls,GPU-daf97dbd-b56b-dab3-0b2c-c0bf8a309c92,1,32,gemma-3-1b-it_tensorrt_llm_bls_config_143,52:GPU,Yes,22112.4,92.2,208.8
gemma-3-1b-it_tensorrt_llm_bls,GPU-daf97dbd-b56b-dab3-0b2c-c0bf8a309c92,1,64,gemma-3-1b-it_tensorrt_llm_bls_config_143,52:GPU,No,22112.4,94.6,210.3
gemma-3-1b-it_tensorrt_llm_bls,GPU-daf97dbd-b56b-dab3-0b2c-c0bf8a309c92,1,8,gemma-3-1b-it_tensorrt_llm_bls_config_100,36:GPU,Yes,22108.2,92.4,206.5
gemma-3-1b-it_tensorrt_llm_bls,GPU-daf97dbd-b56b-dab3-0b2c-c0bf8a309c92,1,4,gemma-3-1b-it_tensorrt_llm_bls_config_100,36:GPU,Yes,22108.2,93.6,231.2
gemma-3-1b-it_tensorrt_llm_bls,GPU-daf97dbd-b56b-dab3-0b2c-c0bf8a309c92,1,16,gemma-3-1b-it_tensorrt_llm_bls_config_100,36:GPU,Yes,22108.2,95.1,208.8
gemma-3-1b-it_tensorrt_llm_bls,GPU-daf97dbd-b56b-dab3-0b2c-c0bf8a309c92,1,2,gemma-3-1b-it_tensorrt_llm_bls_config_100,36:GPU,Yes,22108.2,92.5,209.5
gemma-3-1b-it_tensorrt_llm_bls,GPU-daf97dbd-b56b-dab3-0b2c-c0bf8a309c92,1,1,gemma-3-1b-it_tensorrt_llm_bls_config_100,36:GPU,Yes,22108.2,94.9,207.0
gemma-3-1b-it_tensorrt_llm_bls,GPU-daf97dbd-b56b-dab3-0b2c-c0bf8a309c92,1,32,gemma-3-1b-it_tensorrt_llm_bls_config_100,36:GPU,Yes,22108.2,95.0,208.3
gemma-3-1b-it_tensorrt_llm_bls,GPU-daf97dbd-b56b-dab3-0b2c-c0bf8a309c92,1,64,gemma-3-1b-it_tensorrt_llm_bls_config_100,36:GPU,No,22108.2,94.8,208.9
gemma-3-1b-it_tensorrt_llm_bls,GPU-daf97dbd-b56b-dab3-0b2c-c0bf8a309c92,1,8,gemma-3-1b-it_tensorrt_llm_bls_config_52,18:GPU,Yes,22104.0,95.1,207.4
gemma-3-1b-it_tensorrt_llm_bls,GPU-daf97dbd-b56b-dab3-0b2c-c0bf8a309c92,1,4,gemma-3-1b-it_tensorrt_llm_bls_config_52,18:GPU,Yes,22104.0,95.2,231.8
gemma-3-1b-it_tensorrt_llm_bls,GPU-daf97dbd-b56b-dab3-0b2c-c0bf8a309c92,1,16,gemma-3-1b-it_tensorrt_llm_bls_config_52,18:GPU,Yes,22104.0,94.7,206.6
gemma-3-1b-it_tensorrt_llm_bls,GPU-daf97dbd-b56b-dab3-0b2c-c0bf8a309c92,1,2,gemma-3-1b-it_tensorrt_llm_bls_config_52,18:GPU,Yes,22104.0,95.1,210.2
gemma-3-1b-it_tensorrt_llm_bls,GPU-daf97dbd-b56b-dab3-0b2c-c0bf8a309c92,1,1,gemma-3-1b-it_tensorrt_llm_bls_config_52,18:GPU,Yes,22104.0,94.1,205.8
gemma-3-1b-it_tensorrt_llm_bls,GPU-daf97dbd-b56b-dab3-0b2c-c0bf8a309c92,1,32,gemma-3-1b-it_tensorrt_llm_bls_config_52,18:GPU,Yes,22104.0,95.0,207.7
gemma-3-1b-it_tensorrt_llm_bls,GPU-daf97dbd-b56b-dab3-0b2c-c0bf8a309c92,1,64,gemma-3-1b-it_tensorrt_llm_bls_config_52,18:GPU,No,22104.0,95.1,207.2
gemma-3-1b-it_tensorrt_llm_bls,GPU-daf97dbd-b56b-dab3-0b2c-c0bf8a309c92,1,8,gemma-3-1b-it_tensorrt_llm_bls_config_85,30:GPU,Yes,22106.1,95.0,208.0
gemma-3-1b-it_tensorrt_llm_bls,GPU-daf97dbd-b56b-dab3-0b2c-c0bf8a309c92,1,4,gemma-3-1b-it_tensorrt_llm_bls_config_85,30:GPU,Yes,22106.1,95.2,233.1
gemma-3-1b-it_tensorrt_llm_bls,GPU-daf97dbd-b56b-dab3-0b2c-c0bf8a309c92,1,16,gemma-3-1b-it_tensorrt_llm_bls_config_85,30:GPU,Yes,22106.1,94.9,208.1
gemma-3-1b-it_tensorrt_llm_bls,GPU-daf97dbd-b56b-dab3-0b2c-c0bf8a309c92,1,2,gemma-3-1b-it_tensorrt_llm_bls_config_85,30:GPU,Yes,22106.1,92.4,209.0
gemma-3-1b-it_tensorrt_llm_bls,GPU-daf97dbd-b56b-dab3-0b2c-c0bf8a309c92,1,1,gemma-3-1b-it_tensorrt_llm_bls_config_85,30:GPU,Yes,22106.1,92.2,202.8
gemma-3-1b-it_tensorrt_llm_bls,GPU-daf97dbd-b56b-dab3-0b2c-c0bf8a309c92,1,32,gemma-3-1b-it_tensorrt_llm_bls_config_85,30:GPU,Yes,22106.1,94.9,207.8
gemma-3-1b-it_tensorrt_llm_bls,GPU-daf97dbd-b56b-dab3-0b2c-c0bf8a309c92,1,64,gemma-3-1b-it_tensorrt_llm_bls_config_85,30:GPU,No,22106.1,92.2,204.8
gemma-3-1b-it_tensorrt_llm_bls,GPU-daf97dbd-b56b-dab3-0b2c-c0bf8a309c92,1,8,gemma-3-1b-it_tensorrt_llm_bls_config_72,26:GPU,Yes,22106.1,91.8,206.3
gemma-3-1b-it_tensorrt_llm_bls,GPU-daf97dbd-b56b-dab3-0b2c-c0bf8a309c92,1,4,gemma-3-1b-it_tensorrt_llm_bls_config_72,26:GPU,Yes,22106.1,95.2,232.0
gemma-3-1b-it_tensorrt_llm_bls,GPU-daf97dbd-b56b-dab3-0b2c-c0bf8a309c92,1,16,gemma-3-1b-it_tensorrt_llm_bls_config_72,26:GPU,Yes,22106.1,92.6,205.1
gemma-3-1b-it_tensorrt_llm_bls,GPU-daf97dbd-b56b-dab3-0b2c-c0bf8a309c92,1,2,gemma-3-1b-it_tensorrt_llm_bls_config_72,26:GPU,Yes,22106.1,95.1,211.3
gemma-3-1b-it_tensorrt_llm_bls,GPU-daf97dbd-b56b-dab3-0b2c-c0bf8a309c92,1,1,gemma-3-1b-it_tensorrt_llm_bls_config_72,26:GPU,Yes,22106.1,95.1,206.6
gemma-3-1b-it_tensorrt_llm_bls,GPU-daf97dbd-b56b-dab3-0b2c-c0bf8a309c92,1,32,gemma-3-1b-it_tensorrt_llm_bls_config_72,26:GPU,Yes,22106.1,92.4,205.4
gemma-3-1b-it_tensorrt_llm_bls,GPU-daf97dbd-b56b-dab3-0b2c-c0bf8a309c92,1,64,gemma-3-1b-it_tensorrt_llm_bls_config_72,26:GPU,No,22106.1,92.5,204.5
gemma-3-1b-it_tensorrt_llm_bls,GPU-daf97dbd-b56b-dab3-0b2c-c0bf8a309c92,1,8,gemma-3-1b-it_tensorrt_llm_bls_config_40,15:GPU,Yes,22104.0,95.1,208.9
gemma-3-1b-it_tensorrt_llm_bls,GPU-daf97dbd-b56b-dab3-0b2c-c0bf8a309c92,1,4,gemma-3-1b-it_tensorrt_llm_bls_config_40,15:GPU,Yes,22104.0,95.1,232.3
gemma-3-1b-it_tensorrt_llm_bls,GPU-daf97dbd-b56b-dab3-0b2c-c0bf8a309c92,1,2,gemma-3-1b-it_tensorrt_llm_bls_config_40,15:GPU,Yes,22104.0,95.1,211.6
gemma-3-1b-it_tensorrt_llm_bls,GPU-daf97dbd-b56b-dab3-0b2c-c0bf8a309c92,1,16,gemma-3-1b-it_tensorrt_llm_bls_config_40,15:GPU,Yes,22104.0,95.0,207.5
gemma-3-1b-it_tensorrt_llm_bls,GPU-daf97dbd-b56b-dab3-0b2c-c0bf8a309c92,1,32,gemma-3-1b-it_tensorrt_llm_bls_config_40,15:GPU,Yes,22104.0,94.9,208.7
gemma-3-1b-it_tensorrt_llm_bls,GPU-daf97dbd-b56b-dab3-0b2c-c0bf8a309c92,1,1,gemma-3-1b-it_tensorrt_llm_bls_config_40,15:GPU,Yes,22104.0,95.0,207.3
gemma-3-1b-it_tensorrt_llm_bls,GPU-daf97dbd-b56b-dab3-0b2c-c0bf8a309c92,1,64,gemma-3-1b-it_tensorrt_llm_bls_config_40,15:GPU,Yes,22104.0,95.1,208.4
gemma-3-1b-it_tensorrt_llm_bls,GPU-daf97dbd-b56b-dab3-0b2c-c0bf8a309c92,1,8,gemma-3-1b-it_tensorrt_llm_bls_config_66,24:GPU,Yes,22106.1,94.9,207.5
gemma-3-1b-it_tensorrt_llm_bls,GPU-daf97dbd-b56b-dab3-0b2c-c0bf8a309c92,1,4,gemma-3-1b-it_tensorrt_llm_bls_config_66,24:GPU,Yes,22106.1,95.1,232.6
gemma-3-1b-it_tensorrt_llm_bls,GPU-daf97dbd-b56b-dab3-0b2c-c0bf8a309c92,1,16,gemma-3-1b-it_tensorrt_llm_bls_config_66,24:GPU,Yes,22106.1,92.4,207.2
gemma-3-1b-it_tensorrt_llm_bls,GPU-daf97dbd-b56b-dab3-0b2c-c0bf8a309c92,1,2,gemma-3-1b-it_tensorrt_llm_bls_config_66,24:GPU,Yes,22106.1,95.1,211.5
gemma-3-1b-it_tensorrt_llm_bls,GPU-daf97dbd-b56b-dab3-0b2c-c0bf8a309c92,1,32,gemma-3-1b-it_tensorrt_llm_bls_config_66,24:GPU,Yes,22106.1,95.0,207.8
gemma-3-1b-it_tensorrt_llm_bls,GPU-daf97dbd-b56b-dab3-0b2c-c0bf8a309c92,1,1,gemma-3-1b-it_tensorrt_llm_bls_config_66,24:GPU,Yes,22106.1,95.0,206.8
gemma-3-1b-it_tensorrt_llm_bls,GPU-daf97dbd-b56b-dab3-0b2c-c0bf8a309c92,1,64,gemma-3-1b-it_tensorrt_llm_bls_config_66,24:GPU,No,22106.1,92.2,204.4
gemma-3-1b-it_tensorrt_llm_bls,GPU-daf97dbd-b56b-dab3-0b2c-c0bf8a309c92,1,8,gemma-3-1b-it_tensorrt_llm_bls_config_90,32:GPU,Yes,22106.1,95.0,208.2
gemma-3-1b-it_tensorrt_llm_bls,GPU-daf97dbd-b56b-dab3-0b2c-c0bf8a309c92,1,4,gemma-3-1b-it_tensorrt_llm_bls_config_90,32:GPU,Yes,22106.1,95.2,231.9
gemma-3-1b-it_tensorrt_llm_bls,GPU-daf97dbd-b56b-dab3-0b2c-c0bf8a309c92,1,16,gemma-3-1b-it_tensorrt_llm_bls_config_90,32:GPU,Yes,22106.1,92.2,205.8
gemma-3-1b-it_tensorrt_llm_bls,GPU-daf97dbd-b56b-dab3-0b2c-c0bf8a309c92,1,2,gemma-3-1b-it_tensorrt_llm_bls_config_90,32:GPU,Yes,22106.1,95.1,210.9
gemma-3-1b-it_tensorrt_llm_bls,GPU-daf97dbd-b56b-dab3-0b2c-c0bf8a309c92,1,32,gemma-3-1b-it_tensorrt_llm_bls_config_90,32:GPU,Yes,22106.1,92.2,205.6
gemma-3-1b-it_tensorrt_llm_bls,GPU-daf97dbd-b56b-dab3-0b2c-c0bf8a309c92,1,1,gemma-3-1b-it_tensorrt_llm_bls_config_90,32:GPU,Yes,22106.1,94.8,207.2
gemma-3-1b-it_tensorrt_llm_bls,GPU-daf97dbd-b56b-dab3-0b2c-c0bf8a309c92,1,64,gemma-3-1b-it_tensorrt_llm_bls_config_90,32:GPU,No,22106.1,94.9,209.2
gemma-3-1b-it_tensorrt_llm_bls,GPU-daf97dbd-b56b-dab3-0b2c-c0bf8a309c92,1,8,gemma-3-1b-it_tensorrt_llm_bls_config_31,11:GPU,Yes,22104.0,95.0,208.3
gemma-3-1b-it_tensorrt_llm_bls,GPU-daf97dbd-b56b-dab3-0b2c-c0bf8a309c92,1,4,gemma-3-1b-it_tensorrt_llm_bls_config_31,11:GPU,Yes,22104.0,92.4,228.3
gemma-3-1b-it_tensorrt_llm_bls,GPU-daf97dbd-b56b-dab3-0b2c-c0bf8a309c92,1,2,gemma-3-1b-it_tensorrt_llm_bls_config_31,11:GPU,Yes,22104.0,92.6,207.8
gemma-3-1b-it_tensorrt_llm_bls,GPU-daf97dbd-b56b-dab3-0b2c-c0bf8a309c92,1,16,gemma-3-1b-it_tensorrt_llm_bls_config_31,11:GPU,Yes,22104.0,95.0,207.1
gemma-3-1b-it_tensorrt_llm_bls,GPU-daf97dbd-b56b-dab3-0b2c-c0bf8a309c92,1,32,gemma-3-1b-it_tensorrt_llm_bls_config_31,11:GPU,Yes,22104.0,92.3,204.8
gemma-3-1b-it_tensorrt_llm_bls,GPU-daf97dbd-b56b-dab3-0b2c-c0bf8a309c92,1,1,gemma-3-1b-it_tensorrt_llm_bls_config_31,11:GPU,Yes,22104.0,92.4,205.5
gemma-3-1b-it_tensorrt_llm_bls,GPU-daf97dbd-b56b-dab3-0b2c-c0bf8a309c92,1,64,gemma-3-1b-it_tensorrt_llm_bls_config_31,11:GPU,Yes,22104.0,92.4,204.4
gemma-3-1b-it_tensorrt_llm_bls,GPU-daf97dbd-b56b-dab3-0b2c-c0bf8a309c92,1,8,gemma-3-1b-it_tensorrt_llm_bls_config_104,38:GPU,Yes,22108.2,95.0,208.8
gemma-3-1b-it_tensorrt_llm_bls,GPU-daf97dbd-b56b-dab3-0b2c-c0bf8a309c92,1,4,gemma-3-1b-it_tensorrt_llm_bls_config_104,38:GPU,Yes,22108.2,95.0,233.3
gemma-3-1b-it_tensorrt_llm_bls,GPU-daf97dbd-b56b-dab3-0b2c-c0bf8a309c92,1,16,gemma-3-1b-it_tensorrt_llm_bls_config_104,38:GPU,Yes,22108.2,92.2,206.3
gemma-3-1b-it_tensorrt_llm_bls,GPU-daf97dbd-b56b-dab3-0b2c-c0bf8a309c92,1,2,gemma-3-1b-it_tensorrt_llm_bls_config_104,38:GPU,Yes,22108.2,95.2,211.9
gemma-3-1b-it_tensorrt_llm_bls,GPU-daf97dbd-b56b-dab3-0b2c-c0bf8a309c92,1,32,gemma-3-1b-it_tensorrt_llm_bls_config_104,38:GPU,Yes,22108.2,92.4,207.7
gemma-3-1b-it_tensorrt_llm_bls,GPU-daf97dbd-b56b-dab3-0b2c-c0bf8a309c92,1,1,gemma-3-1b-it_tensorrt_llm_bls_config_104,38:GPU,Yes,22108.2,92.2,204.1
gemma-3-1b-it_tensorrt_llm_bls,GPU-daf97dbd-b56b-dab3-0b2c-c0bf8a309c92,1,64,gemma-3-1b-it_tensorrt_llm_bls_config_104,38:GPU,No,22108.2,94.8,210.0
gemma-3-1b-it_tensorrt_llm_bls,GPU-daf97dbd-b56b-dab3-0b2c-c0bf8a309c92,1,8,gemma-3-1b-it_tensorrt_llm_bls_config_54,19:GPU,Yes,22106.1,95.0,207.8
gemma-3-1b-it_tensorrt_llm_bls,GPU-daf97dbd-b56b-dab3-0b2c-c0bf8a309c92,1,4,gemma-3-1b-it_tensorrt_llm_bls_config_54,19:GPU,Yes,22106.1,95.1,230.7
gemma-3-1b-it_tensorrt_llm_bls,GPU-daf97dbd-b56b-dab3-0b2c-c0bf8a309c92,1,16,gemma-3-1b-it_tensorrt_llm_bls_config_54,19:GPU,Yes,22106.1,94.9,207.1
gemma-3-1b-it_tensorrt_llm_bls,GPU-daf97dbd-b56b-dab3-0b2c-c0bf8a309c92,1,2,gemma-3-1b-it_tensorrt_llm_bls_config_54,19:GPU,Yes,22106.1,95.2,211.0
gemma-3-1b-it_tensorrt_llm_bls,GPU-daf97dbd-b56b-dab3-0b2c-c0bf8a309c92,1,32,gemma-3-1b-it_tensorrt_llm_bls_config_54,19:GPU,Yes,22106.1,94.8,204.9
gemma-3-1b-it_tensorrt_llm_bls,GPU-daf97dbd-b56b-dab3-0b2c-c0bf8a309c92,1,1,gemma-3-1b-it_tensorrt_llm_bls_config_54,19:GPU,Yes,22106.1,94.8,208.2
gemma-3-1b-it_tensorrt_llm_bls,GPU-daf97dbd-b56b-dab3-0b2c-c0bf8a309c92,1,64,gemma-3-1b-it_tensorrt_llm_bls_config_54,19:GPU,No,22106.1,92.3,204.6
gemma-3-1b-it_tensorrt_llm_bls,GPU-daf97dbd-b56b-dab3-0b2c-c0bf8a309c92,1,8,gemma-3-1b-it_tensorrt_llm_bls_config_98,35:GPU,Yes,22108.2,95.1,212.7
gemma-3-1b-it_tensorrt_llm_bls,GPU-daf97dbd-b56b-dab3-0b2c-c0bf8a309c92,1,4,gemma-3-1b-it_tensorrt_llm_bls_config_98,35:GPU,Yes,22108.2,92.4,229.0
gemma-3-1b-it_tensorrt_llm_bls,GPU-daf97dbd-b56b-dab3-0b2c-c0bf8a309c92,1,16,gemma-3-1b-it_tensorrt_llm_bls_config_98,35:GPU,Yes,22108.2,95.0,208.5
gemma-3-1b-it_tensorrt_llm_bls,GPU-daf97dbd-b56b-dab3-0b2c-c0bf8a309c92,1,2,gemma-3-1b-it_tensorrt_llm_bls_config_98,35:GPU,Yes,22108.2,95.2,211.4
gemma-3-1b-it_tensorrt_llm_bls,GPU-daf97dbd-b56b-dab3-0b2c-c0bf8a309c92,1,1,gemma-3-1b-it_tensorrt_llm_bls_config_98,35:GPU,Yes,22108.2,92.1,206.4
gemma-3-1b-it_tensorrt_llm_bls,GPU-daf97dbd-b56b-dab3-0b2c-c0bf8a309c92,1,32,gemma-3-1b-it_tensorrt_llm_bls_config_98,35:GPU,Yes,22108.2,95.3,209.2
gemma-3-1b-it_tensorrt_llm_bls,GPU-daf97dbd-b56b-dab3-0b2c-c0bf8a309c92,1,64,gemma-3-1b-it_tensorrt_llm_bls_config_98,35:GPU,No,22108.2,95.0,208.1
gemma-3-1b-it_tensorrt_llm_bls,GPU-daf97dbd-b56b-dab3-0b2c-c0bf8a309c92,1,8,gemma-3-1b-it_tensorrt_llm_bls_config_109,40:GPU,Yes,22108.2,93.9,207.9
gemma-3-1b-it_tensorrt_llm_bls,GPU-daf97dbd-b56b-dab3-0b2c-c0bf8a309c92,1,4,gemma-3-1b-it_tensorrt_llm_bls_config_109,40:GPU,Yes,22108.2,95.1,233.1
gemma-3-1b-it_tensorrt_llm_bls,GPU-daf97dbd-b56b-dab3-0b2c-c0bf8a309c92,1,16,gemma-3-1b-it_tensorrt_llm_bls_config_109,40:GPU,Yes,22108.2,92.4,205.8
gemma-3-1b-it_tensorrt_llm_bls,GPU-daf97dbd-b56b-dab3-0b2c-c0bf8a309c92,1,2,gemma-3-1b-it_tensorrt_llm_bls_config_109,40:GPU,Yes,22108.2,95.2,211.7
gemma-3-1b-it_tensorrt_llm_bls,GPU-daf97dbd-b56b-dab3-0b2c-c0bf8a309c92,1,32,gemma-3-1b-it_tensorrt_llm_bls_config_109,40:GPU,Yes,22108.2,95.0,209.6
gemma-3-1b-it_tensorrt_llm_bls,GPU-daf97dbd-b56b-dab3-0b2c-c0bf8a309c92,1,1,gemma-3-1b-it_tensorrt_llm_bls_config_109,40:GPU,Yes,22108.2,94.9,208.6
gemma-3-1b-it_tensorrt_llm_bls,GPU-daf97dbd-b56b-dab3-0b2c-c0bf8a309c92,1,64,gemma-3-1b-it_tensorrt_llm_bls_config_109,40:GPU,No,22108.2,95.0,209.6
gemma-3-1b-it_tensorrt_llm_bls,GPU-daf97dbd-b56b-dab3-0b2c-c0bf8a309c92,1,8,gemma-3-1b-it_tensorrt_llm_bls_config_118,44:GPU,Yes,22108.2,95.2,211.5
gemma-3-1b-it_tensorrt_llm_bls,GPU-daf97dbd-b56b-dab3-0b2c-c0bf8a309c92,1,4,gemma-3-1b-it_tensorrt_llm_bls_config_118,44:GPU,Yes,22108.2,92.5,230.0
gemma-3-1b-it_tensorrt_llm_bls,GPU-daf97dbd-b56b-dab3-0b2c-c0bf8a309c92,1,2,gemma-3-1b-it_tensorrt_llm_bls_config_118,44:GPU,Yes,22108.2,92.6,210.2
gemma-3-1b-it_tensorrt_llm_bls,GPU-daf97dbd-b56b-dab3-0b2c-c0bf8a309c92,1,16,gemma-3-1b-it_tensorrt_llm_bls_config_118,44:GPU,Yes,22108.2,95.1,209.5
gemma-3-1b-it_tensorrt_llm_bls,GPU-daf97dbd-b56b-dab3-0b2c-c0bf8a309c92,1,32,gemma-3-1b-it_tensorrt_llm_bls_config_118,44:GPU,Yes,22108.2,92.4,206.7
gemma-3-1b-it_tensorrt_llm_bls,GPU-daf97dbd-b56b-dab3-0b2c-c0bf8a309c92,1,1,gemma-3-1b-it_tensorrt_llm_bls_config_118,44:GPU,Yes,22108.2,94.8,208.2
gemma-3-1b-it_tensorrt_llm_bls,GPU-daf97dbd-b56b-dab3-0b2c-c0bf8a309c92,1,64,gemma-3-1b-it_tensorrt_llm_bls_config_118,44:GPU,No,22108.2,94.9,210.4
gemma-3-1b-it_tensorrt_llm_bls,GPU-daf97dbd-b56b-dab3-0b2c-c0bf8a309c92,1,8,gemma-3-1b-it_tensorrt_llm_bls_config_116,43:GPU,Yes,22108.2,95.1,212.1
gemma-3-1b-it_tensorrt_llm_bls,GPU-daf97dbd-b56b-dab3-0b2c-c0bf8a309c92,1,4,gemma-3-1b-it_tensorrt_llm_bls_config_116,43:GPU,Yes,22108.2,92.4,230.8
gemma-3-1b-it_tensorrt_llm_bls,GPU-daf97dbd-b56b-dab3-0b2c-c0bf8a309c92,1,16,gemma-3-1b-it_tensorrt_llm_bls_config_116,43:GPU,Yes,22108.2,95.0,210.4
gemma-3-1b-it_tensorrt_llm_bls,GPU-daf97dbd-b56b-dab3-0b2c-c0bf8a309c92,1,2,gemma-3-1b-it_tensorrt_llm_bls_config_116,43:GPU,Yes,22108.2,95.2,212.8
gemma-3-1b-it_tensorrt_llm_bls,GPU-daf97dbd-b56b-dab3-0b2c-c0bf8a309c92,1,32,gemma-3-1b-it_tensorrt_llm_bls_config_116,43:GPU,Yes,22108.2,94.7,209.6
gemma-3-1b-it_tensorrt_llm_bls,GPU-daf97dbd-b56b-dab3-0b2c-c0bf8a309c92,1,1,gemma-3-1b-it_tensorrt_llm_bls_config_116,43:GPU,Yes,22108.2,94.9,209.7
gemma-3-1b-it_tensorrt_llm_bls,GPU-daf97dbd-b56b-dab3-0b2c-c0bf8a309c92,1,64,gemma-3-1b-it_tensorrt_llm_bls_config_116,43:GPU,No,22108.2,92.4,209.5
gemma-3-1b-it_tensorrt_llm_bls,GPU-daf97dbd-b56b-dab3-0b2c-c0bf8a309c92,1,8,gemma-3-1b-it_tensorrt_llm_bls_config_91,32:GPU,Yes,22106.1,94.2,207.9
gemma-3-1b-it_tensorrt_llm_bls,GPU-daf97dbd-b56b-dab3-0b2c-c0bf8a309c92,1,4,gemma-3-1b-it_tensorrt_llm_bls_config_91,32:GPU,Yes,22106.1,95.2,233.0
gemma-3-1b-it_tensorrt_llm_bls,GPU-daf97dbd-b56b-dab3-0b2c-c0bf8a309c92,1,16,gemma-3-1b-it_tensorrt_llm_bls_config_91,32:GPU,Yes,22106.1,92.5,206.2
gemma-3-1b-it_tensorrt_llm_bls,GPU-daf97dbd-b56b-dab3-0b2c-c0bf8a309c92,1,2,gemma-3-1b-it_tensorrt_llm_bls_config_91,32:GPU,Yes,22106.1,95.1,211.7
gemma-3-1b-it_tensorrt_llm_bls,GPU-daf97dbd-b56b-dab3-0b2c-c0bf8a309c92,1,1,gemma-3-1b-it_tensorrt_llm_bls_config_91,32:GPU,Yes,22106.1,95.0,208.6
gemma-3-1b-it_tensorrt_llm_bls,GPU-daf97dbd-b56b-dab3-0b2c-c0bf8a309c92,1,32,gemma-3-1b-it_tensorrt_llm_bls_config_91,32:GPU,Yes,22106.1,92.3,206.1
gemma-3-1b-it_tensorrt_llm_bls,GPU-daf97dbd-b56b-dab3-0b2c-c0bf8a309c92,1,64,gemma-3-1b-it_tensorrt_llm_bls_config_91,32:GPU,No,22106.1,95.0,209.8
gemma-3-1b-it_tensorrt_llm_bls,GPU-daf97dbd-b56b-dab3-0b2c-c0bf8a309c92,1,8,gemma-3-1b-it_tensorrt_llm_bls_config_42,15:GPU,Yes,22104.0,94.9,208.0
gemma-3-1b-it_tensorrt_llm_bls,GPU-daf97dbd-b56b-dab3-0b2c-c0bf8a309c92,1,4,gemma-3-1b-it_tensorrt_llm_bls_config_42,15:GPU,Yes,22104.0,95.2,231.6
gemma-3-1b-it_tensorrt_llm_bls,GPU-daf97dbd-b56b-dab3-0b2c-c0bf8a309c92,1,2,gemma-3-1b-it_tensorrt_llm_bls_config_42,15:GPU,Yes,22104.0,95.1,210.8
gemma-3-1b-it_tensorrt_llm_bls,GPU-daf97dbd-b56b-dab3-0b2c-c0bf8a309c92,1,16,gemma-3-1b-it_tensorrt_llm_bls_config_42,15:GPU,Yes,22104.0,95.0,207.5
gemma-3-1b-it_tensorrt_llm_bls,GPU-daf97dbd-b56b-dab3-0b2c-c0bf8a309c92,1,1,gemma-3-1b-it_tensorrt_llm_bls_config_42,15:GPU,Yes,22104.0,94.9,206.9
gemma-3-1b-it_tensorrt_llm_bls,GPU-daf97dbd-b56b-dab3-0b2c-c0bf8a309c92,1,32,gemma-3-1b-it_tensorrt_llm_bls_config_42,15:GPU,No,22104.0,94.8,206.7
gemma-3-1b-it_tensorrt_llm_bls,GPU-daf97dbd-b56b-dab3-0b2c-c0bf8a309c92,1,64,gemma-3-1b-it_tensorrt_llm_bls_config_42,15:GPU,No,22104.0,95.0,207.8
gemma-3-1b-it_tensorrt_llm_bls,GPU-daf97dbd-b56b-dab3-0b2c-c0bf8a309c92,1,8,gemma-3-1b-it_tensorrt_llm_bls_config_73,26:GPU,Yes,22106.1,92.3,205.2
gemma-3-1b-it_tensorrt_llm_bls,GPU-daf97dbd-b56b-dab3-0b2c-c0bf8a309c92,1,4,gemma-3-1b-it_tensorrt_llm_bls_config_73,26:GPU,Yes,22106.1,92.6,228.2
gemma-3-1b-it_tensorrt_llm_bls,GPU-daf97dbd-b56b-dab3-0b2c-c0bf8a309c92,1,16,gemma-3-1b-it_tensorrt_llm_bls_config_73,26:GPU,Yes,22106.1,92.2,206.2
gemma-3-1b-it_tensorrt_llm_bls,GPU-daf97dbd-b56b-dab3-0b2c-c0bf8a309c92,1,2,gemma-3-1b-it_tensorrt_llm_bls_config_73,26:GPU,Yes,22106.1,95.2,210.9
gemma-3-1b-it_tensorrt_llm_bls,GPU-daf97dbd-b56b-dab3-0b2c-c0bf8a309c92,1,1,gemma-3-1b-it_tensorrt_llm_bls_config_73,26:GPU,Yes,22106.1,93.1,205.6
gemma-3-1b-it_tensorrt_llm_bls,GPU-daf97dbd-b56b-dab3-0b2c-c0bf8a309c92,1,32,gemma-3-1b-it_tensorrt_llm_bls_config_73,26:GPU,Yes,22106.1,94.8,208.7
gemma-3-1b-it_tensorrt_llm_bls,GPU-daf97dbd-b56b-dab3-0b2c-c0bf8a309c92,1,64,gemma-3-1b-it_tensorrt_llm_bls_config_73,26:GPU,No,22106.1,94.9,208.4
gemma-3-1b-it_tensorrt_llm_bls,GPU-daf97dbd-b56b-dab3-0b2c-c0bf8a309c92,1,8,gemma-3-1b-it_tensorrt_llm_bls_config_127,47:GPU,Yes,22108.2,92.5,207.7
gemma-3-1b-it_tensorrt_llm_bls,GPU-daf97dbd-b56b-dab3-0b2c-c0bf8a309c92,1,4,gemma-3-1b-it_tensorrt_llm_bls_config_127,47:GPU,Yes,22108.2,95.1,234.7
gemma-3-1b-it_tensorrt_llm_bls,GPU-daf97dbd-b56b-dab3-0b2c-c0bf8a309c92,1,16,gemma-3-1b-it_tensorrt_llm_bls_config_127,47:GPU,Yes,22108.2,92.2,206.8
gemma-3-1b-it_tensorrt_llm_bls,GPU-daf97dbd-b56b-dab3-0b2c-c0bf8a309c92,1,2,gemma-3-1b-it_tensorrt_llm_bls_config_127,47:GPU,Yes,22108.2,95.1,214.9
gemma-3-1b-it_tensorrt_llm_bls,GPU-daf97dbd-b56b-dab3-0b2c-c0bf8a309c92,1,32,gemma-3-1b-it_tensorrt_llm_bls_config_127,47:GPU,Yes,22108.2,95.2,210.8
gemma-3-1b-it_tensorrt_llm_bls,GPU-daf97dbd-b56b-dab3-0b2c-c0bf8a309c92,1,1,gemma-3-1b-it_tensorrt_llm_bls_config_127,47:GPU,Yes,22108.2,93.2,207.6
gemma-3-1b-it_tensorrt_llm_bls,GPU-daf97dbd-b56b-dab3-0b2c-c0bf8a309c92,1,64,gemma-3-1b-it_tensorrt_llm_bls_config_127,47:GPU,No,22108.2,94.8,209.4
gemma-3-1b-it_tensorrt_llm_bls,GPU-daf97dbd-b56b-dab3-0b2c-c0bf8a309c92,1,8,gemma-3-1b-it_tensorrt_llm_bls_config_139,51:GPU,Yes,22112.4,92.1,208.1
gemma-3-1b-it_tensorrt_llm_bls,GPU-daf97dbd-b56b-dab3-0b2c-c0bf8a309c92,1,4,gemma-3-1b-it_tensorrt_llm_bls_config_139,51:GPU,Yes,22112.4,95.1,233.9
gemma-3-1b-it_tensorrt_llm_bls,GPU-daf97dbd-b56b-dab3-0b2c-c0bf8a309c92,1,16,gemma-3-1b-it_tensorrt_llm_bls_config_139,51:GPU,Yes,22112.4,95.1,211.6
gemma-3-1b-it_tensorrt_llm_bls,GPU-daf97dbd-b56b-dab3-0b2c-c0bf8a309c92,1,2,gemma-3-1b-it_tensorrt_llm_bls_config_139,51:GPU,Yes,22112.4,95.2,213.8
gemma-3-1b-it_tensorrt_llm_bls,GPU-daf97dbd-b56b-dab3-0b2c-c0bf8a309c92,1,32,gemma-3-1b-it_tensorrt_llm_bls_config_139,51:GPU,Yes,22112.4,95.0,210.5
gemma-3-1b-it_tensorrt_llm_bls,GPU-daf97dbd-b56b-dab3-0b2c-c0bf8a309c92,1,1,gemma-3-1b-it_tensorrt_llm_bls_config_139,51:GPU,Yes,22112.4,92.3,207.8
gemma-3-1b-it_tensorrt_llm_bls,GPU-daf97dbd-b56b-dab3-0b2c-c0bf8a309c92,1,64,gemma-3-1b-it_tensorrt_llm_bls_config_139,51:GPU,No,22112.4,92.5,207.2
gemma-3-1b-it_tensorrt_llm_bls,GPU-daf97dbd-b56b-dab3-0b2c-c0bf8a309c92,1,8,gemma-3-1b-it_tensorrt_llm_bls_config_114,42:GPU,Yes,22108.2,95.2,210.5
gemma-3-1b-it_tensorrt_llm_bls,GPU-daf97dbd-b56b-dab3-0b2c-c0bf8a309c92,1,4,gemma-3-1b-it_tensorrt_llm_bls_config_114,42:GPU,Yes,22108.2,92.8,232.0
gemma-3-1b-it_tensorrt_llm_bls,GPU-daf97dbd-b56b-dab3-0b2c-c0bf8a309c92,1,16,gemma-3-1b-it_tensorrt_llm_bls_config_114,42:GPU,Yes,22108.2,94.8,209.4
gemma-3-1b-it_tensorrt_llm_bls,GPU-daf97dbd-b56b-dab3-0b2c-c0bf8a309c92,1,2,gemma-3-1b-it_tensorrt_llm_bls_config_114,42:GPU,Yes,22108.2,92.5,210.1
gemma-3-1b-it_tensorrt_llm_bls,GPU-daf97dbd-b56b-dab3-0b2c-c0bf8a309c92,1,1,gemma-3-1b-it_tensorrt_llm_bls_config_114,42:GPU,Yes,22108.2,94.9,208.0
gemma-3-1b-it_tensorrt_llm_bls,GPU-daf97dbd-b56b-dab3-0b2c-c0bf8a309c92,1,32,gemma-3-1b-it_tensorrt_llm_bls_config_114,42:GPU,Yes,22108.2,94.8,210.0
gemma-3-1b-it_tensorrt_llm_bls,GPU-daf97dbd-b56b-dab3-0b2c-c0bf8a309c92,1,64,gemma-3-1b-it_tensorrt_llm_bls_config_114,42:GPU,No,22108.2,92.1,207.1
gemma-3-1b-it_tensorrt_llm_bls,GPU-daf97dbd-b56b-dab3-0b2c-c0bf8a309c92,1,8,gemma-3-1b-it_tensorrt_llm_bls_config_77,27:GPU,Yes,22106.1,92.5,206.8
gemma-3-1b-it_tensorrt_llm_bls,GPU-daf97dbd-b56b-dab3-0b2c-c0bf8a309c92,1,4,gemma-3-1b-it_tensorrt_llm_bls_config_77,27:GPU,Yes,22106.1,95.0,230.4
gemma-3-1b-it_tensorrt_llm_bls,GPU-daf97dbd-b56b-dab3-0b2c-c0bf8a309c92,1,2,gemma-3-1b-it_tensorrt_llm_bls_config_77,27:GPU,Yes,22106.1,95.3,210.3
gemma-3-1b-it_tensorrt_llm_bls,GPU-daf97dbd-b56b-dab3-0b2c-c0bf8a309c92,1,16,gemma-3-1b-it_tensorrt_llm_bls_config_77,27:GPU,Yes,22106.1,92.1,204.8
gemma-3-1b-it_tensorrt_llm_bls,GPU-daf97dbd-b56b-dab3-0b2c-c0bf8a309c92,1,1,gemma-3-1b-it_tensorrt_llm_bls_config_77,27:GPU,Yes,22106.1,92.2,205.1
gemma-3-1b-it_tensorrt_llm_bls,GPU-daf97dbd-b56b-dab3-0b2c-c0bf8a309c92,1,32,gemma-3-1b-it_tensorrt_llm_bls_config_77,27:GPU,No,22106.1,94.8,208.8
gemma-3-1b-it_tensorrt_llm_bls,GPU-daf97dbd-b56b-dab3-0b2c-c0bf8a309c92,1,64,gemma-3-1b-it_tensorrt_llm_bls_config_77,27:GPU,No,22106.1,94.9,207.8
gemma-3-1b-it_tensorrt_llm_bls,GPU-daf97dbd-b56b-dab3-0b2c-c0bf8a309c92,1,8,gemma-3-1b-it_tensorrt_llm_bls_config_88,31:GPU,Yes,22106.1,95.0,209.9
gemma-3-1b-it_tensorrt_llm_bls,GPU-daf97dbd-b56b-dab3-0b2c-c0bf8a309c92,1,4,gemma-3-1b-it_tensorrt_llm_bls_config_88,31:GPU,Yes,22106.1,95.1,232.5
gemma-3-1b-it_tensorrt_llm_bls,GPU-daf97dbd-b56b-dab3-0b2c-c0bf8a309c92,1,16,gemma-3-1b-it_tensorrt_llm_bls_config_88,31:GPU,Yes,22106.1,95.0,207.9
gemma-3-1b-it_tensorrt_llm_bls,GPU-daf97dbd-b56b-dab3-0b2c-c0bf8a309c92,1,2,gemma-3-1b-it_tensorrt_llm_bls_config_88,31:GPU,Yes,22106.1,95.1,212.1
gemma-3-1b-it_tensorrt_llm_bls,GPU-daf97dbd-b56b-dab3-0b2c-c0bf8a309c92,1,32,gemma-3-1b-it_tensorrt_llm_bls_config_88,31:GPU,Yes,22106.1,92.0,205.5
gemma-3-1b-it_tensorrt_llm_bls,GPU-daf97dbd-b56b-dab3-0b2c-c0bf8a309c92,1,1,gemma-3-1b-it_tensorrt_llm_bls_config_88,31:GPU,Yes,22106.1,92.2,203.4
gemma-3-1b-it_tensorrt_llm_bls,GPU-daf97dbd-b56b-dab3-0b2c-c0bf8a309c92,1,64,gemma-3-1b-it_tensorrt_llm_bls_config_88,31:GPU,No,22106.1,94.2,208.1
gemma-3-1b-it_tensorrt_llm_bls,GPU-daf97dbd-b56b-dab3-0b2c-c0bf8a309c92,1,8,gemma-3-1b-it_tensorrt_llm_bls_config_107,39:GPU,Yes,22108.2,95.0,209.3
gemma-3-1b-it_tensorrt_llm_bls,GPU-daf97dbd-b56b-dab3-0b2c-c0bf8a309c92,1,4,gemma-3-1b-it_tensorrt_llm_bls_config_107,39:GPU,Yes,22108.2,95.2,233.9
gemma-3-1b-it_tensorrt_llm_bls,GPU-daf97dbd-b56b-dab3-0b2c-c0bf8a309c92,1,16,gemma-3-1b-it_tensorrt_llm_bls_config_107,39:GPU,Yes,22108.2,92.2,206.5
gemma-3-1b-it_tensorrt_llm_bls,GPU-daf97dbd-b56b-dab3-0b2c-c0bf8a309c92,1,2,gemma-3-1b-it_tensorrt_llm_bls_config_107,39:GPU,Yes,22108.2,92.5,207.2
gemma-3-1b-it_tensorrt_llm_bls,GPU-daf97dbd-b56b-dab3-0b2c-c0bf8a309c92,1,32,gemma-3-1b-it_tensorrt_llm_bls_config_107,39:GPU,Yes,22108.2,92.3,205.9
gemma-3-1b-it_tensorrt_llm_bls,GPU-daf97dbd-b56b-dab3-0b2c-c0bf8a309c92,1,1,gemma-3-1b-it_tensorrt_llm_bls_config_107,39:GPU,Yes,22108.2,92.2,203.7
gemma-3-1b-it_tensorrt_llm_bls,GPU-daf97dbd-b56b-dab3-0b2c-c0bf8a309c92,1,64,gemma-3-1b-it_tensorrt_llm_bls_config_107,39:GPU,No,22108.2,94.8,210.2
gemma-3-1b-it_tensorrt_llm_bls,GPU-daf97dbd-b56b-dab3-0b2c-c0bf8a309c92,1,8,gemma-3-1b-it_tensorrt_llm_bls_config_80,28:GPU,Yes,22106.1,92.5,206.6
gemma-3-1b-it_tensorrt_llm_bls,GPU-daf97dbd-b56b-dab3-0b2c-c0bf8a309c92,1,4,gemma-3-1b-it_tensorrt_llm_bls_config_80,28:GPU,Yes,22106.1,95.2,231.1
gemma-3-1b-it_tensorrt_llm_bls,GPU-daf97dbd-b56b-dab3-0b2c-c0bf8a309c92,1,16,gemma-3-1b-it_tensorrt_llm_bls_config_80,28:GPU,Yes,22106.1,94.9,207.9
gemma-3-1b-it_tensorrt_llm_bls,GPU-daf97dbd-b56b-dab3-0b2c-c0bf8a309c92,1,2,gemma-3-1b-it_tensorrt_llm_bls_config_80,28:GPU,Yes,22106.1,92.5,208.0
gemma-3-1b-it_tensorrt_llm_bls,GPU-daf97dbd-b56b-dab3-0b2c-c0bf8a309c92,1,1,gemma-3-1b-it_tensorrt_llm_bls_config_80,28:GPU,Yes,22106.1,92.5,205.6
gemma-3-1b-it_tensorrt_llm_bls,GPU-daf97dbd-b56b-dab3-0b2c-c0bf8a309c92,1,32,gemma-3-1b-it_tensorrt_llm_bls_config_80,28:GPU,No,22106.1,94.9,209.1
gemma-3-1b-it_tensorrt_llm_bls,GPU-daf97dbd-b56b-dab3-0b2c-c0bf8a309c92,1,64,gemma-3-1b-it_tensorrt_llm_bls_config_80,28:GPU,No,22106.1,95.1,208.2
gemma-3-1b-it_tensorrt_llm_bls,GPU-daf97dbd-b56b-dab3-0b2c-c0bf8a309c92,1,8,gemma-3-1b-it_tensorrt_llm_bls_config_140,51:GPU,Yes,22112.4,95.0,211.1
gemma-3-1b-it_tensorrt_llm_bls,GPU-daf97dbd-b56b-dab3-0b2c-c0bf8a309c92,1,4,gemma-3-1b-it_tensorrt_llm_bls_config_140,51:GPU,Yes,22112.4,92.5,233.1
gemma-3-1b-it_tensorrt_llm_bls,GPU-daf97dbd-b56b-dab3-0b2c-c0bf8a309c92,1,16,gemma-3-1b-it_tensorrt_llm_bls_config_140,51:GPU,Yes,22112.4,94.5,207.8
gemma-3-1b-it_tensorrt_llm_bls,GPU-daf97dbd-b56b-dab3-0b2c-c0bf8a309c92,1,2,gemma-3-1b-it_tensorrt_llm_bls_config_140,51:GPU,Yes,22112.4,92.5,211.1
gemma-3-1b-it_tensorrt_llm_bls,GPU-daf97dbd-b56b-dab3-0b2c-c0bf8a309c92,1,1,gemma-3-1b-it_tensorrt_llm_bls_config_140,51:GPU,Yes,22112.4,94.8,209.0
gemma-3-1b-it_tensorrt_llm_bls,GPU-daf97dbd-b56b-dab3-0b2c-c0bf8a309c92,1,32,gemma-3-1b-it_tensorrt_llm_bls_config_140,51:GPU,Yes,22112.4,92.1,207.6
gemma-3-1b-it_tensorrt_llm_bls,GPU-daf97dbd-b56b-dab3-0b2c-c0bf8a309c92,1,64,gemma-3-1b-it_tensorrt_llm_bls_config_140,51:GPU,No,22112.4,94.9,211.0
gemma-3-1b-it_tensorrt_llm_bls,GPU-daf97dbd-b56b-dab3-0b2c-c0bf8a309c92,1,8,gemma-3-1b-it_tensorrt_llm_bls_config_27,9:GPU,Yes,22104.0,95.1,208.4
gemma-3-1b-it_tensorrt_llm_bls,GPU-daf97dbd-b56b-dab3-0b2c-c0bf8a309c92,1,4,gemma-3-1b-it_tensorrt_llm_bls_config_27,9:GPU,Yes,22104.0,95.1,231.2
gemma-3-1b-it_tensorrt_llm_bls,GPU-daf97dbd-b56b-dab3-0b2c-c0bf8a309c92,1,2,gemma-3-1b-it_tensorrt_llm_bls_config_27,9:GPU,Yes,22104.0,95.2,211.2
gemma-3-1b-it_tensorrt_llm_bls,GPU-daf97dbd-b56b-dab3-0b2c-c0bf8a309c92,1,16,gemma-3-1b-it_tensorrt_llm_bls_config_27,9:GPU,Yes,22104.0,92.0,205.1
gemma-3-1b-it_tensorrt_llm_bls,GPU-daf97dbd-b56b-dab3-0b2c-c0bf8a309c92,1,32,gemma-3-1b-it_tensorrt_llm_bls_config_27,9:GPU,Yes,22104.0,95.0,208.2
gemma-3-1b-it_tensorrt_llm_bls,GPU-daf97dbd-b56b-dab3-0b2c-c0bf8a309c92,1,1,gemma-3-1b-it_tensorrt_llm_bls_config_27,9:GPU,Yes,22104.0,92.3,203.5
gemma-3-1b-it_tensorrt_llm_bls,GPU-daf97dbd-b56b-dab3-0b2c-c0bf8a309c92,1,64,gemma-3-1b-it_tensorrt_llm_bls_config_27,9:GPU,No,22104.0,94.9,207.3
gemma-3-1b-it_tensorrt_llm_bls,GPU-daf97dbd-b56b-dab3-0b2c-c0bf8a309c92,1,8,gemma-3-1b-it_tensorrt_llm_bls_config_34,12:GPU,Yes,22104.0,92.5,207.4
gemma-3-1b-it_tensorrt_llm_bls,GPU-daf97dbd-b56b-dab3-0b2c-c0bf8a309c92,1,4,gemma-3-1b-it_tensorrt_llm_bls_config_34,12:GPU,Yes,22104.0,95.1,230.6
gemma-3-1b-it_tensorrt_llm_bls,GPU-daf97dbd-b56b-dab3-0b2c-c0bf8a309c92,1,2,gemma-3-1b-it_tensorrt_llm_bls_config_34,12:GPU,Yes,22104.0,95.2,209.7
gemma-3-1b-it_tensorrt_llm_bls,GPU-daf97dbd-b56b-dab3-0b2c-c0bf8a309c92,1,16,gemma-3-1b-it_tensorrt_llm_bls_config_34,12:GPU,Yes,22104.0,92.5,204.3
gemma-3-1b-it_tensorrt_llm_bls,GPU-daf97dbd-b56b-dab3-0b2c-c0bf8a309c92,1,32,gemma-3-1b-it_tensorrt_llm_bls_config_34,12:GPU,Yes,22104.0,94.8,206.8
gemma-3-1b-it_tensorrt_llm_bls,GPU-daf97dbd-b56b-dab3-0b2c-c0bf8a309c92,1,1,gemma-3-1b-it_tensorrt_llm_bls_config_34,12:GPU,Yes,22104.0,91.9,202.2
gemma-3-1b-it_tensorrt_llm_bls,GPU-daf97dbd-b56b-dab3-0b2c-c0bf8a309c92,1,64,gemma-3-1b-it_tensorrt_llm_bls_config_34,12:GPU,No,22104.0,92.1,204.2
gemma-3-1b-it_tensorrt_llm_bls,GPU-daf97dbd-b56b-dab3-0b2c-c0bf8a309c92,1,4,gemma-3-1b-it_tensorrt_llm_bls_config_13,4:GPU,Yes,22104.0,95.2,233.5
gemma-3-1b-it_tensorrt_llm_bls,GPU-daf97dbd-b56b-dab3-0b2c-c0bf8a309c92,1,2,gemma-3-1b-it_tensorrt_llm_bls_config_13,4:GPU,Yes,22104.0,95.2,212.3
gemma-3-1b-it_tensorrt_llm_bls,GPU-daf97dbd-b56b-dab3-0b2c-c0bf8a309c92,1,8,gemma-3-1b-it_tensorrt_llm_bls_config_13,4:GPU,Yes,22104.0,95.2,235.6
gemma-3-1b-it_tensorrt_llm_bls,GPU-daf97dbd-b56b-dab3-0b2c-c0bf8a309c92,1,1,gemma-3-1b-it_tensorrt_llm_bls_config_13,4:GPU,Yes,22104.0,95.0,208.6
gemma-3-1b-it_tensorrt_llm_bls,GPU-daf97dbd-b56b-dab3-0b2c-c0bf8a309c92,1,16,gemma-3-1b-it_tensorrt_llm_bls_config_13,4:GPU,Yes,22104.0,92.5,229.3
gemma-3-1b-it_tensorrt_llm_bls,GPU-daf97dbd-b56b-dab3-0b2c-c0bf8a309c92,1,32,gemma-3-1b-it_tensorrt_llm_bls_config_13,4:GPU,Yes,22104.0,92.6,228.9
gemma-3-1b-it_tensorrt_llm_bls,GPU-daf97dbd-b56b-dab3-0b2c-c0bf8a309c92,1,4,gemma-3-1b-it_tensorrt_llm_bls_config_151,55:GPU,Yes,22112.4,95.2,235.2
gemma-3-1b-it_tensorrt_llm_bls,GPU-daf97dbd-b56b-dab3-0b2c-c0bf8a309c92,1,16,gemma-3-1b-it_tensorrt_llm_bls_config_151,55:GPU,Yes,22112.4,94.7,212.0
gemma-3-1b-it_tensorrt_llm_bls,GPU-daf97dbd-b56b-dab3-0b2c-c0bf8a309c92,1,8,gemma-3-1b-it_tensorrt_llm_bls_config_151,55:GPU,Yes,22112.4,92.4,208.6
gemma-3-1b-it_tensorrt_llm_bls,GPU-daf97dbd-b56b-dab3-0b2c-c0bf8a309c92,1,2,gemma-3-1b-it_tensorrt_llm_bls_config_151,55:GPU,Yes,22112.4,92.5,211.1
gemma-3-1b-it_tensorrt_llm_bls,GPU-daf97dbd-b56b-dab3-0b2c-c0bf8a309c92,1,32,gemma-3-1b-it_tensorrt_llm_bls_config_151,55:GPU,Yes,22112.4,95.1,211.0
gemma-3-1b-it_tensorrt_llm_bls,GPU-daf97dbd-b56b-dab3-0b2c-c0bf8a309c92,1,1,gemma-3-1b-it_tensorrt_llm_bls_config_151,55:GPU,Yes,22112.4,92.4,208.8
gemma-3-1b-it_tensorrt_llm_bls,GPU-daf97dbd-b56b-dab3-0b2c-c0bf8a309c92,1,64,gemma-3-1b-it_tensorrt_llm_bls_config_151,55:GPU,No,22112.4,92.2,207.1
gemma-3-1b-it_tensorrt_llm_bls,GPU-daf97dbd-b56b-dab3-0b2c-c0bf8a309c92,1,4,gemma-3-1b-it_tensorrt_llm_bls_config_12,4:GPU,Yes,22104.0,95.1,232.7
gemma-3-1b-it_tensorrt_llm_bls,GPU-daf97dbd-b56b-dab3-0b2c-c0bf8a309c92,1,2,gemma-3-1b-it_tensorrt_llm_bls_config_12,4:GPU,Yes,22104.0,95.3,211.6
gemma-3-1b-it_tensorrt_llm_bls,GPU-daf97dbd-b56b-dab3-0b2c-c0bf8a309c92,1,8,gemma-3-1b-it_tensorrt_llm_bls_config_12,4:GPU,Yes,22104.0,95.3,233.5
gemma-3-1b-it_tensorrt_llm_bls,GPU-daf97dbd-b56b-dab3-0b2c-c0bf8a309c92,1,1,gemma-3-1b-it_tensorrt_llm_bls_config_12,4:GPU,Yes,22104.0,95.4,207.7
gemma-3-1b-it_tensorrt_llm_bls,GPU-daf97dbd-b56b-dab3-0b2c-c0bf8a309c92,1,16,gemma-3-1b-it_tensorrt_llm_bls_config_12,4:GPU,Yes,22104.0,95.2,234.6
gemma-3-1b-it_tensorrt_llm_bls,GPU-daf97dbd-b56b-dab3-0b2c-c0bf8a309c92,1,32,gemma-3-1b-it_tensorrt_llm_bls_config_12,4:GPU,Yes,22104.0,92.5,229.6
gemma-3-1b-it_tensorrt_llm_bls,GPU-daf97dbd-b56b-dab3-0b2c-c0bf8a309c92,1,4,gemma-3-1b-it_tensorrt_llm_bls_config_15,5:GPU,Yes,22104.0,92.5,228.6
gemma-3-1b-it_tensorrt_llm_bls,GPU-daf97dbd-b56b-dab3-0b2c-c0bf8a309c92,1,8,gemma-3-1b-it_tensorrt_llm_bls_config_15,5:GPU,Yes,22104.0,92.4,238.8
gemma-3-1b-it_tensorrt_llm_bls,GPU-daf97dbd-b56b-dab3-0b2c-c0bf8a309c92,1,2,gemma-3-1b-it_tensorrt_llm_bls_config_15,5:GPU,Yes,22104.0,95.1,212.1
gemma-3-1b-it_tensorrt_llm_bls,GPU-daf97dbd-b56b-dab3-0b2c-c0bf8a309c92,1,16,gemma-3-1b-it_tensorrt_llm_bls_config_15,5:GPU,Yes,22104.0,92.4,239.8
gemma-3-1b-it_tensorrt_llm_bls,GPU-daf97dbd-b56b-dab3-0b2c-c0bf8a309c92,1,1,gemma-3-1b-it_tensorrt_llm_bls_config_15,5:GPU,Yes,22104.0,94.9,207.7
gemma-3-1b-it_tensorrt_llm_bls,GPU-daf97dbd-b56b-dab3-0b2c-c0bf8a309c92,1,32,gemma-3-1b-it_tensorrt_llm_bls_config_15,5:GPU,Yes,22104.0,95.1,242.7
gemma-3-1b-it_tensorrt_llm_bls,GPU-daf97dbd-b56b-dab3-0b2c-c0bf8a309c92,1,64,gemma-3-1b-it_tensorrt_llm_bls_config_15,5:GPU,No,22104.0,95.1,242.1
gemma-3-1b-it_tensorrt_llm_bls,GPU-daf97dbd-b56b-dab3-0b2c-c0bf8a309c92,1,4,gemma-3-1b-it_tensorrt_llm_bls_config_87,31:GPU,Yes,22106.1,95.2,233.2
gemma-3-1b-it_tensorrt_llm_bls,GPU-daf97dbd-b56b-dab3-0b2c-c0bf8a309c92,1,8,gemma-3-1b-it_tensorrt_llm_bls_config_87,31:GPU,Yes,22106.1,94.8,209.4
gemma-3-1b-it_tensorrt_llm_bls,GPU-daf97dbd-b56b-dab3-0b2c-c0bf8a309c92,1,16,gemma-3-1b-it_tensorrt_llm_bls_config_87,31:GPU,Yes,22106.1,95.2,208.7
gemma-3-1b-it_tensorrt_llm_bls,GPU-daf97dbd-b56b-dab3-0b2c-c0bf8a309c92,1,2,gemma-3-1b-it_tensorrt_llm_bls_config_87,31:GPU,Yes,22106.1,95.2,213.4
gemma-3-1b-it_tensorrt_llm_bls,GPU-daf97dbd-b56b-dab3-0b2c-c0bf8a309c92,1,32,gemma-3-1b-it_tensorrt_llm_bls_config_87,31:GPU,Yes,22106.1,95.2,207.9
gemma-3-1b-it_tensorrt_llm_bls,GPU-daf97dbd-b56b-dab3-0b2c-c0bf8a309c92,1,1,gemma-3-1b-it_tensorrt_llm_bls_config_87,31:GPU,Yes,22106.1,92.3,202.6
gemma-3-1b-it_tensorrt_llm_bls,GPU-daf97dbd-b56b-dab3-0b2c-c0bf8a309c92,1,64,gemma-3-1b-it_tensorrt_llm_bls_config_87,31:GPU,No,22106.1,92.3,205.3
gemma-3-1b-it_tensorrt_llm_bls,GPU-daf97dbd-b56b-dab3-0b2c-c0bf8a309c92,1,4,gemma-3-1b-it_tensorrt_llm_bls_config_11,4:GPU,Yes,22104.0,92.4,228.8
gemma-3-1b-it_tensorrt_llm_bls,GPU-daf97dbd-b56b-dab3-0b2c-c0bf8a309c92,1,2,gemma-3-1b-it_tensorrt_llm_bls_config_11,4:GPU,Yes,22104.0,95.3,212.5
gemma-3-1b-it_tensorrt_llm_bls,GPU-daf97dbd-b56b-dab3-0b2c-c0bf8a309c92,1,8,gemma-3-1b-it_tensorrt_llm_bls_config_11,4:GPU,Yes,22104.0,92.5,228.3
gemma-3-1b-it_tensorrt_llm_bls,GPU-daf97dbd-b56b-dab3-0b2c-c0bf8a309c92,1,16,gemma-3-1b-it_tensorrt_llm_bls_config_11,4:GPU,Yes,22104.0,95.2,232.0
gemma-3-1b-it_tensorrt_llm_bls,GPU-daf97dbd-b56b-dab3-0b2c-c0bf8a309c92,1,1,gemma-3-1b-it_tensorrt_llm_bls_config_11,4:GPU,Yes,22104.0,94.9,207.2
gemma-3-1b-it_tensorrt_llm_bls,GPU-daf97dbd-b56b-dab3-0b2c-c0bf8a309c92,1,32,gemma-3-1b-it_tensorrt_llm_bls_config_11,4:GPU,Yes,22104.0,95.1,231.2
gemma-3-1b-it_tensorrt_llm_bls,GPU-daf97dbd-b56b-dab3-0b2c-c0bf8a309c92,1,4,gemma-3-1b-it_tensorrt_llm_bls_config_48,17:GPU,Yes,22104.0,95.2,232.5
gemma-3-1b-it_tensorrt_llm_bls,GPU-daf97dbd-b56b-dab3-0b2c-c0bf8a309c92,1,16,gemma-3-1b-it_tensorrt_llm_bls_config_48,17:GPU,Yes,22104.0,95.2,207.0
gemma-3-1b-it_tensorrt_llm_bls,GPU-daf97dbd-b56b-dab3-0b2c-c0bf8a309c92,1,8,gemma-3-1b-it_tensorrt_llm_bls_config_48,17:GPU,Yes,22104.0,95.2,209.2
gemma-3-1b-it_tensorrt_llm_bls,GPU-daf97dbd-b56b-dab3-0b2c-c0bf8a309c92,1,2,gemma-3-1b-it_tensorrt_llm_bls_config_48,17:GPU,Yes,22104.0,95.2,210.6
gemma-3-1b-it_tensorrt_llm_bls,GPU-daf97dbd-b56b-dab3-0b2c-c0bf8a309c92,1,32,gemma-3-1b-it_tensorrt_llm_bls_config_48,17:GPU,Yes,22104.0,95.1,208.0
gemma-3-1b-it_tensorrt_llm_bls,GPU-daf97dbd-b56b-dab3-0b2c-c0bf8a309c92,1,1,gemma-3-1b-it_tensorrt_llm_bls_config_48,17:GPU,Yes,22104.0,95.1,206.6
gemma-3-1b-it_tensorrt_llm_bls,GPU-daf97dbd-b56b-dab3-0b2c-c0bf8a309c92,1,64,gemma-3-1b-it_tensorrt_llm_bls_config_48,17:GPU,Yes,22104.0,95.2,208.0
gemma-3-1b-it_tensorrt_llm_bls,GPU-daf97dbd-b56b-dab3-0b2c-c0bf8a309c92,1,4,gemma-3-1b-it_tensorrt_llm_bls_config_18,6:GPU,Yes,22104.0,95.1,232.9
gemma-3-1b-it_tensorrt_llm_bls,GPU-daf97dbd-b56b-dab3-0b2c-c0bf8a309c92,1,2,gemma-3-1b-it_tensorrt_llm_bls_config_18,6:GPU,Yes,22104.0,95.1,211.5
gemma-3-1b-it_tensorrt_llm_bls,GPU-daf97dbd-b56b-dab3-0b2c-c0bf8a309c92,1,8,gemma-3-1b-it_tensorrt_llm_bls_config_18,6:GPU,Yes,22104.0,95.2,251.8
gemma-3-1b-it_tensorrt_llm_bls,GPU-daf97dbd-b56b-dab3-0b2c-c0bf8a309c92,1,16,gemma-3-1b-it_tensorrt_llm_bls_config_18,6:GPU,Yes,22104.0,95.0,252.3
gemma-3-1b-it_tensorrt_llm_bls,GPU-daf97dbd-b56b-dab3-0b2c-c0bf8a309c92,1,1,gemma-3-1b-it_tensorrt_llm_bls_config_18,6:GPU,Yes,22104.0,94.1,206.6
gemma-3-1b-it_tensorrt_llm_bls,GPU-daf97dbd-b56b-dab3-0b2c-c0bf8a309c92,1,32,gemma-3-1b-it_tensorrt_llm_bls_config_18,6:GPU,Yes,22104.0,92.4,248.2
gemma-3-1b-it_tensorrt_llm_bls,GPU-daf97dbd-b56b-dab3-0b2c-c0bf8a309c92,1,64,gemma-3-1b-it_tensorrt_llm_bls_config_18,6:GPU,No,22104.0,92.5,249.5
gemma-3-1b-it_tensorrt_llm_bls,GPU-daf97dbd-b56b-dab3-0b2c-c0bf8a309c92,1,4,gemma-3-1b-it_tensorrt_llm_bls_config_16,5:GPU,Yes,22104.0,92.5,228.0
gemma-3-1b-it_tensorrt_llm_bls,GPU-daf97dbd-b56b-dab3-0b2c-c0bf8a309c92,1,2,gemma-3-1b-it_tensorrt_llm_bls_config_16,5:GPU,Yes,22104.0,92.5,207.6
gemma-3-1b-it_tensorrt_llm_bls,GPU-daf97dbd-b56b-dab3-0b2c-c0bf8a309c92,1,8,gemma-3-1b-it_tensorrt_llm_bls_config_16,5:GPU,Yes,22104.0,95.0,242.2
gemma-3-1b-it_tensorrt_llm_bls,GPU-daf97dbd-b56b-dab3-0b2c-c0bf8a309c92,1,16,gemma-3-1b-it_tensorrt_llm_bls_config_16,5:GPU,Yes,22104.0,95.0,242.2
gemma-3-1b-it_tensorrt_llm_bls,GPU-daf97dbd-b56b-dab3-0b2c-c0bf8a309c92,1,1,gemma-3-1b-it_tensorrt_llm_bls_config_16,5:GPU,Yes,22104.0,94.7,209.8
gemma-3-1b-it_tensorrt_llm_bls,GPU-daf97dbd-b56b-dab3-0b2c-c0bf8a309c92,1,32,gemma-3-1b-it_tensorrt_llm_bls_config_16,5:GPU,Yes,22104.0,92.4,239.6
gemma-3-1b-it_tensorrt_llm_bls,GPU-daf97dbd-b56b-dab3-0b2c-c0bf8a309c92,1,64,gemma-3-1b-it_tensorrt_llm_bls_config_16,5:GPU,No,22104.0,95.2,243.7
gemma-3-1b-it_tensorrt_llm_bls,GPU-daf97dbd-b56b-dab3-0b2c-c0bf8a309c92,1,4,gemma-3-1b-it_tensorrt_llm_bls_config_110,40:GPU,Yes,22108.2,95.2,232.6
gemma-3-1b-it_tensorrt_llm_bls,GPU-daf97dbd-b56b-dab3-0b2c-c0bf8a309c92,1,8,gemma-3-1b-it_tensorrt_llm_bls_config_110,40:GPU,Yes,22108.2,95.3,209.5
gemma-3-1b-it_tensorrt_llm_bls,GPU-daf97dbd-b56b-dab3-0b2c-c0bf8a309c92,1,16,gemma-3-1b-it_tensorrt_llm_bls_config_110,40:GPU,Yes,22108.2,92.3,206.3
gemma-3-1b-it_tensorrt_llm_bls,GPU-daf97dbd-b56b-dab3-0b2c-c0bf8a309c92,1,2,gemma-3-1b-it_tensorrt_llm_bls_config_110,40:GPU,Yes,22108.2,95.1,213.5
gemma-3-1b-it_tensorrt_llm_bls,GPU-daf97dbd-b56b-dab3-0b2c-c0bf8a309c92,1,1,gemma-3-1b-it_tensorrt_llm_bls_config_110,40:GPU,Yes,22108.2,92.3,204.4
gemma-3-1b-it_tensorrt_llm_bls,GPU-daf97dbd-b56b-dab3-0b2c-c0bf8a309c92,1,32,gemma-3-1b-it_tensorrt_llm_bls_config_110,40:GPU,Yes,22108.2,95.2,210.5
gemma-3-1b-it_tensorrt_llm_bls,GPU-daf97dbd-b56b-dab3-0b2c-c0bf8a309c92,1,64,gemma-3-1b-it_tensorrt_llm_bls_config_110,40:GPU,No,22108.2,95.0,210.1
gemma-3-1b-it_tensorrt_llm_bls,GPU-daf97dbd-b56b-dab3-0b2c-c0bf8a309c92,1,4,gemma-3-1b-it_tensorrt_llm_bls_config_60,22:GPU,Yes,22106.1,95.1,232.7
gemma-3-1b-it_tensorrt_llm_bls,GPU-daf97dbd-b56b-dab3-0b2c-c0bf8a309c92,1,16,gemma-3-1b-it_tensorrt_llm_bls_config_60,22:GPU,Yes,22106.1,95.1,208.3
gemma-3-1b-it_tensorrt_llm_bls,GPU-daf97dbd-b56b-dab3-0b2c-c0bf8a309c92,1,8,gemma-3-1b-it_tensorrt_llm_bls_config_60,22:GPU,Yes,22106.1,95.1,208.9
gemma-3-1b-it_tensorrt_llm_bls,GPU-daf97dbd-b56b-dab3-0b2c-c0bf8a309c92,1,2,gemma-3-1b-it_tensorrt_llm_bls_config_60,22:GPU,Yes,22106.1,95.2,211.0
gemma-3-1b-it_tensorrt_llm_bls,GPU-daf97dbd-b56b-dab3-0b2c-c0bf8a309c92,1,32,gemma-3-1b-it_tensorrt_llm_bls_config_60,22:GPU,Yes,22106.1,95.1,209.2
gemma-3-1b-it_tensorrt_llm_bls,GPU-daf97dbd-b56b-dab3-0b2c-c0bf8a309c92,1,1,gemma-3-1b-it_tensorrt_llm_bls_config_60,22:GPU,Yes,22106.1,94.9,207.7
gemma-3-1b-it_tensorrt_llm_bls,GPU-daf97dbd-b56b-dab3-0b2c-c0bf8a309c92,1,64,gemma-3-1b-it_tensorrt_llm_bls_config_60,22:GPU,Yes,22106.1,95.0,208.6
gemma-3-1b-it_tensorrt_llm_bls,GPU-daf97dbd-b56b-dab3-0b2c-c0bf8a309c92,1,4,gemma-3-1b-it_tensorrt_llm_bls_config_14,4:GPU,Yes,22104.0,95.2,233.5
gemma-3-1b-it_tensorrt_llm_bls,GPU-daf97dbd-b56b-dab3-0b2c-c0bf8a309c92,1,2,gemma-3-1b-it_tensorrt_llm_bls_config_14,4:GPU,Yes,22104.0,95.2,212.5
gemma-3-1b-it_tensorrt_llm_bls,GPU-daf97dbd-b56b-dab3-0b2c-c0bf8a309c92,1,8,gemma-3-1b-it_tensorrt_llm_bls_config_14,4:GPU,Yes,22104.0,95.2,233.0
gemma-3-1b-it_tensorrt_llm_bls,GPU-daf97dbd-b56b-dab3-0b2c-c0bf8a309c92,1,1,gemma-3-1b-it_tensorrt_llm_bls_config_14,4:GPU,Yes,22104.0,95.0,207.4
gemma-3-1b-it_tensorrt_llm_bls,GPU-daf97dbd-b56b-dab3-0b2c-c0bf8a309c92,1,16,gemma-3-1b-it_tensorrt_llm_bls_config_14,4:GPU,Yes,22104.0,92.5,229.9
gemma-3-1b-it_tensorrt_llm_bls,GPU-daf97dbd-b56b-dab3-0b2c-c0bf8a309c92,1,32,gemma-3-1b-it_tensorrt_llm_bls_config_14,4:GPU,No,22104.0,92.5,229.1
gemma-3-1b-it_tensorrt_llm_bls,GPU-daf97dbd-b56b-dab3-0b2c-c0bf8a309c92,1,4,gemma-3-1b-it_tensorrt_llm_bls_config_134,49:GPU,Yes,22108.2,95.2,233.4
gemma-3-1b-it_tensorrt_llm_bls,GPU-daf97dbd-b56b-dab3-0b2c-c0bf8a309c92,1,8,gemma-3-1b-it_tensorrt_llm_bls_config_134,49:GPU,Yes,22108.2,92.6,210.4
gemma-3-1b-it_tensorrt_llm_bls,GPU-daf97dbd-b56b-dab3-0b2c-c0bf8a309c92,1,16,gemma-3-1b-it_tensorrt_llm_bls_config_134,49:GPU,Yes,22108.2,95.0,211.3
gemma-3-1b-it_tensorrt_llm_bls,GPU-daf97dbd-b56b-dab3-0b2c-c0bf8a309c92,1,2,gemma-3-1b-it_tensorrt_llm_bls_config_134,49:GPU,Yes,22108.2,95.1,213.0
gemma-3-1b-it_tensorrt_llm_bls,GPU-daf97dbd-b56b-dab3-0b2c-c0bf8a309c92,1,32,gemma-3-1b-it_tensorrt_llm_bls_config_134,49:GPU,Yes,22108.2,95.2,210.1
gemma-3-1b-it_tensorrt_llm_bls,GPU-daf97dbd-b56b-dab3-0b2c-c0bf8a309c92,1,1,gemma-3-1b-it_tensorrt_llm_bls_config_134,49:GPU,Yes,22108.2,94.8,209.3
gemma-3-1b-it_tensorrt_llm_bls,GPU-daf97dbd-b56b-dab3-0b2c-c0bf8a309c92,1,64,gemma-3-1b-it_tensorrt_llm_bls_config_134,49:GPU,No,22108.2,92.4,207.0
gemma-3-1b-it_tensorrt_llm_bls,GPU-daf97dbd-b56b-dab3-0b2c-c0bf8a309c92,1,4,gemma-3-1b-it_tensorrt_llm_bls_config_21,7:GPU,Yes,22104.0,95.2,232.5
gemma-3-1b-it_tensorrt_llm_bls,GPU-daf97dbd-b56b-dab3-0b2c-c0bf8a309c92,1,8,gemma-3-1b-it_tensorrt_llm_bls_config_21,7:GPU,Yes,22104.0,95.2,209.5
gemma-3-1b-it_tensorrt_llm_bls,GPU-daf97dbd-b56b-dab3-0b2c-c0bf8a309c92,1,2,gemma-3-1b-it_tensorrt_llm_bls_config_21,7:GPU,Yes,22104.0,92.9,210.2
gemma-3-1b-it_tensorrt_llm_bls,GPU-daf97dbd-b56b-dab3-0b2c-c0bf8a309c92,1,16,gemma-3-1b-it_tensorrt_llm_bls_config_21,7:GPU,Yes,22104.0,95.1,209.1
gemma-3-1b-it_tensorrt_llm_bls,GPU-daf97dbd-b56b-dab3-0b2c-c0bf8a309c92,1,1,gemma-3-1b-it_tensorrt_llm_bls_config_21,7:GPU,Yes,22104.0,92.4,203.9
gemma-3-1b-it_tensorrt_llm_bls,GPU-daf97dbd-b56b-dab3-0b2c-c0bf8a309c92,1,32,gemma-3-1b-it_tensorrt_llm_bls_config_21,7:GPU,Yes,22104.0,95.3,210.4
gemma-3-1b-it_tensorrt_llm_bls,GPU-daf97dbd-b56b-dab3-0b2c-c0bf8a309c92,1,64,gemma-3-1b-it_tensorrt_llm_bls_config_21,7:GPU,No,22104.0,95.1,209.9
gemma-3-1b-it_tensorrt_llm_bls,GPU-daf97dbd-b56b-dab3-0b2c-c0bf8a309c92,1,4,gemma-3-1b-it_tensorrt_llm_bls_config_46,16:GPU,Yes,22104.0,92.5,228.3
gemma-3-1b-it_tensorrt_llm_bls,GPU-daf97dbd-b56b-dab3-0b2c-c0bf8a309c92,1,8,gemma-3-1b-it_tensorrt_llm_bls_config_46,16:GPU,Yes,22104.0,92.4,206.4
gemma-3-1b-it_tensorrt_llm_bls,GPU-daf97dbd-b56b-dab3-0b2c-c0bf8a309c92,1,2,gemma-3-1b-it_tensorrt_llm_bls_config_46,16:GPU,Yes,22104.0,92.4,206.9
gemma-3-1b-it_tensorrt_llm_bls,GPU-daf97dbd-b56b-dab3-0b2c-c0bf8a309c92,1,16,gemma-3-1b-it_tensorrt_llm_bls_config_46,16:GPU,Yes,22104.0,92.2,203.9
gemma-3-1b-it_tensorrt_llm_bls,GPU-daf97dbd-b56b-dab3-0b2c-c0bf8a309c92,1,1,gemma-3-1b-it_tensorrt_llm_bls_config_46,16:GPU,Yes,22104.0,92.2,202.3
gemma-3-1b-it_tensorrt_llm_bls,GPU-daf97dbd-b56b-dab3-0b2c-c0bf8a309c92,1,32,gemma-3-1b-it_tensorrt_llm_bls_config_46,16:GPU,No,22104.0,92.4,205.1
gemma-3-1b-it_tensorrt_llm_bls,GPU-daf97dbd-b56b-dab3-0b2c-c0bf8a309c92,1,64,gemma-3-1b-it_tensorrt_llm_bls_config_46,16:GPU,No,22104.0,92.2,204.4
gemma-3-1b-it_tensorrt_llm_bls,GPU-daf97dbd-b56b-dab3-0b2c-c0bf8a309c92,1,4,gemma-3-1b-it_tensorrt_llm_bls_config_19,7:GPU,Yes,22104.0,95.1,233.1
gemma-3-1b-it_tensorrt_llm_bls,GPU-daf97dbd-b56b-dab3-0b2c-c0bf8a309c92,1,8,gemma-3-1b-it_tensorrt_llm_bls_config_19,7:GPU,Yes,22104.0,95.2,209.7
gemma-3-1b-it_tensorrt_llm_bls,GPU-daf97dbd-b56b-dab3-0b2c-c0bf8a309c92,1,2,gemma-3-1b-it_tensorrt_llm_bls_config_19,7:GPU,Yes,22104.0,95.3,211.1
gemma-3-1b-it_tensorrt_llm_bls,GPU-daf97dbd-b56b-dab3-0b2c-c0bf8a309c92,1,16,gemma-3-1b-it_tensorrt_llm_bls_config_19,7:GPU,Yes,22104.0,95.1,210.6
gemma-3-1b-it_tensorrt_llm_bls,GPU-daf97dbd-b56b-dab3-0b2c-c0bf8a309c92,1,32,gemma-3-1b-it_tensorrt_llm_bls_config_19,7:GPU,Yes,22104.0,92.5,206.5
gemma-3-1b-it_tensorrt_llm_bls,GPU-daf97dbd-b56b-dab3-0b2c-c0bf8a309c92,1,1,gemma-3-1b-it_tensorrt_llm_bls_config_19,7:GPU,Yes,22104.0,94.7,207.6
gemma-3-1b-it_tensorrt_llm_bls,GPU-daf97dbd-b56b-dab3-0b2c-c0bf8a309c92,1,64,gemma-3-1b-it_tensorrt_llm_bls_config_19,7:GPU,Yes,22104.0,94.8,209.1
gemma-3-1b-it_tensorrt_llm_bls,GPU-daf97dbd-b56b-dab3-0b2c-c0bf8a309c92,1,4,gemma-3-1b-it_tensorrt_llm_bls_config_62,22:GPU,Yes,22106.1,92.4,228.6
gemma-3-1b-it_tensorrt_llm_bls,GPU-daf97dbd-b56b-dab3-0b2c-c0bf8a309c92,1,16,gemma-3-1b-it_tensorrt_llm_bls_config_62,22:GPU,Yes,22106.1,92.3,205.2
gemma-3-1b-it_tensorrt_llm_bls,GPU-daf97dbd-b56b-dab3-0b2c-c0bf8a309c92,1,8,gemma-3-1b-it_tensorrt_llm_bls_config_62,22:GPU,Yes,22106.1,92.2,206.7
gemma-3-1b-it_tensorrt_llm_bls,GPU-daf97dbd-b56b-dab3-0b2c-c0bf8a309c92,1,2,gemma-3-1b-it_tensorrt_llm_bls_config_62,22:GPU,Yes,22106.1,92.4,207.0
gemma-3-1b-it_tensorrt_llm_bls,GPU-daf97dbd-b56b-dab3-0b2c-c0bf8a309c92,1,1,gemma-3-1b-it_tensorrt_llm_bls_config_62,22:GPU,Yes,22106.1,92.2,203.2
gemma-3-1b-it_tensorrt_llm_bls,GPU-daf97dbd-b56b-dab3-0b2c-c0bf8a309c92,1,32,gemma-3-1b-it_tensorrt_llm_bls_config_62,22:GPU,No,22106.1,94.9,208.6
gemma-3-1b-it_tensorrt_llm_bls,GPU-daf97dbd-b56b-dab3-0b2c-c0bf8a309c92,1,64,gemma-3-1b-it_tensorrt_llm_bls_config_62,22:GPU,No,22106.1,94.9,208.7
gemma-3-1b-it_tensorrt_llm_bls,GPU-daf97dbd-b56b-dab3-0b2c-c0bf8a309c92,1,4,gemma-3-1b-it_tensorrt_llm_bls_config_105,38:GPU,Yes,22108.2,92.5,228.0
gemma-3-1b-it_tensorrt_llm_bls,GPU-daf97dbd-b56b-dab3-0b2c-c0bf8a309c92,1,8,gemma-3-1b-it_tensorrt_llm_bls_config_105,38:GPU,Yes,22108.2,95.0,214.3
gemma-3-1b-it_tensorrt_llm_bls,GPU-daf97dbd-b56b-dab3-0b2c-c0bf8a309c92,1,16,gemma-3-1b-it_tensorrt_llm_bls_config_105,38:GPU,Yes,22108.2,95.2,209.8
gemma-3-1b-it_tensorrt_llm_bls,GPU-daf97dbd-b56b-dab3-0b2c-c0bf8a309c92,1,2,gemma-3-1b-it_tensorrt_llm_bls_config_105,38:GPU,Yes,22108.2,92.5,209.6
gemma-3-1b-it_tensorrt_llm_bls,GPU-daf97dbd-b56b-dab3-0b2c-c0bf8a309c92,1,1,gemma-3-1b-it_tensorrt_llm_bls_config_105,38:GPU,Yes,22108.2,93.4,207.3
gemma-3-1b-it_tensorrt_llm_bls,GPU-daf97dbd-b56b-dab3-0b2c-c0bf8a309c92,1,32,gemma-3-1b-it_tensorrt_llm_bls_config_105,38:GPU,Yes,22108.2,92.2,206.6
gemma-3-1b-it_tensorrt_llm_bls,GPU-daf97dbd-b56b-dab3-0b2c-c0bf8a309c92,1,64,gemma-3-1b-it_tensorrt_llm_bls_config_105,38:GPU,No,22108.2,95.2,209.0
gemma-3-1b-it_tensorrt_llm_bls,GPU-daf97dbd-b56b-dab3-0b2c-c0bf8a309c92,1,4,gemma-3-1b-it_tensorrt_llm_bls_config_22,7:GPU,Yes,22104.0,95.1,232.0
gemma-3-1b-it_tensorrt_llm_bls,GPU-daf97dbd-b56b-dab3-0b2c-c0bf8a309c92,1,8,gemma-3-1b-it_tensorrt_llm_bls_config_22,7:GPU,Yes,22104.0,94.9,209.4
gemma-3-1b-it_tensorrt_llm_bls,GPU-daf97dbd-b56b-dab3-0b2c-c0bf8a309c92,1,2,gemma-3-1b-it_tensorrt_llm_bls_config_22,7:GPU,Yes,22104.0,92.4,207.5
gemma-3-1b-it_tensorrt_llm_bls,GPU-daf97dbd-b56b-dab3-0b2c-c0bf8a309c92,1,16,gemma-3-1b-it_tensorrt_llm_bls_config_22,7:GPU,Yes,22104.0,95.1,208.9
gemma-3-1b-it_tensorrt_llm_bls,GPU-daf97dbd-b56b-dab3-0b2c-c0bf8a309c92,1,1,gemma-3-1b-it_tensorrt_llm_bls_config_22,7:GPU,Yes,22104.0,92.3,205.7
gemma-3-1b-it_tensorrt_llm_bls,GPU-daf97dbd-b56b-dab3-0b2c-c0bf8a309c92,1,32,gemma-3-1b-it_tensorrt_llm_bls_config_22,7:GPU,Yes,22104.0,95.1,210.1
gemma-3-1b-it_tensorrt_llm_bls,GPU-daf97dbd-b56b-dab3-0b2c-c0bf8a309c92,1,64,gemma-3-1b-it_tensorrt_llm_bls_config_22,7:GPU,No,22104.0,95.1,209.4
gemma-3-1b-it_tensorrt_llm_bls,GPU-daf97dbd-b56b-dab3-0b2c-c0bf8a309c92,1,4,gemma-3-1b-it_tensorrt_llm_bls_config_75,27:GPU,Yes,22106.1,95.2,230.7
gemma-3-1b-it_tensorrt_llm_bls,GPU-daf97dbd-b56b-dab3-0b2c-c0bf8a309c92,1,16,gemma-3-1b-it_tensorrt_llm_bls_config_75,27:GPU,Yes,22106.1,92.3,202.8
gemma-3-1b-it_tensorrt_llm_bls,GPU-daf97dbd-b56b-dab3-0b2c-c0bf8a309c92,1,8,gemma-3-1b-it_tensorrt_llm_bls_config_75,27:GPU,Yes,22106.1,92.2,205.5
gemma-3-1b-it_tensorrt_llm_bls,GPU-daf97dbd-b56b-dab3-0b2c-c0bf8a309c92,1,2,gemma-3-1b-it_tensorrt_llm_bls_config_75,27:GPU,Yes,22106.1,92.5,208.7
gemma-3-1b-it_tensorrt_llm_bls,GPU-daf97dbd-b56b-dab3-0b2c-c0bf8a309c92,1,1,gemma-3-1b-it_tensorrt_llm_bls_config_75,27:GPU,Yes,22106.1,92.5,205.4
gemma-3-1b-it_tensorrt_llm_bls,GPU-daf97dbd-b56b-dab3-0b2c-c0bf8a309c92,1,32,gemma-3-1b-it_tensorrt_llm_bls_config_75,27:GPU,Yes,22106.1,94.8,208.5
gemma-3-1b-it_tensorrt_llm_bls,GPU-daf97dbd-b56b-dab3-0b2c-c0bf8a309c92,1,64,gemma-3-1b-it_tensorrt_llm_bls_config_75,27:GPU,No,22106.1,94.9,208.5
gemma-3-1b-it_tensorrt_llm_bls,GPU-daf97dbd-b56b-dab3-0b2c-c0bf8a309c92,1,4,gemma-3-1b-it_tensorrt_llm_bls_config_125,46:GPU,Yes,22108.2,95.1,234.6
gemma-3-1b-it_tensorrt_llm_bls,GPU-daf97dbd-b56b-dab3-0b2c-c0bf8a309c92,1,8,gemma-3-1b-it_tensorrt_llm_bls_config_125,46:GPU,Yes,22108.2,94.6,212.6
gemma-3-1b-it_tensorrt_llm_bls,GPU-daf97dbd-b56b-dab3-0b2c-c0bf8a309c92,1,2,gemma-3-1b-it_tensorrt_llm_bls_config_125,46:GPU,Yes,22108.2,92.5,210.4
gemma-3-1b-it_tensorrt_llm_bls,GPU-daf97dbd-b56b-dab3-0b2c-c0bf8a309c92,1,16,gemma-3-1b-it_tensorrt_llm_bls_config_125,46:GPU,Yes,22108.2,94.8,209.1
gemma-3-1b-it_tensorrt_llm_bls,GPU-daf97dbd-b56b-dab3-0b2c-c0bf8a309c92,1,1,gemma-3-1b-it_tensorrt_llm_bls_config_125,46:GPU,Yes,22108.2,92.3,205.2
gemma-3-1b-it_tensorrt_llm_bls,GPU-daf97dbd-b56b-dab3-0b2c-c0bf8a309c92,1,32,gemma-3-1b-it_tensorrt_llm_bls_config_125,46:GPU,No,22108.2,95.0,211.1
gemma-3-1b-it_tensorrt_llm_bls,GPU-daf97dbd-b56b-dab3-0b2c-c0bf8a309c92,1,64,gemma-3-1b-it_tensorrt_llm_bls_config_125,46:GPU,No,22108.2,94.9,209.9
gemma-3-1b-it_tensorrt_llm_bls,GPU-daf97dbd-b56b-dab3-0b2c-c0bf8a309c92,1,4,gemma-3-1b-it_tensorrt_llm_bls_config_17,6:GPU,Yes,22104.0,95.0,231.5
gemma-3-1b-it_tensorrt_llm_bls,GPU-daf97dbd-b56b-dab3-0b2c-c0bf8a309c92,1,8,gemma-3-1b-it_tensorrt_llm_bls_config_17,6:GPU,Yes,22104.0,94.9,252.6
gemma-3-1b-it_tensorrt_llm_bls,GPU-daf97dbd-b56b-dab3-0b2c-c0bf8a309c92,1,2,gemma-3-1b-it_tensorrt_llm_bls_config_17,6:GPU,Yes,22104.0,95.2,211.3
gemma-3-1b-it_tensorrt_llm_bls,GPU-daf97dbd-b56b-dab3-0b2c-c0bf8a309c92,1,16,gemma-3-1b-it_tensorrt_llm_bls_config_17,6:GPU,Yes,22104.0,94.8,253.2
gemma-3-1b-it_tensorrt_llm_bls,GPU-daf97dbd-b56b-dab3-0b2c-c0bf8a309c92,1,32,gemma-3-1b-it_tensorrt_llm_bls_config_17,6:GPU,Yes,22104.0,94.8,253.1
gemma-3-1b-it_tensorrt_llm_bls,GPU-daf97dbd-b56b-dab3-0b2c-c0bf8a309c92,1,1,gemma-3-1b-it_tensorrt_llm_bls_config_17,6:GPU,Yes,22104.0,94.8,207.3
gemma-3-1b-it_tensorrt_llm_bls,GPU-daf97dbd-b56b-dab3-0b2c-c0bf8a309c92,1,64,gemma-3-1b-it_tensorrt_llm_bls_config_17,6:GPU,No,22104.0,94.9,252.7
gemma-3-1b-it_tensorrt_llm_bls,GPU-daf97dbd-b56b-dab3-0b2c-c0bf8a309c92,1,4,gemma-3-1b-it_tensorrt_llm_bls_config_20,7:GPU,Yes,22104.0,95.2,230.7
gemma-3-1b-it_tensorrt_llm_bls,GPU-daf97dbd-b56b-dab3-0b2c-c0bf8a309c92,1,8,gemma-3-1b-it_tensorrt_llm_bls_config_20,7:GPU,Yes,22104.0,95.1,209.1
gemma-3-1b-it_tensorrt_llm_bls,GPU-daf97dbd-b56b-dab3-0b2c-c0bf8a309c92,1,2,gemma-3-1b-it_tensorrt_llm_bls_config_20,7:GPU,Yes,22104.0,95.2,210.5
gemma-3-1b-it_tensorrt_llm_bls,GPU-daf97dbd-b56b-dab3-0b2c-c0bf8a309c92,1,16,gemma-3-1b-it_tensorrt_llm_bls_config_20,7:GPU,Yes,22104.0,95.2,208.7
gemma-3-1b-it_tensorrt_llm_bls,GPU-daf97dbd-b56b-dab3-0b2c-c0bf8a309c92,1,32,gemma-3-1b-it_tensorrt_llm_bls_config_20,7:GPU,Yes,22104.0,95.2,210.0
gemma-3-1b-it_tensorrt_llm_bls,GPU-daf97dbd-b56b-dab3-0b2c-c0bf8a309c92,1,1,gemma-3-1b-it_tensorrt_llm_bls_config_20,7:GPU,Yes,22104.0,92.1,202.9
gemma-3-1b-it_tensorrt_llm_bls,GPU-daf97dbd-b56b-dab3-0b2c-c0bf8a309c92,1,64,gemma-3-1b-it_tensorrt_llm_bls_config_20,7:GPU,Yes,22104.0,95.1,210.2
gemma-3-1b-it_tensorrt_llm_bls,GPU-daf97dbd-b56b-dab3-0b2c-c0bf8a309c92,1,2,gemma-3-1b-it_tensorrt_llm_bls_config_6,3:GPU,Yes,22104.0,92.5,207.9
gemma-3-1b-it_tensorrt_llm_bls,GPU-daf97dbd-b56b-dab3-0b2c-c0bf8a309c92,1,4,gemma-3-1b-it_tensorrt_llm_bls_config_6,3:GPU,Yes,22104.0,92.5,218.6
gemma-3-1b-it_tensorrt_llm_bls,GPU-daf97dbd-b56b-dab3-0b2c-c0bf8a309c92,1,1,gemma-3-1b-it_tensorrt_llm_bls_config_6,3:GPU,Yes,22104.0,95.0,207.4
gemma-3-1b-it_tensorrt_llm_bls,GPU-daf97dbd-b56b-dab3-0b2c-c0bf8a309c92,1,8,gemma-3-1b-it_tensorrt_llm_bls_config_6,3:GPU,Yes,22104.0,92.6,218.4
gemma-3-1b-it_tensorrt_llm_bls,GPU-daf97dbd-b56b-dab3-0b2c-c0bf8a309c92,1,16,gemma-3-1b-it_tensorrt_llm_bls_config_6,3:GPU,Yes,22104.0,95.2,221.7
gemma-3-1b-it_tensorrt_llm_bls,GPU-daf97dbd-b56b-dab3-0b2c-c0bf8a309c92,1,32,gemma-3-1b-it_tensorrt_llm_bls_config_6,3:GPU,No,22104.0,95.4,221.3
gemma-3-1b-it_tensorrt_llm_bls,GPU-daf97dbd-b56b-dab3-0b2c-c0bf8a309c92,1,2,gemma-3-1b-it_tensorrt_llm_bls_config_3,2:GPU,Yes,22101.9,95.1,211.7
gemma-3-1b-it_tensorrt_llm_bls,GPU-daf97dbd-b56b-dab3-0b2c-c0bf8a309c92,1,4,gemma-3-1b-it_tensorrt_llm_bls_config_3,2:GPU,Yes,22101.9,92.7,206.2
gemma-3-1b-it_tensorrt_llm_bls,GPU-daf97dbd-b56b-dab3-0b2c-c0bf8a309c92,1,1,gemma-3-1b-it_tensorrt_llm_bls_config_3,2:GPU,Yes,22101.9,94.8,208.1
gemma-3-1b-it_tensorrt_llm_bls,GPU-daf97dbd-b56b-dab3-0b2c-c0bf8a309c92,1,8,gemma-3-1b-it_tensorrt_llm_bls_config_3,2:GPU,Yes,22101.9,92.7,207.9
gemma-3-1b-it_tensorrt_llm_bls,GPU-daf97dbd-b56b-dab3-0b2c-c0bf8a309c92,1,16,gemma-3-1b-it_tensorrt_llm_bls_config_3,2:GPU,Yes,22101.9,92.7,207.6
gemma-3-1b-it_tensorrt_llm_bls,GPU-daf97dbd-b56b-dab3-0b2c-c0bf8a309c92,1,2,gemma-3-1b-it_tensorrt_llm_bls_config_4,2:GPU,Yes,22101.9,95.3,212.1
gemma-3-1b-it_tensorrt_llm_bls,GPU-daf97dbd-b56b-dab3-0b2c-c0bf8a309c92,1,1,gemma-3-1b-it_tensorrt_llm_bls_config_4,2:GPU,Yes,22101.9,95.0,208.5
gemma-3-1b-it_tensorrt_llm_bls,GPU-daf97dbd-b56b-dab3-0b2c-c0bf8a309c92,1,4,gemma-3-1b-it_tensorrt_llm_bls_config_4,2:GPU,Yes,22101.9,92.6,206.5
gemma-3-1b-it_tensorrt_llm_bls,GPU-daf97dbd-b56b-dab3-0b2c-c0bf8a309c92,1,8,gemma-3-1b-it_tensorrt_llm_bls_config_4,2:GPU,Yes,22101.9,92.7,206.5
gemma-3-1b-it_tensorrt_llm_bls,GPU-daf97dbd-b56b-dab3-0b2c-c0bf8a309c92,1,16,gemma-3-1b-it_tensorrt_llm_bls_config_4,2:GPU,Yes,22101.9,95.4,209.9
gemma-3-1b-it_tensorrt_llm_bls,GPU-daf97dbd-b56b-dab3-0b2c-c0bf8a309c92,1,2,gemma-3-1b-it_tensorrt_llm_bls_config_7,3:GPU,Yes,22104.0,92.5,208.4
gemma-3-1b-it_tensorrt_llm_bls,GPU-daf97dbd-b56b-dab3-0b2c-c0bf8a309c92,1,4,gemma-3-1b-it_tensorrt_llm_bls_config_7,3:GPU,Yes,22104.0,92.6,218.8
gemma-3-1b-it_tensorrt_llm_bls,GPU-daf97dbd-b56b-dab3-0b2c-c0bf8a309c92,1,1,gemma-3-1b-it_tensorrt_llm_bls_config_7,3:GPU,Yes,22104.0,95.1,209.2
gemma-3-1b-it_tensorrt_llm_bls,GPU-daf97dbd-b56b-dab3-0b2c-c0bf8a309c92,1,8,gemma-3-1b-it_tensorrt_llm_bls_config_7,3:GPU,Yes,22104.0,92.6,218.5
gemma-3-1b-it_tensorrt_llm_bls,GPU-daf97dbd-b56b-dab3-0b2c-c0bf8a309c92,1,16,gemma-3-1b-it_tensorrt_llm_bls_config_7,3:GPU,Yes,22104.0,95.2,221.3
gemma-3-1b-it_tensorrt_llm_bls,GPU-daf97dbd-b56b-dab3-0b2c-c0bf8a309c92,1,32,gemma-3-1b-it_tensorrt_llm_bls_config_7,3:GPU,No,22104.0,95.2,221.2
gemma-3-1b-it_tensorrt_llm_bls,GPU-daf97dbd-b56b-dab3-0b2c-c0bf8a309c92,1,2,gemma-3-1b-it_tensorrt_llm_bls_config_8,3:GPU,Yes,22104.0,92.5,207.6
gemma-3-1b-it_tensorrt_llm_bls,GPU-daf97dbd-b56b-dab3-0b2c-c0bf8a309c92,1,4,gemma-3-1b-it_tensorrt_llm_bls_config_8,3:GPU,Yes,22104.0,92.6,218.3
gemma-3-1b-it_tensorrt_llm_bls,GPU-daf97dbd-b56b-dab3-0b2c-c0bf8a309c92,1,1,gemma-3-1b-it_tensorrt_llm_bls_config_8,3:GPU,Yes,22104.0,92.4,203.1
gemma-3-1b-it_tensorrt_llm_bls,GPU-daf97dbd-b56b-dab3-0b2c-c0bf8a309c92,1,8,gemma-3-1b-it_tensorrt_llm_bls_config_8,3:GPU,Yes,22104.0,95.2,220.8
gemma-3-1b-it_tensorrt_llm_bls,GPU-daf97dbd-b56b-dab3-0b2c-c0bf8a309c92,1,16,gemma-3-1b-it_tensorrt_llm_bls_config_8,3:GPU,Yes,22104.0,95.3,220.9
gemma-3-1b-it_tensorrt_llm_bls,GPU-daf97dbd-b56b-dab3-0b2c-c0bf8a309c92,1,32,gemma-3-1b-it_tensorrt_llm_bls_config_8,3:GPU,No,22104.0,95.2,220.6
gemma-3-1b-it_tensorrt_llm_bls,GPU-daf97dbd-b56b-dab3-0b2c-c0bf8a309c92,1,2,gemma-3-1b-it_tensorrt_llm_bls_config_9,3:GPU,Yes,22104.0,95.1,211.9
gemma-3-1b-it_tensorrt_llm_bls,GPU-daf97dbd-b56b-dab3-0b2c-c0bf8a309c92,1,4,gemma-3-1b-it_tensorrt_llm_bls_config_9,3:GPU,Yes,22104.0,92.6,218.0
gemma-3-1b-it_tensorrt_llm_bls,GPU-daf97dbd-b56b-dab3-0b2c-c0bf8a309c92,1,1,gemma-3-1b-it_tensorrt_llm_bls_config_9,3:GPU,Yes,22104.0,94.8,208.5
gemma-3-1b-it_tensorrt_llm_bls,GPU-daf97dbd-b56b-dab3-0b2c-c0bf8a309c92,1,8,gemma-3-1b-it_tensorrt_llm_bls_config_9,3:GPU,Yes,22104.0,95.1,220.0
gemma-3-1b-it_tensorrt_llm_bls,GPU-daf97dbd-b56b-dab3-0b2c-c0bf8a309c92,1,16,gemma-3-1b-it_tensorrt_llm_bls_config_9,3:GPU,No,22104.0,92.5,218.2
gemma-3-1b-it_tensorrt_llm_bls,GPU-daf97dbd-b56b-dab3-0b2c-c0bf8a309c92,1,32,gemma-3-1b-it_tensorrt_llm_bls_config_9,3:GPU,No,22104.0,92.6,218.3
gemma-3-1b-it_tensorrt_llm_bls,GPU-daf97dbd-b56b-dab3-0b2c-c0bf8a309c92,1,2,gemma-3-1b-it_tensorrt_llm_bls_config_5,3:GPU,Yes,22104.0,95.1,212.0
gemma-3-1b-it_tensorrt_llm_bls,GPU-daf97dbd-b56b-dab3-0b2c-c0bf8a309c92,1,4,gemma-3-1b-it_tensorrt_llm_bls_config_5,3:GPU,Yes,22104.0,95.1,222.9
gemma-3-1b-it_tensorrt_llm_bls,GPU-daf97dbd-b56b-dab3-0b2c-c0bf8a309c92,1,8,gemma-3-1b-it_tensorrt_llm_bls_config_5,3:GPU,Yes,22104.0,92.6,218.0
gemma-3-1b-it_tensorrt_llm_bls,GPU-daf97dbd-b56b-dab3-0b2c-c0bf8a309c92,1,1,gemma-3-1b-it_tensorrt_llm_bls_config_5,3:GPU,Yes,22104.0,94.8,206.9
gemma-3-1b-it_tensorrt_llm_bls,GPU-daf97dbd-b56b-dab3-0b2c-c0bf8a309c92,1,16,gemma-3-1b-it_tensorrt_llm_bls_config_5,3:GPU,Yes,22104.0,92.6,217.6
gemma-3-1b-it_tensorrt_llm_bls,GPU-daf97dbd-b56b-dab3-0b2c-c0bf8a309c92,1,32,gemma-3-1b-it_tensorrt_llm_bls_config_5,3:GPU,Yes,22104.0,95.2,220.7
gemma-3-1b-it_tensorrt_llm_bls,GPU-daf97dbd-b56b-dab3-0b2c-c0bf8a309c92,1,2,gemma-3-1b-it_tensorrt_llm_bls_config_10,3:GPU,Yes,22104.0,95.1,211.3
gemma-3-1b-it_tensorrt_llm_bls,GPU-daf97dbd-b56b-dab3-0b2c-c0bf8a309c92,1,4,gemma-3-1b-it_tensorrt_llm_bls_config_10,3:GPU,Yes,22104.0,95.2,221.9
gemma-3-1b-it_tensorrt_llm_bls,GPU-daf97dbd-b56b-dab3-0b2c-c0bf8a309c92,1,1,gemma-3-1b-it_tensorrt_llm_bls_config_10,3:GPU,Yes,22104.0,94.8,207.4
gemma-3-1b-it_tensorrt_llm_bls,GPU-daf97dbd-b56b-dab3-0b2c-c0bf8a309c92,1,8,gemma-3-1b-it_tensorrt_llm_bls_config_10,3:GPU,Yes,22104.0,92.5,219.6
gemma-3-1b-it_tensorrt_llm_bls,GPU-daf97dbd-b56b-dab3-0b2c-c0bf8a309c92,1,16,gemma-3-1b-it_tensorrt_llm_bls_config_10,3:GPU,No,22104.0,92.6,217.3
gemma-3-1b-it_tensorrt_llm_bls,GPU-daf97dbd-b56b-dab3-0b2c-c0bf8a309c92,1,32,gemma-3-1b-it_tensorrt_llm_bls_config_10,3:GPU,No,22104.0,92.5,218.8
gemma-3-1b-it_tensorrt_llm_bls,GPU-daf97dbd-b56b-dab3-0b2c-c0bf8a309c92,1,1,gemma-3-1b-it_tensorrt_llm_bls_config_1,1:GPU,Yes,22101.9,95.0,207.1
gemma-3-1b-it_tensorrt_llm_bls,GPU-daf97dbd-b56b-dab3-0b2c-c0bf8a309c92,1,2,gemma-3-1b-it_tensorrt_llm_bls_config_1,1:GPU,Yes,22101.9,95.0,211.4
gemma-3-1b-it_tensorrt_llm_bls,GPU-daf97dbd-b56b-dab3-0b2c-c0bf8a309c92,1,4,gemma-3-1b-it_tensorrt_llm_bls_config_1,1:GPU,Yes,22101.9,92.4,206.7
gemma-3-1b-it_tensorrt_llm_bls,GPU-daf97dbd-b56b-dab3-0b2c-c0bf8a309c92,1,8,gemma-3-1b-it_tensorrt_llm_bls_config_1,1:GPU,Yes,22101.9,92.5,206.5
gemma-3-1b-it_tensorrt_llm_bls,GPU-daf97dbd-b56b-dab3-0b2c-c0bf8a309c92,1,1,gemma-3-1b-it_tensorrt_llm_bls_config_0,1:GPU,Yes,22101.9,94.8,208.2
gemma-3-1b-it_tensorrt_llm_bls,GPU-daf97dbd-b56b-dab3-0b2c-c0bf8a309c92,1,2,gemma-3-1b-it_tensorrt_llm_bls_config_0,1:GPU,Yes,22101.9,92.4,204.8
gemma-3-1b-it_tensorrt_llm_bls,GPU-daf97dbd-b56b-dab3-0b2c-c0bf8a309c92,1,4,gemma-3-1b-it_tensorrt_llm_bls_config_0,1:GPU,Yes,22101.9,95.3,208.1
gemma-3-1b-it_tensorrt_llm_bls,GPU-daf97dbd-b56b-dab3-0b2c-c0bf8a309c92,1,8,gemma-3-1b-it_tensorrt_llm_bls_config_0,1:GPU,Yes,22101.9,95.4,208.3
gemma-3-1b-it_tensorrt_llm_bls,GPU-daf97dbd-b56b-dab3-0b2c-c0bf8a309c92,1,1,gemma-3-1b-it_tensorrt_llm_bls_config_default,1:CPU,Yes,22101.9,92.5,203.2
gemma-3-1b-it_tensorrt_llm_bls,GPU-daf97dbd-b56b-dab3-0b2c-c0bf8a309c92,1,2,gemma-3-1b-it_tensorrt_llm_bls_config_default,1:CPU,Yes,22101.9,95.2,208.2
gemma-3-1b-it_tensorrt_llm_bls,GPU-daf97dbd-b56b-dab3-0b2c-c0bf8a309c92,1,4,gemma-3-1b-it_tensorrt_llm_bls_config_default,1:CPU,Yes,22101.9,95.2,208.2
gemma-3-1b-it_tensorrt_llm_bls,GPU-daf97dbd-b56b-dab3-0b2c-c0bf8a309c92,1,8,gemma-3-1b-it_tensorrt_llm_bls_config_default,1:CPU,Yes,22101.9,95.1,208.6
gemma-3-1b-it_tensorrt_llm_bls,GPU-daf97dbd-b56b-dab3-0b2c-c0bf8a309c92,1,1,gemma-3-1b-it_tensorrt_llm_bls_config_2,1:GPU,Yes,22101.9,95.0,207.9
gemma-3-1b-it_tensorrt_llm_bls,GPU-daf97dbd-b56b-dab3-0b2c-c0bf8a309c92,1,2,gemma-3-1b-it_tensorrt_llm_bls_config_2,1:GPU,Yes,22101.9,95.1,208.8
gemma-3-1b-it_tensorrt_llm_bls,GPU-daf97dbd-b56b-dab3-0b2c-c0bf8a309c92,1,4,gemma-3-1b-it_tensorrt_llm_bls_config_2,1:GPU,Yes,22101.9,94.9,211.0
gemma-3-1b-it_tensorrt_llm_bls,GPU-daf97dbd-b56b-dab3-0b2c-c0bf8a309c92,1,8,gemma-3-1b-it_tensorrt_llm_bls_config_2,1:GPU,Yes,22101.9,92.4,206.4

