Model,Batch,Concurrency,Model Config Path,Instance Group,Max Batch Size,Satisfies Constraints,Throughput (infer/sec),p99 Latency (ms),Output Token Throughput (infer/sec)
gemma-3-1b-it_tensorrt_llm_bls,1,8,gemma-3-1b-it_tensorrt_llm_bls_config_82,29:GPU,2,Yes,8.0,1004.0,10292.5
gemma-3-1b-it_tensorrt_llm_bls,1,4,gemma-3-1b-it_tensorrt_llm_bls_config_82,29:GPU,2,Yes,4.4,916.3,5678.5
gemma-3-1b-it_tensorrt_llm_bls,1,16,gemma-3-1b-it_tensorrt_llm_bls_config_82,29:GPU,2,Yes,8.0,2980.8,10370.5
gemma-3-1b-it_tensorrt_llm_bls,1,2,gemma-3-1b-it_tensorrt_llm_bls_config_82,29:GPU,2,Yes,2.2,890.3,2892.0
gemma-3-1b-it_tensorrt_llm_bls,1,32,gemma-3-1b-it_tensorrt_llm_bls_config_82,29:GPU,2,Yes,8.0,6896.6,10390.5
gemma-3-1b-it_tensorrt_llm_bls,1,1,gemma-3-1b-it_tensorrt_llm_bls_config_82,29:GPU,2,Yes,1.1,999.5,1458.1
gemma-3-1b-it_tensorrt_llm_bls,1,48,gemma-3-1b-it_tensorrt_llm_bls_config_82,29:GPU,2,Yes,7.7,9237.3,10154.2
gemma-3-1b-it_tensorrt_llm_bls,1,56,gemma-3-1b-it_tensorrt_llm_bls_config_82,29:GPU,2,Yes,8.0,9869.0,10363.7
gemma-3-1b-it_tensorrt_llm_bls,1,60,gemma-3-1b-it_tensorrt_llm_bls_config_82,29:GPU,2,Yes,8.0,9872.0,10366.5
gemma-3-1b-it_tensorrt_llm_bls,1,64,gemma-3-1b-it_tensorrt_llm_bls_config_82,29:GPU,2,No,8.0,10830.6,10389.9
gemma-3-1b-it_tensorrt_llm_bls,1,62,gemma-3-1b-it_tensorrt_llm_bls_config_82,29:GPU,2,No,8.0,10858.4,10363.8
gemma-3-1b-it_tensorrt_llm_bls,1,61,gemma-3-1b-it_tensorrt_llm_bls_config_82,29:GPU,2,No,8.0,10872.1,10348.8
gemma-3-1b-it_tensorrt_llm_bls,1,8,gemma-3-1b-it_tensorrt_llm_bls_config_79,28:GPU,2,Yes,8.0,1004.5,10274.8
gemma-3-1b-it_tensorrt_llm_bls,1,4,gemma-3-1b-it_tensorrt_llm_bls_config_79,28:GPU,2,Yes,4.4,915.5,5678.2
gemma-3-1b-it_tensorrt_llm_bls,1,2,gemma-3-1b-it_tensorrt_llm_bls_config_79,28:GPU,2,Yes,2.2,891.0,2892.4
gemma-3-1b-it_tensorrt_llm_bls,1,16,gemma-3-1b-it_tensorrt_llm_bls_config_79,28:GPU,2,Yes,8.0,3931.2,10381.0
gemma-3-1b-it_tensorrt_llm_bls,1,1,gemma-3-1b-it_tensorrt_llm_bls_config_79,28:GPU,2,Yes,1.1,989.2,1457.1
gemma-3-1b-it_tensorrt_llm_bls,1,32,gemma-3-1b-it_tensorrt_llm_bls_config_79,28:GPU,2,Yes,8.0,7872.3,10402.4
gemma-3-1b-it_tensorrt_llm_bls,1,48,gemma-3-1b-it_tensorrt_llm_bls_config_79,28:GPU,2,Yes,7.7,9226.8,10172.4
gemma-3-1b-it_tensorrt_llm_bls,1,59,gemma-3-1b-it_tensorrt_llm_bls_config_79,28:GPU,2,Yes,8.0,9863.9,10376.7
gemma-3-1b-it_tensorrt_llm_bls,1,56,gemma-3-1b-it_tensorrt_llm_bls_config_79,28:GPU,2,Yes,8.0,9874.1,10360.7
gemma-3-1b-it_tensorrt_llm_bls,1,58,gemma-3-1b-it_tensorrt_llm_bls_config_79,28:GPU,2,Yes,8.0,9880.0,10364.8
gemma-3-1b-it_tensorrt_llm_bls,1,64,gemma-3-1b-it_tensorrt_llm_bls_config_79,28:GPU,2,No,8.0,10837.8,10384.7
gemma-3-1b-it_tensorrt_llm_bls,1,60,gemma-3-1b-it_tensorrt_llm_bls_config_79,28:GPU,2,No,8.0,10853.3,10365.0
gemma-3-1b-it_tensorrt_llm_bls,1,8,gemma-3-1b-it_tensorrt_llm_bls_config_106,39:GPU,1,Yes,8.0,1005.0,10246.5
gemma-3-1b-it_tensorrt_llm_bls,1,4,gemma-3-1b-it_tensorrt_llm_bls_config_106,39:GPU,1,Yes,4.3,918.7,5662.3
gemma-3-1b-it_tensorrt_llm_bls,1,16,gemma-3-1b-it_tensorrt_llm_bls_config_106,39:GPU,1,Yes,8.0,1991.8,10345.9
gemma-3-1b-it_tensorrt_llm_bls,1,2,gemma-3-1b-it_tensorrt_llm_bls_config_106,39:GPU,1,Yes,2.2,893.8,2881.8
gemma-3-1b-it_tensorrt_llm_bls,1,32,gemma-3-1b-it_tensorrt_llm_bls_config_106,39:GPU,1,Yes,8.0,3966.6,10351.3
gemma-3-1b-it_tensorrt_llm_bls,1,1,gemma-3-1b-it_tensorrt_llm_bls_config_106,39:GPU,1,Yes,1.1,989.5,1453.6
gemma-3-1b-it_tensorrt_llm_bls,1,64,gemma-3-1b-it_tensorrt_llm_bls_config_106,39:GPU,1,Yes,8.0,7905.2,10369.5
gemma-3-1b-it_tensorrt_llm_bls,1,8,gemma-3-1b-it_tensorrt_llm_bls_config_150,55:GPU,1,Yes,8.0,1005.3,10259.8
gemma-3-1b-it_tensorrt_llm_bls,1,4,gemma-3-1b-it_tensorrt_llm_bls_config_150,55:GPU,1,Yes,4.3,918.2,5670.7
gemma-3-1b-it_tensorrt_llm_bls,1,16,gemma-3-1b-it_tensorrt_llm_bls_config_150,55:GPU,1,Yes,8.0,1986.0,10346.6
gemma-3-1b-it_tensorrt_llm_bls,1,2,gemma-3-1b-it_tensorrt_llm_bls_config_150,55:GPU,1,Yes,2.2,891.2,2888.5
gemma-3-1b-it_tensorrt_llm_bls,1,32,gemma-3-1b-it_tensorrt_llm_bls_config_150,55:GPU,1,Yes,8.0,3967.0,10349.4
gemma-3-1b-it_tensorrt_llm_bls,1,1,gemma-3-1b-it_tensorrt_llm_bls_config_150,55:GPU,1,Yes,1.1,986.0,1452.3
gemma-3-1b-it_tensorrt_llm_bls,1,64,gemma-3-1b-it_tensorrt_llm_bls_config_150,55:GPU,1,Yes,8.0,7910.4,10361.0
gemma-3-1b-it_tensorrt_llm_bls,1,8,gemma-3-1b-it_tensorrt_llm_bls_config_50,18:GPU,1,Yes,8.0,1005.4,10277.0
gemma-3-1b-it_tensorrt_llm_bls,1,4,gemma-3-1b-it_tensorrt_llm_bls_config_50,18:GPU,1,Yes,4.4,915.6,5683.2
gemma-3-1b-it_tensorrt_llm_bls,1,16,gemma-3-1b-it_tensorrt_llm_bls_config_50,18:GPU,1,Yes,8.0,1983.0,10365.0
gemma-3-1b-it_tensorrt_llm_bls,1,2,gemma-3-1b-it_tensorrt_llm_bls_config_50,18:GPU,1,Yes,2.2,890.1,2896.2
gemma-3-1b-it_tensorrt_llm_bls,1,32,gemma-3-1b-it_tensorrt_llm_bls_config_50,18:GPU,1,Yes,8.0,4925.0,10382.1
gemma-3-1b-it_tensorrt_llm_bls,1,1,gemma-3-1b-it_tensorrt_llm_bls_config_50,18:GPU,1,Yes,1.1,987.2,1457.9
gemma-3-1b-it_tensorrt_llm_bls,1,64,gemma-3-1b-it_tensorrt_llm_bls_config_50,18:GPU,1,Yes,8.0,7905.1,10371.5
gemma-3-1b-it_tensorrt_llm_bls,1,8,gemma-3-1b-it_tensorrt_llm_bls_config_53,19:GPU,1,Yes,8.0,1005.5,10267.7
gemma-3-1b-it_tensorrt_llm_bls,1,4,gemma-3-1b-it_tensorrt_llm_bls_config_53,19:GPU,1,Yes,4.3,918.6,5662.5
gemma-3-1b-it_tensorrt_llm_bls,1,16,gemma-3-1b-it_tensorrt_llm_bls_config_53,19:GPU,1,Yes,8.0,1984.9,10359.8
gemma-3-1b-it_tensorrt_llm_bls,1,2,gemma-3-1b-it_tensorrt_llm_bls_config_53,19:GPU,1,Yes,2.2,893.4,2884.1
gemma-3-1b-it_tensorrt_llm_bls,1,32,gemma-3-1b-it_tensorrt_llm_bls_config_53,19:GPU,1,Yes,8.0,4931.9,10373.4
gemma-3-1b-it_tensorrt_llm_bls,1,1,gemma-3-1b-it_tensorrt_llm_bls_config_53,19:GPU,1,Yes,1.1,1002.2,1453.4
gemma-3-1b-it_tensorrt_llm_bls,1,64,gemma-3-1b-it_tensorrt_llm_bls_config_53,19:GPU,1,Yes,8.0,8879.1,10360.3
gemma-3-1b-it_tensorrt_llm_bls,1,8,gemma-3-1b-it_tensorrt_llm_bls_config_67,25:GPU,1,Yes,8.0,1005.9,10273.5
gemma-3-1b-it_tensorrt_llm_bls,1,4,gemma-3-1b-it_tensorrt_llm_bls_config_67,25:GPU,1,Yes,4.4,917.2,5677.4
gemma-3-1b-it_tensorrt_llm_bls,1,16,gemma-3-1b-it_tensorrt_llm_bls_config_67,25:GPU,1,Yes,8.0,1987.5,10359.9
gemma-3-1b-it_tensorrt_llm_bls,1,2,gemma-3-1b-it_tensorrt_llm_bls_config_67,25:GPU,1,Yes,2.2,889.8,2895.7
gemma-3-1b-it_tensorrt_llm_bls,1,32,gemma-3-1b-it_tensorrt_llm_bls_config_67,25:GPU,1,Yes,8.0,4917.5,10383.1
gemma-3-1b-it_tensorrt_llm_bls,1,1,gemma-3-1b-it_tensorrt_llm_bls_config_67,25:GPU,1,Yes,1.1,995.7,1454.5
gemma-3-1b-it_tensorrt_llm_bls,1,64,gemma-3-1b-it_tensorrt_llm_bls_config_67,25:GPU,1,Yes,8.0,8874.1,10364.1
gemma-3-1b-it_tensorrt_llm_bls,1,8,gemma-3-1b-it_tensorrt_llm_bls_config_57,21:GPU,1,Yes,8.0,1006.2,10262.0
gemma-3-1b-it_tensorrt_llm_bls,1,4,gemma-3-1b-it_tensorrt_llm_bls_config_57,21:GPU,1,Yes,4.4,915.5,5679.7
gemma-3-1b-it_tensorrt_llm_bls,1,16,gemma-3-1b-it_tensorrt_llm_bls_config_57,21:GPU,1,Yes,8.0,1986.0,10361.1
gemma-3-1b-it_tensorrt_llm_bls,1,2,gemma-3-1b-it_tensorrt_llm_bls_config_57,21:GPU,1,Yes,2.2,890.3,2892.9
gemma-3-1b-it_tensorrt_llm_bls,1,32,gemma-3-1b-it_tensorrt_llm_bls_config_57,21:GPU,1,Yes,8.0,4926.3,10367.0
gemma-3-1b-it_tensorrt_llm_bls,1,1,gemma-3-1b-it_tensorrt_llm_bls_config_57,21:GPU,1,Yes,1.1,986.4,1455.5
gemma-3-1b-it_tensorrt_llm_bls,1,64,gemma-3-1b-it_tensorrt_llm_bls_config_57,21:GPU,1,Yes,8.0,8871.4,10366.3
gemma-3-1b-it_tensorrt_llm_bls,1,8,gemma-3-1b-it_tensorrt_llm_bls_config_71,26:GPU,1,Yes,8.0,1006.5,10262.5
gemma-3-1b-it_tensorrt_llm_bls,1,4,gemma-3-1b-it_tensorrt_llm_bls_config_71,26:GPU,1,Yes,4.4,915.4,5675.8
gemma-3-1b-it_tensorrt_llm_bls,1,16,gemma-3-1b-it_tensorrt_llm_bls_config_71,26:GPU,1,Yes,8.0,1982.8,10362.9
gemma-3-1b-it_tensorrt_llm_bls,1,2,gemma-3-1b-it_tensorrt_llm_bls_config_71,26:GPU,1,Yes,2.2,890.9,2895.3
gemma-3-1b-it_tensorrt_llm_bls,1,32,gemma-3-1b-it_tensorrt_llm_bls_config_71,26:GPU,1,Yes,8.0,4922.8,10384.7
gemma-3-1b-it_tensorrt_llm_bls,1,1,gemma-3-1b-it_tensorrt_llm_bls_config_71,26:GPU,1,Yes,1.1,989.9,1458.1
gemma-3-1b-it_tensorrt_llm_bls,1,64,gemma-3-1b-it_tensorrt_llm_bls_config_71,26:GPU,1,Yes,8.0,7906.9,10365.6
gemma-3-1b-it_tensorrt_llm_bls,1,8,gemma-3-1b-it_tensorrt_llm_bls_config_47,17:GPU,1,Yes,8.0,1006.7,10303.4
gemma-3-1b-it_tensorrt_llm_bls,1,4,gemma-3-1b-it_tensorrt_llm_bls_config_47,17:GPU,1,Yes,4.4,915.4,5678.2
gemma-3-1b-it_tensorrt_llm_bls,1,16,gemma-3-1b-it_tensorrt_llm_bls_config_47,17:GPU,1,Yes,8.0,1980.1,10382.2
gemma-3-1b-it_tensorrt_llm_bls,1,2,gemma-3-1b-it_tensorrt_llm_bls_config_47,17:GPU,1,Yes,2.2,889.6,2893.6
gemma-3-1b-it_tensorrt_llm_bls,1,32,gemma-3-1b-it_tensorrt_llm_bls_config_47,17:GPU,1,Yes,8.0,4911.1,10390.8
gemma-3-1b-it_tensorrt_llm_bls,1,1,gemma-3-1b-it_tensorrt_llm_bls_config_47,17:GPU,1,Yes,1.1,991.3,1457.9
gemma-3-1b-it_tensorrt_llm_bls,1,64,gemma-3-1b-it_tensorrt_llm_bls_config_47,17:GPU,1,Yes,8.0,8852.4,10388.3
gemma-3-1b-it_tensorrt_llm_bls,1,8,gemma-3-1b-it_tensorrt_llm_bls_config_138,51:GPU,1,Yes,8.0,1007.2,10261.0
gemma-3-1b-it_tensorrt_llm_bls,1,4,gemma-3-1b-it_tensorrt_llm_bls_config_138,51:GPU,1,Yes,4.3,919.3,5662.3
gemma-3-1b-it_tensorrt_llm_bls,1,16,gemma-3-1b-it_tensorrt_llm_bls_config_138,51:GPU,1,Yes,8.0,1988.4,10344.9
gemma-3-1b-it_tensorrt_llm_bls,1,2,gemma-3-1b-it_tensorrt_llm_bls_config_138,51:GPU,1,Yes,2.2,892.7,2885.3
gemma-3-1b-it_tensorrt_llm_bls,1,32,gemma-3-1b-it_tensorrt_llm_bls_config_138,51:GPU,1,Yes,8.0,3965.6,10361.2
gemma-3-1b-it_tensorrt_llm_bls,1,1,gemma-3-1b-it_tensorrt_llm_bls_config_138,51:GPU,1,Yes,1.1,997.4,1453.2
gemma-3-1b-it_tensorrt_llm_bls,1,64,gemma-3-1b-it_tensorrt_llm_bls_config_138,51:GPU,1,Yes,8.0,7918.4,10354.9
gemma-3-1b-it_tensorrt_llm_bls,1,8,gemma-3-1b-it_tensorrt_llm_bls_config_25,9:GPU,1,Yes,8.0,1007.5,10268.6
gemma-3-1b-it_tensorrt_llm_bls,1,4,gemma-3-1b-it_tensorrt_llm_bls_config_25,9:GPU,1,Yes,4.3,917.6,5666.3
gemma-3-1b-it_tensorrt_llm_bls,1,16,gemma-3-1b-it_tensorrt_llm_bls_config_25,9:GPU,1,Yes,8.0,2001.3,10275.3
gemma-3-1b-it_tensorrt_llm_bls,1,2,gemma-3-1b-it_tensorrt_llm_bls_config_25,9:GPU,1,Yes,2.2,893.3,2883.9
gemma-3-1b-it_tensorrt_llm_bls,1,32,gemma-3-1b-it_tensorrt_llm_bls_config_25,9:GPU,1,Yes,8.0,3999.3,10274.7
gemma-3-1b-it_tensorrt_llm_bls,1,1,gemma-3-1b-it_tensorrt_llm_bls_config_25,9:GPU,1,Yes,1.1,990.0,1454.2
gemma-3-1b-it_tensorrt_llm_bls,1,64,gemma-3-1b-it_tensorrt_llm_bls_config_25,9:GPU,1,Yes,8.0,7980.7,10278.9
gemma-3-1b-it_tensorrt_llm_bls,1,8,gemma-3-1b-it_tensorrt_llm_bls_config_59,22:GPU,1,Yes,8.0,1007.4,10255.1
gemma-3-1b-it_tensorrt_llm_bls,1,4,gemma-3-1b-it_tensorrt_llm_bls_config_59,22:GPU,1,Yes,4.3,918.7,5664.2
gemma-3-1b-it_tensorrt_llm_bls,1,16,gemma-3-1b-it_tensorrt_llm_bls_config_59,22:GPU,1,Yes,8.0,1987.1,10340.6
gemma-3-1b-it_tensorrt_llm_bls,1,2,gemma-3-1b-it_tensorrt_llm_bls_config_59,22:GPU,1,Yes,2.2,892.5,2884.2
gemma-3-1b-it_tensorrt_llm_bls,1,32,gemma-3-1b-it_tensorrt_llm_bls_config_59,22:GPU,1,Yes,8.0,4924.8,10360.0
gemma-3-1b-it_tensorrt_llm_bls,1,1,gemma-3-1b-it_tensorrt_llm_bls_config_59,22:GPU,1,Yes,1.1,993.6,1453.5
gemma-3-1b-it_tensorrt_llm_bls,1,64,gemma-3-1b-it_tensorrt_llm_bls_config_59,22:GPU,1,Yes,8.0,8864.1,10377.6
gemma-3-1b-it_tensorrt_llm_bls,1,8,gemma-3-1b-it_tensorrt_llm_bls_config_29,10:GPU,2,Yes,7.9,1004.1,10266.2
gemma-3-1b-it_tensorrt_llm_bls,1,4,gemma-3-1b-it_tensorrt_llm_bls_config_29,10:GPU,2,Yes,4.4,916.2,5679.9
gemma-3-1b-it_tensorrt_llm_bls,1,16,gemma-3-1b-it_tensorrt_llm_bls_config_29,10:GPU,2,Yes,8.0,2975.9,10334.6
gemma-3-1b-it_tensorrt_llm_bls,1,2,gemma-3-1b-it_tensorrt_llm_bls_config_29,10:GPU,2,Yes,2.2,890.4,2892.9
gemma-3-1b-it_tensorrt_llm_bls,1,32,gemma-3-1b-it_tensorrt_llm_bls_config_29,10:GPU,2,Yes,8.0,4953.2,10331.7
gemma-3-1b-it_tensorrt_llm_bls,1,1,gemma-3-1b-it_tensorrt_llm_bls_config_29,10:GPU,2,Yes,1.1,989.7,1458.2
gemma-3-1b-it_tensorrt_llm_bls,1,64,gemma-3-1b-it_tensorrt_llm_bls_config_29,10:GPU,2,Yes,8.0,8895.7,10350.4
gemma-3-1b-it_tensorrt_llm_bls,1,8,gemma-3-1b-it_tensorrt_llm_bls_config_126,47:GPU,1,Yes,8.0,1007.5,10238.5
gemma-3-1b-it_tensorrt_llm_bls,1,4,gemma-3-1b-it_tensorrt_llm_bls_config_126,47:GPU,1,Yes,4.3,920.1,5660.5
gemma-3-1b-it_tensorrt_llm_bls,1,16,gemma-3-1b-it_tensorrt_llm_bls_config_126,47:GPU,1,Yes,8.0,1988.1,10342.0
gemma-3-1b-it_tensorrt_llm_bls,1,2,gemma-3-1b-it_tensorrt_llm_bls_config_126,47:GPU,1,Yes,2.2,894.9,2880.9
gemma-3-1b-it_tensorrt_llm_bls,1,32,gemma-3-1b-it_tensorrt_llm_bls_config_126,47:GPU,1,Yes,8.0,3963.7,10358.8
gemma-3-1b-it_tensorrt_llm_bls,1,1,gemma-3-1b-it_tensorrt_llm_bls_config_126,47:GPU,1,Yes,1.1,992.9,1451.9
gemma-3-1b-it_tensorrt_llm_bls,1,64,gemma-3-1b-it_tensorrt_llm_bls_config_126,47:GPU,1,Yes,8.0,7927.6,10346.9
gemma-3-1b-it_tensorrt_llm_bls,1,8,gemma-3-1b-it_tensorrt_llm_bls_config_92,33:GPU,1,Yes,8.0,1007.4,10264.5
gemma-3-1b-it_tensorrt_llm_bls,1,4,gemma-3-1b-it_tensorrt_llm_bls_config_92,33:GPU,1,Yes,4.4,916.8,5679.2
gemma-3-1b-it_tensorrt_llm_bls,1,16,gemma-3-1b-it_tensorrt_llm_bls_config_92,33:GPU,1,Yes,8.0,1986.5,10368.8
gemma-3-1b-it_tensorrt_llm_bls,1,2,gemma-3-1b-it_tensorrt_llm_bls_config_92,33:GPU,1,Yes,2.2,890.6,2894.2
gemma-3-1b-it_tensorrt_llm_bls,1,32,gemma-3-1b-it_tensorrt_llm_bls_config_92,33:GPU,1,Yes,8.0,3951.1,10388.6
gemma-3-1b-it_tensorrt_llm_bls,1,1,gemma-3-1b-it_tensorrt_llm_bls_config_92,33:GPU,1,Yes,1.1,991.4,1456.8
gemma-3-1b-it_tensorrt_llm_bls,1,64,gemma-3-1b-it_tensorrt_llm_bls_config_92,33:GPU,1,Yes,8.0,8855.3,10387.4
gemma-3-1b-it_tensorrt_llm_bls,1,8,gemma-3-1b-it_tensorrt_llm_bls_config_23,8:GPU,1,Yes,8.0,1007.1,10286.9
gemma-3-1b-it_tensorrt_llm_bls,1,4,gemma-3-1b-it_tensorrt_llm_bls_config_23,8:GPU,1,Yes,4.4,916.7,5678.1
gemma-3-1b-it_tensorrt_llm_bls,1,16,gemma-3-1b-it_tensorrt_llm_bls_config_23,8:GPU,1,Yes,8.0,1997.3,10300.6
gemma-3-1b-it_tensorrt_llm_bls,1,2,gemma-3-1b-it_tensorrt_llm_bls_config_23,8:GPU,1,Yes,2.2,890.1,2893.2
gemma-3-1b-it_tensorrt_llm_bls,1,32,gemma-3-1b-it_tensorrt_llm_bls_config_23,8:GPU,1,Yes,8.0,3981.3,10307.5
gemma-3-1b-it_tensorrt_llm_bls,1,1,gemma-3-1b-it_tensorrt_llm_bls_config_23,8:GPU,1,Yes,1.1,988.9,1457.9
gemma-3-1b-it_tensorrt_llm_bls,1,64,gemma-3-1b-it_tensorrt_llm_bls_config_23,8:GPU,1,Yes,8.0,7950.3,10305.5
gemma-3-1b-it_tensorrt_llm_bls,1,8,gemma-3-1b-it_tensorrt_llm_bls_config_120,45:GPU,1,Yes,8.0,1008.0,10275.8
gemma-3-1b-it_tensorrt_llm_bls,1,4,gemma-3-1b-it_tensorrt_llm_bls_config_120,45:GPU,1,Yes,4.4,916.8,5675.7
gemma-3-1b-it_tensorrt_llm_bls,1,16,gemma-3-1b-it_tensorrt_llm_bls_config_120,45:GPU,1,Yes,8.0,1985.2,10369.9
gemma-3-1b-it_tensorrt_llm_bls,1,2,gemma-3-1b-it_tensorrt_llm_bls_config_120,45:GPU,1,Yes,2.2,890.6,2891.9
gemma-3-1b-it_tensorrt_llm_bls,1,32,gemma-3-1b-it_tensorrt_llm_bls_config_120,45:GPU,1,Yes,8.0,3960.9,10371.6
gemma-3-1b-it_tensorrt_llm_bls,1,1,gemma-3-1b-it_tensorrt_llm_bls_config_120,45:GPU,1,Yes,1.1,988.6,1456.7
gemma-3-1b-it_tensorrt_llm_bls,1,64,gemma-3-1b-it_tensorrt_llm_bls_config_120,45:GPU,1,Yes,8.0,8872.5,10365.6
gemma-3-1b-it_tensorrt_llm_bls,1,8,gemma-3-1b-it_tensorrt_llm_bls_config_135,50:GPU,1,Yes,8.0,1008.1,10253.7
gemma-3-1b-it_tensorrt_llm_bls,1,4,gemma-3-1b-it_tensorrt_llm_bls_config_135,50:GPU,1,Yes,4.4,917.6,5677.4
gemma-3-1b-it_tensorrt_llm_bls,1,16,gemma-3-1b-it_tensorrt_llm_bls_config_135,50:GPU,1,Yes,8.0,1991.4,10347.4
gemma-3-1b-it_tensorrt_llm_bls,1,2,gemma-3-1b-it_tensorrt_llm_bls_config_135,50:GPU,1,Yes,2.2,890.7,2890.6
gemma-3-1b-it_tensorrt_llm_bls,1,32,gemma-3-1b-it_tensorrt_llm_bls_config_135,50:GPU,1,Yes,8.0,3958.0,10362.9
gemma-3-1b-it_tensorrt_llm_bls,1,1,gemma-3-1b-it_tensorrt_llm_bls_config_135,50:GPU,1,Yes,1.1,991.7,1454.5
gemma-3-1b-it_tensorrt_llm_bls,1,64,gemma-3-1b-it_tensorrt_llm_bls_config_135,50:GPU,1,Yes,8.0,8889.8,10352.4
gemma-3-1b-it_tensorrt_llm_bls,1,8,gemma-3-1b-it_tensorrt_llm_bls_config_65,24:GPU,1,Yes,8.0,1008.2,10252.2
gemma-3-1b-it_tensorrt_llm_bls,1,4,gemma-3-1b-it_tensorrt_llm_bls_config_65,24:GPU,1,Yes,4.3,920.3,5662.1
gemma-3-1b-it_tensorrt_llm_bls,1,16,gemma-3-1b-it_tensorrt_llm_bls_config_65,24:GPU,1,Yes,8.0,1990.6,10324.2
gemma-3-1b-it_tensorrt_llm_bls,1,2,gemma-3-1b-it_tensorrt_llm_bls_config_65,24:GPU,1,Yes,2.2,892.3,2885.8
gemma-3-1b-it_tensorrt_llm_bls,1,32,gemma-3-1b-it_tensorrt_llm_bls_config_65,24:GPU,1,Yes,8.0,3960.7,10356.5
gemma-3-1b-it_tensorrt_llm_bls,1,1,gemma-3-1b-it_tensorrt_llm_bls_config_65,24:GPU,1,Yes,1.1,989.0,1453.5
gemma-3-1b-it_tensorrt_llm_bls,1,64,gemma-3-1b-it_tensorrt_llm_bls_config_65,24:GPU,1,Yes,8.0,7915.4,10359.0
gemma-3-1b-it_tensorrt_llm_bls,1,8,gemma-3-1b-it_tensorrt_llm_bls_config_28,10:GPU,1,Yes,8.0,1008.2,10264.5
gemma-3-1b-it_tensorrt_llm_bls,1,4,gemma-3-1b-it_tensorrt_llm_bls_config_28,10:GPU,1,Yes,4.3,918.3,5668.6
gemma-3-1b-it_tensorrt_llm_bls,1,16,gemma-3-1b-it_tensorrt_llm_bls_config_28,10:GPU,1,Yes,8.0,2945.8,10311.7
gemma-3-1b-it_tensorrt_llm_bls,1,2,gemma-3-1b-it_tensorrt_llm_bls_config_28,10:GPU,1,Yes,2.2,893.0,2886.7
gemma-3-1b-it_tensorrt_llm_bls,1,32,gemma-3-1b-it_tensorrt_llm_bls_config_28,10:GPU,1,Yes,8.0,3982.8,10328.5
gemma-3-1b-it_tensorrt_llm_bls,1,1,gemma-3-1b-it_tensorrt_llm_bls_config_28,10:GPU,1,Yes,1.1,992.5,1455.0
gemma-3-1b-it_tensorrt_llm_bls,1,64,gemma-3-1b-it_tensorrt_llm_bls_config_28,10:GPU,1,Yes,8.0,7959.5,10325.4
gemma-3-1b-it_tensorrt_llm_bls,1,8,gemma-3-1b-it_tensorrt_llm_bls_config_94,34:GPU,1,Yes,8.0,1008.5,10282.2
gemma-3-1b-it_tensorrt_llm_bls,1,4,gemma-3-1b-it_tensorrt_llm_bls_config_94,34:GPU,1,Yes,4.4,917.0,5679.9
gemma-3-1b-it_tensorrt_llm_bls,1,16,gemma-3-1b-it_tensorrt_llm_bls_config_94,34:GPU,1,Yes,8.0,1984.8,10374.1
gemma-3-1b-it_tensorrt_llm_bls,1,2,gemma-3-1b-it_tensorrt_llm_bls_config_94,34:GPU,1,Yes,2.2,890.3,2893.9
gemma-3-1b-it_tensorrt_llm_bls,1,32,gemma-3-1b-it_tensorrt_llm_bls_config_94,34:GPU,1,Yes,8.0,3960.8,10373.7
gemma-3-1b-it_tensorrt_llm_bls,1,1,gemma-3-1b-it_tensorrt_llm_bls_config_94,34:GPU,1,Yes,1.1,989.5,1457.5
gemma-3-1b-it_tensorrt_llm_bls,1,64,gemma-3-1b-it_tensorrt_llm_bls_config_94,34:GPU,1,Yes,8.0,8857.1,10387.1
gemma-3-1b-it_tensorrt_llm_bls,1,8,gemma-3-1b-it_tensorrt_llm_bls_config_78,28:GPU,1,Yes,8.0,1008.5,10268.1
gemma-3-1b-it_tensorrt_llm_bls,1,4,gemma-3-1b-it_tensorrt_llm_bls_config_78,28:GPU,1,Yes,4.4,915.2,5569.5
gemma-3-1b-it_tensorrt_llm_bls,1,16,gemma-3-1b-it_tensorrt_llm_bls_config_78,28:GPU,1,Yes,8.0,1985.1,10362.6
gemma-3-1b-it_tensorrt_llm_bls,1,2,gemma-3-1b-it_tensorrt_llm_bls_config_78,28:GPU,1,Yes,2.2,890.4,2891.5
gemma-3-1b-it_tensorrt_llm_bls,1,32,gemma-3-1b-it_tensorrt_llm_bls_config_78,28:GPU,1,Yes,8.0,4926.7,10366.7
gemma-3-1b-it_tensorrt_llm_bls,1,1,gemma-3-1b-it_tensorrt_llm_bls_config_78,28:GPU,1,Yes,1.1,990.2,1456.0
gemma-3-1b-it_tensorrt_llm_bls,1,64,gemma-3-1b-it_tensorrt_llm_bls_config_78,28:GPU,1,Yes,8.0,8880.8,10365.6
gemma-3-1b-it_tensorrt_llm_bls,1,8,gemma-3-1b-it_tensorrt_llm_bls_config_39,15:GPU,1,Yes,8.0,1008.5,10283.5
gemma-3-1b-it_tensorrt_llm_bls,1,4,gemma-3-1b-it_tensorrt_llm_bls_config_39,15:GPU,1,Yes,4.4,916.6,5679.7
gemma-3-1b-it_tensorrt_llm_bls,1,16,gemma-3-1b-it_tensorrt_llm_bls_config_39,15:GPU,1,Yes,8.0,1985.7,10366.6
gemma-3-1b-it_tensorrt_llm_bls,1,2,gemma-3-1b-it_tensorrt_llm_bls_config_39,15:GPU,1,Yes,2.2,890.0,2894.3
gemma-3-1b-it_tensorrt_llm_bls,1,32,gemma-3-1b-it_tensorrt_llm_bls_config_39,15:GPU,1,Yes,8.0,3957.1,10372.0
gemma-3-1b-it_tensorrt_llm_bls,1,1,gemma-3-1b-it_tensorrt_llm_bls_config_39,15:GPU,1,Yes,1.1,991.7,1457.8
gemma-3-1b-it_tensorrt_llm_bls,1,64,gemma-3-1b-it_tensorrt_llm_bls_config_39,15:GPU,1,Yes,8.0,7906.4,10367.5
gemma-3-1b-it_tensorrt_llm_bls,1,8,gemma-3-1b-it_tensorrt_llm_bls_config_35,13:GPU,1,Yes,8.0,1008.9,10247.0
gemma-3-1b-it_tensorrt_llm_bls,1,4,gemma-3-1b-it_tensorrt_llm_bls_config_35,13:GPU,1,Yes,4.3,918.2,5667.5
gemma-3-1b-it_tensorrt_llm_bls,1,16,gemma-3-1b-it_tensorrt_llm_bls_config_35,13:GPU,1,Yes,8.0,2955.1,10339.5
gemma-3-1b-it_tensorrt_llm_bls,1,2,gemma-3-1b-it_tensorrt_llm_bls_config_35,13:GPU,1,Yes,2.2,893.3,2883.7
gemma-3-1b-it_tensorrt_llm_bls,1,32,gemma-3-1b-it_tensorrt_llm_bls_config_35,13:GPU,1,Yes,8.0,3977.1,10325.3
gemma-3-1b-it_tensorrt_llm_bls,1,1,gemma-3-1b-it_tensorrt_llm_bls_config_35,13:GPU,1,Yes,1.1,994.1,1454.2
gemma-3-1b-it_tensorrt_llm_bls,1,64,gemma-3-1b-it_tensorrt_llm_bls_config_35,13:GPU,1,Yes,8.0,8889.2,10344.4
gemma-3-1b-it_tensorrt_llm_bls,1,8,gemma-3-1b-it_tensorrt_llm_bls_config_97,35:GPU,2,Yes,8.0,1008.9,10261.1
gemma-3-1b-it_tensorrt_llm_bls,1,4,gemma-3-1b-it_tensorrt_llm_bls_config_97,35:GPU,2,Yes,4.3,919.5,5659.1
gemma-3-1b-it_tensorrt_llm_bls,1,16,gemma-3-1b-it_tensorrt_llm_bls_config_97,35:GPU,2,Yes,8.0,2982.8,10351.6
gemma-3-1b-it_tensorrt_llm_bls,1,2,gemma-3-1b-it_tensorrt_llm_bls_config_97,35:GPU,2,Yes,2.2,892.9,2884.0
gemma-3-1b-it_tensorrt_llm_bls,1,32,gemma-3-1b-it_tensorrt_llm_bls_config_97,35:GPU,2,Yes,8.0,6925.9,10367.5
gemma-3-1b-it_tensorrt_llm_bls,1,1,gemma-3-1b-it_tensorrt_llm_bls_config_97,35:GPU,2,Yes,1.1,1004.9,1454.5
gemma-3-1b-it_tensorrt_llm_bls,1,64,gemma-3-1b-it_tensorrt_llm_bls_config_97,35:GPU,2,No,8.0,11846.0,10352.5
gemma-3-1b-it_tensorrt_llm_bls,1,8,gemma-3-1b-it_tensorrt_llm_bls_config_142,52:GPU,2,Yes,8.0,1009.3,10267.1
gemma-3-1b-it_tensorrt_llm_bls,1,4,gemma-3-1b-it_tensorrt_llm_bls_config_142,52:GPU,2,Yes,4.3,917.7,5672.4
gemma-3-1b-it_tensorrt_llm_bls,1,16,gemma-3-1b-it_tensorrt_llm_bls_config_142,52:GPU,2,Yes,8.0,1988.0,10355.7
gemma-3-1b-it_tensorrt_llm_bls,1,2,gemma-3-1b-it_tensorrt_llm_bls_config_142,52:GPU,2,Yes,2.2,891.8,2891.6
gemma-3-1b-it_tensorrt_llm_bls,1,1,gemma-3-1b-it_tensorrt_llm_bls_config_142,52:GPU,2,Yes,1.1,986.2,1457.6
gemma-3-1b-it_tensorrt_llm_bls,1,32,gemma-3-1b-it_tensorrt_llm_bls_config_142,52:GPU,2,Yes,8.0,6901.0,10364.4
gemma-3-1b-it_tensorrt_llm_bls,1,64,gemma-3-1b-it_tensorrt_llm_bls_config_142,52:GPU,2,No,8.0,13806.1,10370.2
gemma-3-1b-it_tensorrt_llm_bls,1,8,gemma-3-1b-it_tensorrt_llm_bls_config_30,11:GPU,1,Yes,8.0,1009.1,10267.5
gemma-3-1b-it_tensorrt_llm_bls,1,4,gemma-3-1b-it_tensorrt_llm_bls_config_30,11:GPU,1,Yes,4.3,918.9,5663.7
gemma-3-1b-it_tensorrt_llm_bls,1,16,gemma-3-1b-it_tensorrt_llm_bls_config_30,11:GPU,1,Yes,8.0,1999.8,10308.7
gemma-3-1b-it_tensorrt_llm_bls,1,2,gemma-3-1b-it_tensorrt_llm_bls_config_30,11:GPU,1,Yes,2.2,892.1,2883.8
gemma-3-1b-it_tensorrt_llm_bls,1,32,gemma-3-1b-it_tensorrt_llm_bls_config_30,11:GPU,1,Yes,8.0,3974.0,10334.5
gemma-3-1b-it_tensorrt_llm_bls,1,1,gemma-3-1b-it_tensorrt_llm_bls_config_30,11:GPU,1,Yes,1.1,989.6,1454.0
gemma-3-1b-it_tensorrt_llm_bls,1,64,gemma-3-1b-it_tensorrt_llm_bls_config_30,11:GPU,1,Yes,8.0,7943.2,10319.8
gemma-3-1b-it_tensorrt_llm_bls,1,8,gemma-3-1b-it_tensorrt_llm_bls_config_70,25:GPU,8,Yes,8.0,1009.5,10252.9
gemma-3-1b-it_tensorrt_llm_bls,1,4,gemma-3-1b-it_tensorrt_llm_bls_config_70,25:GPU,8,Yes,4.3,920.6,5655.0
gemma-3-1b-it_tensorrt_llm_bls,1,16,gemma-3-1b-it_tensorrt_llm_bls_config_70,25:GPU,8,Yes,8.0,2970.3,10339.0
gemma-3-1b-it_tensorrt_llm_bls,1,2,gemma-3-1b-it_tensorrt_llm_bls_config_70,25:GPU,8,Yes,2.2,892.5,2885.0
gemma-3-1b-it_tensorrt_llm_bls,1,1,gemma-3-1b-it_tensorrt_llm_bls_config_70,25:GPU,8,Yes,1.1,996.2,1452.3
gemma-3-1b-it_tensorrt_llm_bls,1,32,gemma-3-1b-it_tensorrt_llm_bls_config_70,25:GPU,8,No,8.0,14838.1,10356.8
gemma-3-1b-it_tensorrt_llm_bls,1,64,gemma-3-1b-it_tensorrt_llm_bls_config_70,25:GPU,8,No,8.0,22802.2,10330.2
gemma-3-1b-it_tensorrt_llm_bls,1,8,gemma-3-1b-it_tensorrt_llm_bls_config_136,50:GPU,2,Yes,8.0,1009.5,10251.5
gemma-3-1b-it_tensorrt_llm_bls,1,4,gemma-3-1b-it_tensorrt_llm_bls_config_136,50:GPU,2,Yes,4.3,918.3,5632.7
gemma-3-1b-it_tensorrt_llm_bls,1,16,gemma-3-1b-it_tensorrt_llm_bls_config_136,50:GPU,2,Yes,8.0,1992.5,10342.3
gemma-3-1b-it_tensorrt_llm_bls,1,2,gemma-3-1b-it_tensorrt_llm_bls_config_136,50:GPU,2,Yes,2.2,890.4,2890.7
gemma-3-1b-it_tensorrt_llm_bls,1,32,gemma-3-1b-it_tensorrt_llm_bls_config_136,50:GPU,2,Yes,8.0,6929.9,10358.5
gemma-3-1b-it_tensorrt_llm_bls,1,1,gemma-3-1b-it_tensorrt_llm_bls_config_136,50:GPU,2,Yes,1.1,994.8,1452.7
gemma-3-1b-it_tensorrt_llm_bls,1,64,gemma-3-1b-it_tensorrt_llm_bls_config_136,50:GPU,2,No,8.0,13808.1,10370.1
gemma-3-1b-it_tensorrt_llm_bls,1,8,gemma-3-1b-it_tensorrt_llm_bls_config_103,38:GPU,1,Yes,8.0,1008.9,10284.8
gemma-3-1b-it_tensorrt_llm_bls,1,4,gemma-3-1b-it_tensorrt_llm_bls_config_103,38:GPU,1,Yes,4.4,916.8,5675.9
gemma-3-1b-it_tensorrt_llm_bls,1,16,gemma-3-1b-it_tensorrt_llm_bls_config_103,38:GPU,1,Yes,8.0,1986.4,10378.0
gemma-3-1b-it_tensorrt_llm_bls,1,2,gemma-3-1b-it_tensorrt_llm_bls_config_103,38:GPU,1,Yes,2.2,889.9,2893.5
gemma-3-1b-it_tensorrt_llm_bls,1,32,gemma-3-1b-it_tensorrt_llm_bls_config_103,38:GPU,1,Yes,8.0,3956.9,10372.3
gemma-3-1b-it_tensorrt_llm_bls,1,1,gemma-3-1b-it_tensorrt_llm_bls_config_103,38:GPU,1,Yes,1.1,989.5,1456.8
gemma-3-1b-it_tensorrt_llm_bls,1,64,gemma-3-1b-it_tensorrt_llm_bls_config_103,38:GPU,1,Yes,8.0,8863.9,10377.4
gemma-3-1b-it_tensorrt_llm_bls,1,8,gemma-3-1b-it_tensorrt_llm_bls_config_123,46:GPU,1,Yes,8.0,1009.5,10278.0
gemma-3-1b-it_tensorrt_llm_bls,1,4,gemma-3-1b-it_tensorrt_llm_bls_config_123,46:GPU,1,Yes,4.4,917.4,5673.6
gemma-3-1b-it_tensorrt_llm_bls,1,16,gemma-3-1b-it_tensorrt_llm_bls_config_123,46:GPU,1,Yes,8.0,1983.8,10366.1
gemma-3-1b-it_tensorrt_llm_bls,1,2,gemma-3-1b-it_tensorrt_llm_bls_config_123,46:GPU,1,Yes,2.2,888.9,2893.0
gemma-3-1b-it_tensorrt_llm_bls,1,32,gemma-3-1b-it_tensorrt_llm_bls_config_123,46:GPU,1,Yes,8.0,3957.9,10368.8
gemma-3-1b-it_tensorrt_llm_bls,1,1,gemma-3-1b-it_tensorrt_llm_bls_config_123,46:GPU,1,Yes,1.1,989.9,1455.7
gemma-3-1b-it_tensorrt_llm_bls,1,64,gemma-3-1b-it_tensorrt_llm_bls_config_123,46:GPU,1,Yes,8.0,8860.2,10381.9
gemma-3-1b-it_tensorrt_llm_bls,1,8,gemma-3-1b-it_tensorrt_llm_bls_config_55,20:GPU,1,Yes,8.0,1009.3,10278.0
gemma-3-1b-it_tensorrt_llm_bls,1,4,gemma-3-1b-it_tensorrt_llm_bls_config_55,20:GPU,1,Yes,4.3,917.9,5567.2
gemma-3-1b-it_tensorrt_llm_bls,1,16,gemma-3-1b-it_tensorrt_llm_bls_config_55,20:GPU,1,Yes,8.0,1986.0,10358.4
gemma-3-1b-it_tensorrt_llm_bls,1,2,gemma-3-1b-it_tensorrt_llm_bls_config_55,20:GPU,1,Yes,2.2,891.8,2888.8
gemma-3-1b-it_tensorrt_llm_bls,1,32,gemma-3-1b-it_tensorrt_llm_bls_config_55,20:GPU,1,Yes,8.0,4930.8,10363.4
gemma-3-1b-it_tensorrt_llm_bls,1,1,gemma-3-1b-it_tensorrt_llm_bls_config_55,20:GPU,1,Yes,1.1,992.7,1455.1
gemma-3-1b-it_tensorrt_llm_bls,1,64,gemma-3-1b-it_tensorrt_llm_bls_config_55,20:GPU,1,Yes,8.0,8880.3,10359.3
gemma-3-1b-it_tensorrt_llm_bls,1,8,gemma-3-1b-it_tensorrt_llm_bls_config_51,18:GPU,2,Yes,7.9,1006.2,10245.0
gemma-3-1b-it_tensorrt_llm_bls,1,4,gemma-3-1b-it_tensorrt_llm_bls_config_51,18:GPU,2,Yes,4.4,916.5,5683.4
gemma-3-1b-it_tensorrt_llm_bls,1,16,gemma-3-1b-it_tensorrt_llm_bls_config_51,18:GPU,2,Yes,8.0,1991.1,10364.6
gemma-3-1b-it_tensorrt_llm_bls,1,2,gemma-3-1b-it_tensorrt_llm_bls_config_51,18:GPU,2,Yes,2.2,888.6,2895.1
gemma-3-1b-it_tensorrt_llm_bls,1,32,gemma-3-1b-it_tensorrt_llm_bls_config_51,18:GPU,2,Yes,8.0,5923.6,10379.5
gemma-3-1b-it_tensorrt_llm_bls,1,1,gemma-3-1b-it_tensorrt_llm_bls_config_51,18:GPU,2,Yes,1.1,994.5,1457.2
gemma-3-1b-it_tensorrt_llm_bls,1,64,gemma-3-1b-it_tensorrt_llm_bls_config_51,18:GPU,2,Yes,8.0,9869.1,10364.0
gemma-3-1b-it_tensorrt_llm_bls,1,8,gemma-3-1b-it_tensorrt_llm_bls_config_86,31:GPU,1,Yes,8.0,1009.6,10246.3
gemma-3-1b-it_tensorrt_llm_bls,1,4,gemma-3-1b-it_tensorrt_llm_bls_config_86,31:GPU,1,Yes,4.3,917.1,5665.0
gemma-3-1b-it_tensorrt_llm_bls,1,16,gemma-3-1b-it_tensorrt_llm_bls_config_86,31:GPU,1,Yes,8.0,1985.6,10355.3
gemma-3-1b-it_tensorrt_llm_bls,1,2,gemma-3-1b-it_tensorrt_llm_bls_config_86,31:GPU,1,Yes,2.2,893.7,2883.8
gemma-3-1b-it_tensorrt_llm_bls,1,32,gemma-3-1b-it_tensorrt_llm_bls_config_86,31:GPU,1,Yes,8.0,3960.3,10370.6
gemma-3-1b-it_tensorrt_llm_bls,1,1,gemma-3-1b-it_tensorrt_llm_bls_config_86,31:GPU,1,Yes,1.1,987.7,1454.6
gemma-3-1b-it_tensorrt_llm_bls,1,64,gemma-3-1b-it_tensorrt_llm_bls_config_86,31:GPU,1,Yes,8.0,7909.5,10366.2
gemma-3-1b-it_tensorrt_llm_bls,1,8,gemma-3-1b-it_tensorrt_llm_bls_config_152,56:GPU,1,Yes,8.0,1009.3,10267.6
gemma-3-1b-it_tensorrt_llm_bls,1,4,gemma-3-1b-it_tensorrt_llm_bls_config_152,56:GPU,1,Yes,4.4,916.2,5569.0
gemma-3-1b-it_tensorrt_llm_bls,1,16,gemma-3-1b-it_tensorrt_llm_bls_config_152,56:GPU,1,Yes,8.0,1991.0,10355.8
gemma-3-1b-it_tensorrt_llm_bls,1,2,gemma-3-1b-it_tensorrt_llm_bls_config_152,56:GPU,1,Yes,2.2,889.1,2891.9
gemma-3-1b-it_tensorrt_llm_bls,1,32,gemma-3-1b-it_tensorrt_llm_bls_config_152,56:GPU,1,Yes,8.0,3958.3,10370.7
gemma-3-1b-it_tensorrt_llm_bls,1,1,gemma-3-1b-it_tensorrt_llm_bls_config_152,56:GPU,1,Yes,1.1,979.8,1456.0
gemma-3-1b-it_tensorrt_llm_bls,1,64,gemma-3-1b-it_tensorrt_llm_bls_config_152,56:GPU,1,Yes,8.0,7901.0,10373.3
gemma-3-1b-it_tensorrt_llm_bls,1,8,gemma-3-1b-it_tensorrt_llm_bls_config_43,16:GPU,1,Yes,8.0,1010.1,10264.8
gemma-3-1b-it_tensorrt_llm_bls,1,4,gemma-3-1b-it_tensorrt_llm_bls_config_43,16:GPU,1,Yes,4.3,920.3,5666.6
gemma-3-1b-it_tensorrt_llm_bls,1,16,gemma-3-1b-it_tensorrt_llm_bls_config_43,16:GPU,1,Yes,8.0,1987.3,10353.7
gemma-3-1b-it_tensorrt_llm_bls,1,2,gemma-3-1b-it_tensorrt_llm_bls_config_43,16:GPU,1,Yes,2.2,892.7,2886.4
gemma-3-1b-it_tensorrt_llm_bls,1,32,gemma-3-1b-it_tensorrt_llm_bls_config_43,16:GPU,1,Yes,8.0,3967.1,10360.5
gemma-3-1b-it_tensorrt_llm_bls,1,1,gemma-3-1b-it_tensorrt_llm_bls_config_43,16:GPU,1,Yes,1.1,992.1,1454.0
gemma-3-1b-it_tensorrt_llm_bls,1,64,gemma-3-1b-it_tensorrt_llm_bls_config_43,16:GPU,1,Yes,8.0,7919.3,10355.2
gemma-3-1b-it_tensorrt_llm_bls,1,8,gemma-3-1b-it_tensorrt_llm_bls_config_147,53:GPU,8,Yes,7.9,1003.1,10209.1
gemma-3-1b-it_tensorrt_llm_bls,1,4,gemma-3-1b-it_tensorrt_llm_bls_config_147,53:GPU,8,Yes,4.3,917.3,5568.2
gemma-3-1b-it_tensorrt_llm_bls,1,16,gemma-3-1b-it_tensorrt_llm_bls_config_147,53:GPU,8,Yes,8.0,1992.5,10353.4
gemma-3-1b-it_tensorrt_llm_bls,1,2,gemma-3-1b-it_tensorrt_llm_bls_config_147,53:GPU,8,Yes,2.2,889.7,2891.6
gemma-3-1b-it_tensorrt_llm_bls,1,1,gemma-3-1b-it_tensorrt_llm_bls_config_147,53:GPU,8,Yes,1.1,982.5,1456.2
gemma-3-1b-it_tensorrt_llm_bls,1,32,gemma-3-1b-it_tensorrt_llm_bls_config_147,53:GPU,8,No,8.0,18784.6,10357.8
gemma-3-1b-it_tensorrt_llm_bls,1,64,gemma-3-1b-it_tensorrt_llm_bls_config_147,53:GPU,8,No,8.0,30609.0,10368.3
gemma-3-1b-it_tensorrt_llm_bls,1,8,gemma-3-1b-it_tensorrt_llm_bls_config_130,48:GPU,1,Yes,8.0,1009.9,10254.1
gemma-3-1b-it_tensorrt_llm_bls,1,4,gemma-3-1b-it_tensorrt_llm_bls_config_130,48:GPU,1,Yes,4.3,919.8,5657.7
gemma-3-1b-it_tensorrt_llm_bls,1,16,gemma-3-1b-it_tensorrt_llm_bls_config_130,48:GPU,1,Yes,8.0,1992.4,10339.8
gemma-3-1b-it_tensorrt_llm_bls,1,2,gemma-3-1b-it_tensorrt_llm_bls_config_130,48:GPU,1,Yes,2.2,893.4,2883.9
gemma-3-1b-it_tensorrt_llm_bls,1,32,gemma-3-1b-it_tensorrt_llm_bls_config_130,48:GPU,1,Yes,8.0,3965.9,10339.0
gemma-3-1b-it_tensorrt_llm_bls,1,1,gemma-3-1b-it_tensorrt_llm_bls_config_130,48:GPU,1,Yes,1.1,993.7,1453.5
gemma-3-1b-it_tensorrt_llm_bls,1,64,gemma-3-1b-it_tensorrt_llm_bls_config_130,48:GPU,1,Yes,8.0,7910.3,10358.5
gemma-3-1b-it_tensorrt_llm_bls,1,8,gemma-3-1b-it_tensorrt_llm_bls_config_41,15:GPU,4,Yes,7.9,1006.8,10247.4
gemma-3-1b-it_tensorrt_llm_bls,1,4,gemma-3-1b-it_tensorrt_llm_bls_config_41,15:GPU,4,Yes,4.4,918.1,5674.9
gemma-3-1b-it_tensorrt_llm_bls,1,16,gemma-3-1b-it_tensorrt_llm_bls_config_41,15:GPU,4,Yes,8.0,1986.9,10344.4
gemma-3-1b-it_tensorrt_llm_bls,1,2,gemma-3-1b-it_tensorrt_llm_bls_config_41,15:GPU,4,Yes,2.2,892.2,2885.6
gemma-3-1b-it_tensorrt_llm_bls,1,1,gemma-3-1b-it_tensorrt_llm_bls_config_41,15:GPU,4,Yes,1.1,993.0,1454.4
gemma-3-1b-it_tensorrt_llm_bls,1,32,gemma-3-1b-it_tensorrt_llm_bls_config_41,15:GPU,4,Yes,8.0,7919.0,10342.3
gemma-3-1b-it_tensorrt_llm_bls,1,64,gemma-3-1b-it_tensorrt_llm_bls_config_41,15:GPU,4,No,8.0,11854.0,10359.2
gemma-3-1b-it_tensorrt_llm_bls,1,8,gemma-3-1b-it_tensorrt_llm_bls_config_84,30:GPU,2,Yes,7.9,1007.0,10235.6
gemma-3-1b-it_tensorrt_llm_bls,1,4,gemma-3-1b-it_tensorrt_llm_bls_config_84,30:GPU,2,Yes,4.4,916.0,5680.6
gemma-3-1b-it_tensorrt_llm_bls,1,2,gemma-3-1b-it_tensorrt_llm_bls_config_84,30:GPU,2,Yes,2.2,889.4,2895.2
gemma-3-1b-it_tensorrt_llm_bls,1,16,gemma-3-1b-it_tensorrt_llm_bls_config_84,30:GPU,2,Yes,8.0,3936.2,10375.8
gemma-3-1b-it_tensorrt_llm_bls,1,1,gemma-3-1b-it_tensorrt_llm_bls_config_84,30:GPU,2,Yes,1.1,990.4,1456.7
gemma-3-1b-it_tensorrt_llm_bls,1,32,gemma-3-1b-it_tensorrt_llm_bls_config_84,30:GPU,2,Yes,8.0,7877.8,10376.7
gemma-3-1b-it_tensorrt_llm_bls,1,64,gemma-3-1b-it_tensorrt_llm_bls_config_84,30:GPU,2,No,8.0,10828.8,10394.0
gemma-3-1b-it_tensorrt_llm_bls,1,8,gemma-3-1b-it_tensorrt_llm_bls_config_96,35:GPU,1,Yes,8.0,1010.5,10249.9
gemma-3-1b-it_tensorrt_llm_bls,1,4,gemma-3-1b-it_tensorrt_llm_bls_config_96,35:GPU,1,Yes,4.3,920.6,5654.9
gemma-3-1b-it_tensorrt_llm_bls,1,16,gemma-3-1b-it_tensorrt_llm_bls_config_96,35:GPU,1,Yes,8.0,1990.8,10333.0
gemma-3-1b-it_tensorrt_llm_bls,1,2,gemma-3-1b-it_tensorrt_llm_bls_config_96,35:GPU,1,Yes,2.2,894.0,2883.2
gemma-3-1b-it_tensorrt_llm_bls,1,32,gemma-3-1b-it_tensorrt_llm_bls_config_96,35:GPU,1,Yes,8.0,3975.2,10341.4
gemma-3-1b-it_tensorrt_llm_bls,1,1,gemma-3-1b-it_tensorrt_llm_bls_config_96,35:GPU,1,Yes,1.1,1002.7,1451.4
gemma-3-1b-it_tensorrt_llm_bls,1,64,gemma-3-1b-it_tensorrt_llm_bls_config_96,35:GPU,1,Yes,8.0,8886.6,10359.9
gemma-3-1b-it_tensorrt_llm_bls,1,8,gemma-3-1b-it_tensorrt_llm_bls_config_74,27:GPU,1,Yes,8.0,1010.5,10280.0
gemma-3-1b-it_tensorrt_llm_bls,1,4,gemma-3-1b-it_tensorrt_llm_bls_config_74,27:GPU,1,Yes,4.3,917.4,5668.4
gemma-3-1b-it_tensorrt_llm_bls,1,16,gemma-3-1b-it_tensorrt_llm_bls_config_74,27:GPU,1,Yes,8.0,1985.8,10363.9
gemma-3-1b-it_tensorrt_llm_bls,1,2,gemma-3-1b-it_tensorrt_llm_bls_config_74,27:GPU,1,Yes,2.2,891.0,2887.7
gemma-3-1b-it_tensorrt_llm_bls,1,32,gemma-3-1b-it_tensorrt_llm_bls_config_74,27:GPU,1,Yes,8.0,4930.7,10363.0
gemma-3-1b-it_tensorrt_llm_bls,1,1,gemma-3-1b-it_tensorrt_llm_bls_config_74,27:GPU,1,Yes,1.1,988.0,1454.9
gemma-3-1b-it_tensorrt_llm_bls,1,64,gemma-3-1b-it_tensorrt_llm_bls_config_74,27:GPU,1,Yes,8.0,8871.3,10367.8
gemma-3-1b-it_tensorrt_llm_bls,1,8,gemma-3-1b-it_tensorrt_llm_bls_config_83,30:GPU,1,Yes,8.0,1010.5,10269.0
gemma-3-1b-it_tensorrt_llm_bls,1,4,gemma-3-1b-it_tensorrt_llm_bls_config_83,30:GPU,1,Yes,4.4,917.7,5676.9
gemma-3-1b-it_tensorrt_llm_bls,1,16,gemma-3-1b-it_tensorrt_llm_bls_config_83,30:GPU,1,Yes,8.0,1985.8,10353.1
gemma-3-1b-it_tensorrt_llm_bls,1,2,gemma-3-1b-it_tensorrt_llm_bls_config_83,30:GPU,1,Yes,2.2,891.0,2893.9
gemma-3-1b-it_tensorrt_llm_bls,1,32,gemma-3-1b-it_tensorrt_llm_bls_config_83,30:GPU,1,Yes,8.0,4921.5,10362.9
gemma-3-1b-it_tensorrt_llm_bls,1,1,gemma-3-1b-it_tensorrt_llm_bls_config_83,30:GPU,1,Yes,1.1,994.5,1456.1
gemma-3-1b-it_tensorrt_llm_bls,1,64,gemma-3-1b-it_tensorrt_llm_bls_config_83,30:GPU,1,Yes,8.0,8874.8,10359.0
gemma-3-1b-it_tensorrt_llm_bls,1,8,gemma-3-1b-it_tensorrt_llm_bls_config_141,52:GPU,1,Yes,8.0,1009.6,10257.3
gemma-3-1b-it_tensorrt_llm_bls,1,4,gemma-3-1b-it_tensorrt_llm_bls_config_141,52:GPU,1,Yes,4.3,919.3,5666.1
gemma-3-1b-it_tensorrt_llm_bls,1,16,gemma-3-1b-it_tensorrt_llm_bls_config_141,52:GPU,1,Yes,8.0,1987.9,10342.2
gemma-3-1b-it_tensorrt_llm_bls,1,2,gemma-3-1b-it_tensorrt_llm_bls_config_141,52:GPU,1,Yes,2.2,892.1,2885.6
gemma-3-1b-it_tensorrt_llm_bls,1,32,gemma-3-1b-it_tensorrt_llm_bls_config_141,52:GPU,1,Yes,8.0,3969.0,10351.6
gemma-3-1b-it_tensorrt_llm_bls,1,1,gemma-3-1b-it_tensorrt_llm_bls_config_141,52:GPU,1,Yes,1.1,985.5,1452.6
gemma-3-1b-it_tensorrt_llm_bls,1,64,gemma-3-1b-it_tensorrt_llm_bls_config_141,52:GPU,1,Yes,8.0,8878.9,10348.9
gemma-3-1b-it_tensorrt_llm_bls,1,8,gemma-3-1b-it_tensorrt_llm_bls_config_68,25:GPU,2,Yes,8.0,1010.3,10255.8
gemma-3-1b-it_tensorrt_llm_bls,1,4,gemma-3-1b-it_tensorrt_llm_bls_config_68,25:GPU,2,Yes,4.3,918.4,5626.6
gemma-3-1b-it_tensorrt_llm_bls,1,16,gemma-3-1b-it_tensorrt_llm_bls_config_68,25:GPU,2,Yes,8.0,2996.8,10313.5
gemma-3-1b-it_tensorrt_llm_bls,1,2,gemma-3-1b-it_tensorrt_llm_bls_config_68,25:GPU,2,Yes,2.2,891.9,2885.7
gemma-3-1b-it_tensorrt_llm_bls,1,1,gemma-3-1b-it_tensorrt_llm_bls_config_68,25:GPU,2,Yes,1.1,994.6,1453.3
gemma-3-1b-it_tensorrt_llm_bls,1,32,gemma-3-1b-it_tensorrt_llm_bls_config_68,25:GPU,2,Yes,8.0,7883.9,10364.6
gemma-3-1b-it_tensorrt_llm_bls,1,64,gemma-3-1b-it_tensorrt_llm_bls_config_68,25:GPU,2,Yes,8.0,9895.0,10349.6
gemma-3-1b-it_tensorrt_llm_bls,1,8,gemma-3-1b-it_tensorrt_llm_bls_config_99,36:GPU,1,Yes,8.0,1010.8,10259.7
gemma-3-1b-it_tensorrt_llm_bls,1,4,gemma-3-1b-it_tensorrt_llm_bls_config_99,36:GPU,1,Yes,4.3,916.6,5674.3
gemma-3-1b-it_tensorrt_llm_bls,1,16,gemma-3-1b-it_tensorrt_llm_bls_config_99,36:GPU,1,Yes,8.0,1988.2,10357.8
gemma-3-1b-it_tensorrt_llm_bls,1,2,gemma-3-1b-it_tensorrt_llm_bls_config_99,36:GPU,1,Yes,2.2,890.0,2892.3
gemma-3-1b-it_tensorrt_llm_bls,1,32,gemma-3-1b-it_tensorrt_llm_bls_config_99,36:GPU,1,Yes,8.0,3969.8,10361.7
gemma-3-1b-it_tensorrt_llm_bls,1,1,gemma-3-1b-it_tensorrt_llm_bls_config_99,36:GPU,1,Yes,1.1,991.5,1458.0
gemma-3-1b-it_tensorrt_llm_bls,1,64,gemma-3-1b-it_tensorrt_llm_bls_config_99,36:GPU,1,Yes,8.0,8877.1,10364.6
gemma-3-1b-it_tensorrt_llm_bls,1,8,gemma-3-1b-it_tensorrt_llm_bls_config_45,16:GPU,4,Yes,7.9,1007.4,10217.6
gemma-3-1b-it_tensorrt_llm_bls,1,4,gemma-3-1b-it_tensorrt_llm_bls_config_45,16:GPU,4,Yes,4.3,920.6,5626.2
gemma-3-1b-it_tensorrt_llm_bls,1,16,gemma-3-1b-it_tensorrt_llm_bls_config_45,16:GPU,4,Yes,8.0,1984.5,10360.3
gemma-3-1b-it_tensorrt_llm_bls,1,2,gemma-3-1b-it_tensorrt_llm_bls_config_45,16:GPU,4,Yes,2.2,892.8,2884.9
gemma-3-1b-it_tensorrt_llm_bls,1,1,gemma-3-1b-it_tensorrt_llm_bls_config_45,16:GPU,4,Yes,1.1,991.6,1452.8
gemma-3-1b-it_tensorrt_llm_bls,1,32,gemma-3-1b-it_tensorrt_llm_bls_config_45,16:GPU,4,Yes,8.0,8882.0,10362.5
gemma-3-1b-it_tensorrt_llm_bls,1,64,gemma-3-1b-it_tensorrt_llm_bls_config_45,16:GPU,4,No,8.0,11849.6,10373.8
gemma-3-1b-it_tensorrt_llm_bls,1,8,gemma-3-1b-it_tensorrt_llm_bls_config_37,14:GPU,1,Yes,8.0,1011.1,10242.0
gemma-3-1b-it_tensorrt_llm_bls,1,4,gemma-3-1b-it_tensorrt_llm_bls_config_37,14:GPU,1,Yes,4.3,917.2,5666.2
gemma-3-1b-it_tensorrt_llm_bls,1,16,gemma-3-1b-it_tensorrt_llm_bls_config_37,14:GPU,1,Yes,8.0,1992.2,10350.6
gemma-3-1b-it_tensorrt_llm_bls,1,2,gemma-3-1b-it_tensorrt_llm_bls_config_37,14:GPU,1,Yes,2.2,893.2,2884.5
gemma-3-1b-it_tensorrt_llm_bls,1,32,gemma-3-1b-it_tensorrt_llm_bls_config_37,14:GPU,1,Yes,8.0,4922.3,10351.8
gemma-3-1b-it_tensorrt_llm_bls,1,1,gemma-3-1b-it_tensorrt_llm_bls_config_37,14:GPU,1,Yes,1.1,991.1,1453.3
gemma-3-1b-it_tensorrt_llm_bls,1,64,gemma-3-1b-it_tensorrt_llm_bls_config_37,14:GPU,1,Yes,8.0,7922.9,10343.5
gemma-3-1b-it_tensorrt_llm_bls,1,8,gemma-3-1b-it_tensorrt_llm_bls_config_63,23:GPU,1,Yes,8.0,1010.8,10267.0
gemma-3-1b-it_tensorrt_llm_bls,1,4,gemma-3-1b-it_tensorrt_llm_bls_config_63,23:GPU,1,Yes,4.3,920.5,5658.4
gemma-3-1b-it_tensorrt_llm_bls,1,16,gemma-3-1b-it_tensorrt_llm_bls_config_63,23:GPU,1,Yes,8.0,1987.5,10355.0
gemma-3-1b-it_tensorrt_llm_bls,1,2,gemma-3-1b-it_tensorrt_llm_bls_config_63,23:GPU,1,Yes,2.2,891.7,2886.6
gemma-3-1b-it_tensorrt_llm_bls,1,32,gemma-3-1b-it_tensorrt_llm_bls_config_63,23:GPU,1,Yes,8.0,3958.6,10369.1
gemma-3-1b-it_tensorrt_llm_bls,1,1,gemma-3-1b-it_tensorrt_llm_bls_config_63,23:GPU,1,Yes,1.1,990.3,1454.7
gemma-3-1b-it_tensorrt_llm_bls,1,64,gemma-3-1b-it_tensorrt_llm_bls_config_63,23:GPU,1,Yes,8.0,7910.6,10366.7
gemma-3-1b-it_tensorrt_llm_bls,1,8,gemma-3-1b-it_tensorrt_llm_bls_config_129,47:GPU,8,Yes,8.0,1010.0,10250.5
gemma-3-1b-it_tensorrt_llm_bls,1,4,gemma-3-1b-it_tensorrt_llm_bls_config_129,47:GPU,8,Yes,4.3,918.4,5620.5
gemma-3-1b-it_tensorrt_llm_bls,1,2,gemma-3-1b-it_tensorrt_llm_bls_config_129,47:GPU,8,Yes,2.2,893.1,2882.7
gemma-3-1b-it_tensorrt_llm_bls,1,16,gemma-3-1b-it_tensorrt_llm_bls_config_129,47:GPU,8,Yes,8.0,4950.2,10329.9
gemma-3-1b-it_tensorrt_llm_bls,1,1,gemma-3-1b-it_tensorrt_llm_bls_config_129,47:GPU,8,Yes,1.1,994.7,1453.0
gemma-3-1b-it_tensorrt_llm_bls,1,32,gemma-3-1b-it_tensorrt_llm_bls_config_129,47:GPU,8,No,8.0,12872.6,10345.6
gemma-3-1b-it_tensorrt_llm_bls,1,64,gemma-3-1b-it_tensorrt_llm_bls_config_129,47:GPU,8,No,8.0,27703.0,10349.9
gemma-3-1b-it_tensorrt_llm_bls,1,8,gemma-3-1b-it_tensorrt_llm_bls_config_101,37:GPU,1,Yes,8.0,1011.1,10247.3
gemma-3-1b-it_tensorrt_llm_bls,1,4,gemma-3-1b-it_tensorrt_llm_bls_config_101,37:GPU,1,Yes,4.3,919.2,5654.6
gemma-3-1b-it_tensorrt_llm_bls,1,16,gemma-3-1b-it_tensorrt_llm_bls_config_101,37:GPU,1,Yes,8.0,1990.6,10341.8
gemma-3-1b-it_tensorrt_llm_bls,1,2,gemma-3-1b-it_tensorrt_llm_bls_config_101,37:GPU,1,Yes,2.2,893.1,2884.0
gemma-3-1b-it_tensorrt_llm_bls,1,32,gemma-3-1b-it_tensorrt_llm_bls_config_101,37:GPU,1,Yes,8.0,3972.1,10344.3
gemma-3-1b-it_tensorrt_llm_bls,1,1,gemma-3-1b-it_tensorrt_llm_bls_config_101,37:GPU,1,Yes,1.1,995.6,1452.1
gemma-3-1b-it_tensorrt_llm_bls,1,64,gemma-3-1b-it_tensorrt_llm_bls_config_101,37:GPU,1,Yes,8.0,8887.0,10362.0
gemma-3-1b-it_tensorrt_llm_bls,1,8,gemma-3-1b-it_tensorrt_llm_bls_config_148,54:GPU,1,Yes,8.0,1011.4,10238.7
gemma-3-1b-it_tensorrt_llm_bls,1,4,gemma-3-1b-it_tensorrt_llm_bls_config_148,54:GPU,1,Yes,4.3,918.9,5664.8
gemma-3-1b-it_tensorrt_llm_bls,1,16,gemma-3-1b-it_tensorrt_llm_bls_config_148,54:GPU,1,Yes,8.0,1991.2,10339.3
gemma-3-1b-it_tensorrt_llm_bls,1,2,gemma-3-1b-it_tensorrt_llm_bls_config_148,54:GPU,1,Yes,2.2,893.3,2882.8
gemma-3-1b-it_tensorrt_llm_bls,1,32,gemma-3-1b-it_tensorrt_llm_bls_config_148,54:GPU,1,Yes,8.0,3964.5,10366.2
gemma-3-1b-it_tensorrt_llm_bls,1,1,gemma-3-1b-it_tensorrt_llm_bls_config_148,54:GPU,1,Yes,1.1,985.7,1451.9
gemma-3-1b-it_tensorrt_llm_bls,1,64,gemma-3-1b-it_tensorrt_llm_bls_config_148,54:GPU,1,Yes,8.0,8878.0,10362.6
gemma-3-1b-it_tensorrt_llm_bls,1,8,gemma-3-1b-it_tensorrt_llm_bls_config_144,53:GPU,1,Yes,8.0,1011.5,10254.6
gemma-3-1b-it_tensorrt_llm_bls,1,4,gemma-3-1b-it_tensorrt_llm_bls_config_144,53:GPU,1,Yes,4.3,921.2,5654.6
gemma-3-1b-it_tensorrt_llm_bls,1,16,gemma-3-1b-it_tensorrt_llm_bls_config_144,53:GPU,1,Yes,8.0,1987.6,10341.8
gemma-3-1b-it_tensorrt_llm_bls,1,2,gemma-3-1b-it_tensorrt_llm_bls_config_144,53:GPU,1,Yes,2.2,892.6,2884.4
gemma-3-1b-it_tensorrt_llm_bls,1,32,gemma-3-1b-it_tensorrt_llm_bls_config_144,53:GPU,1,Yes,8.0,3963.8,10359.7
gemma-3-1b-it_tensorrt_llm_bls,1,1,gemma-3-1b-it_tensorrt_llm_bls_config_144,53:GPU,1,Yes,1.1,987.1,1452.7
gemma-3-1b-it_tensorrt_llm_bls,1,64,gemma-3-1b-it_tensorrt_llm_bls_config_144,53:GPU,1,Yes,8.0,8886.6,10356.4
gemma-3-1b-it_tensorrt_llm_bls,1,8,gemma-3-1b-it_tensorrt_llm_bls_config_137,50:GPU,4,Yes,7.9,1007.8,10224.1
gemma-3-1b-it_tensorrt_llm_bls,1,4,gemma-3-1b-it_tensorrt_llm_bls_config_137,50:GPU,4,Yes,4.3,918.5,5660.1
gemma-3-1b-it_tensorrt_llm_bls,1,16,gemma-3-1b-it_tensorrt_llm_bls_config_137,50:GPU,4,Yes,8.0,1997.5,10336.2
gemma-3-1b-it_tensorrt_llm_bls,1,2,gemma-3-1b-it_tensorrt_llm_bls_config_137,50:GPU,4,Yes,2.2,893.2,2884.2
gemma-3-1b-it_tensorrt_llm_bls,1,1,gemma-3-1b-it_tensorrt_llm_bls_config_137,50:GPU,4,Yes,1.1,994.4,1452.3
gemma-3-1b-it_tensorrt_llm_bls,1,32,gemma-3-1b-it_tensorrt_llm_bls_config_137,50:GPU,4,Yes,8.0,9879.5,10352.7
gemma-3-1b-it_tensorrt_llm_bls,1,64,gemma-3-1b-it_tensorrt_llm_bls_config_137,50:GPU,4,No,8.0,20766.4,10354.7
gemma-3-1b-it_tensorrt_llm_bls,1,8,gemma-3-1b-it_tensorrt_llm_bls_config_113,42:GPU,1,Yes,8.0,1011.4,10247.1
gemma-3-1b-it_tensorrt_llm_bls,1,4,gemma-3-1b-it_tensorrt_llm_bls_config_113,42:GPU,1,Yes,4.3,919.0,5663.2
gemma-3-1b-it_tensorrt_llm_bls,1,16,gemma-3-1b-it_tensorrt_llm_bls_config_113,42:GPU,1,Yes,8.0,1990.7,10340.3
gemma-3-1b-it_tensorrt_llm_bls,1,2,gemma-3-1b-it_tensorrt_llm_bls_config_113,42:GPU,1,Yes,2.2,893.4,2883.2
gemma-3-1b-it_tensorrt_llm_bls,1,32,gemma-3-1b-it_tensorrt_llm_bls_config_113,42:GPU,1,Yes,8.0,3961.0,10359.8
gemma-3-1b-it_tensorrt_llm_bls,1,1,gemma-3-1b-it_tensorrt_llm_bls_config_113,42:GPU,1,Yes,1.1,992.5,1452.5
gemma-3-1b-it_tensorrt_llm_bls,1,64,gemma-3-1b-it_tensorrt_llm_bls_config_113,42:GPU,1,Yes,8.0,8882.6,10362.5
gemma-3-1b-it_tensorrt_llm_bls,1,8,gemma-3-1b-it_tensorrt_llm_bls_config_108,40:GPU,1,Yes,8.0,1011.9,10233.9
gemma-3-1b-it_tensorrt_llm_bls,1,4,gemma-3-1b-it_tensorrt_llm_bls_config_108,40:GPU,1,Yes,4.3,919.4,5662.6
gemma-3-1b-it_tensorrt_llm_bls,1,16,gemma-3-1b-it_tensorrt_llm_bls_config_108,40:GPU,1,Yes,8.0,1988.4,10339.5
gemma-3-1b-it_tensorrt_llm_bls,1,2,gemma-3-1b-it_tensorrt_llm_bls_config_108,40:GPU,1,Yes,2.2,892.7,2885.5
gemma-3-1b-it_tensorrt_llm_bls,1,32,gemma-3-1b-it_tensorrt_llm_bls_config_108,40:GPU,1,Yes,8.0,3964.8,10358.2
gemma-3-1b-it_tensorrt_llm_bls,1,1,gemma-3-1b-it_tensorrt_llm_bls_config_108,40:GPU,1,Yes,1.1,993.9,1451.5
gemma-3-1b-it_tensorrt_llm_bls,1,64,gemma-3-1b-it_tensorrt_llm_bls_config_108,40:GPU,1,Yes,8.0,7922.0,10348.2
gemma-3-1b-it_tensorrt_llm_bls,1,8,gemma-3-1b-it_tensorrt_llm_bls_config_121,45:GPU,2,Yes,7.9,1008.4,10206.2
gemma-3-1b-it_tensorrt_llm_bls,1,4,gemma-3-1b-it_tensorrt_llm_bls_config_121,45:GPU,2,Yes,4.3,920.4,5619.6
gemma-3-1b-it_tensorrt_llm_bls,1,2,gemma-3-1b-it_tensorrt_llm_bls_config_121,45:GPU,2,Yes,2.2,893.3,2883.4
gemma-3-1b-it_tensorrt_llm_bls,1,16,gemma-3-1b-it_tensorrt_llm_bls_config_121,45:GPU,2,Yes,8.0,3949.0,10343.6
gemma-3-1b-it_tensorrt_llm_bls,1,32,gemma-3-1b-it_tensorrt_llm_bls_config_121,45:GPU,2,Yes,8.0,6920.2,10363.9
gemma-3-1b-it_tensorrt_llm_bls,1,1,gemma-3-1b-it_tensorrt_llm_bls_config_121,45:GPU,2,Yes,1.1,995.4,1454.6
gemma-3-1b-it_tensorrt_llm_bls,1,64,gemma-3-1b-it_tensorrt_llm_bls_config_121,45:GPU,2,No,8.0,12840.2,10358.4
gemma-3-1b-it_tensorrt_llm_bls,1,8,gemma-3-1b-it_tensorrt_llm_bls_config_145,53:GPU,2,Yes,8.0,1011.3,10249.9
gemma-3-1b-it_tensorrt_llm_bls,1,4,gemma-3-1b-it_tensorrt_llm_bls_config_145,53:GPU,2,Yes,4.3,918.6,5659.5
gemma-3-1b-it_tensorrt_llm_bls,1,16,gemma-3-1b-it_tensorrt_llm_bls_config_145,53:GPU,2,Yes,8.0,2991.7,10327.7
gemma-3-1b-it_tensorrt_llm_bls,1,2,gemma-3-1b-it_tensorrt_llm_bls_config_145,53:GPU,2,Yes,2.2,892.6,2881.7
gemma-3-1b-it_tensorrt_llm_bls,1,1,gemma-3-1b-it_tensorrt_llm_bls_config_145,53:GPU,2,Yes,1.1,985.6,1451.3
gemma-3-1b-it_tensorrt_llm_bls,1,32,gemma-3-1b-it_tensorrt_llm_bls_config_145,53:GPU,2,Yes,8.0,7900.7,10342.9
gemma-3-1b-it_tensorrt_llm_bls,1,64,gemma-3-1b-it_tensorrt_llm_bls_config_145,53:GPU,2,No,8.0,13851.5,10342.1
gemma-3-1b-it_tensorrt_llm_bls,1,8,gemma-3-1b-it_tensorrt_llm_bls_config_131,48:GPU,2,Yes,7.9,1008.4,10239.2
gemma-3-1b-it_tensorrt_llm_bls,1,4,gemma-3-1b-it_tensorrt_llm_bls_config_131,48:GPU,2,Yes,4.3,918.7,5672.0
gemma-3-1b-it_tensorrt_llm_bls,1,2,gemma-3-1b-it_tensorrt_llm_bls_config_131,48:GPU,2,Yes,2.2,890.6,2891.8
gemma-3-1b-it_tensorrt_llm_bls,1,16,gemma-3-1b-it_tensorrt_llm_bls_config_131,48:GPU,2,Yes,8.0,3939.2,10359.9
gemma-3-1b-it_tensorrt_llm_bls,1,32,gemma-3-1b-it_tensorrt_llm_bls_config_131,48:GPU,2,Yes,8.0,3962.0,10370.2
gemma-3-1b-it_tensorrt_llm_bls,1,1,gemma-3-1b-it_tensorrt_llm_bls_config_131,48:GPU,2,Yes,1.1,988.6,1456.6
gemma-3-1b-it_tensorrt_llm_bls,1,64,gemma-3-1b-it_tensorrt_llm_bls_config_131,48:GPU,2,No,8.0,12821.7,10371.6
gemma-3-1b-it_tensorrt_llm_bls,1,8,gemma-3-1b-it_tensorrt_llm_bls_config_32,12:GPU,1,Yes,8.0,1012.0,10245.1
gemma-3-1b-it_tensorrt_llm_bls,1,4,gemma-3-1b-it_tensorrt_llm_bls_config_32,12:GPU,1,Yes,4.3,920.3,5663.5
gemma-3-1b-it_tensorrt_llm_bls,1,16,gemma-3-1b-it_tensorrt_llm_bls_config_32,12:GPU,1,Yes,8.0,2952.2,10339.0
gemma-3-1b-it_tensorrt_llm_bls,1,2,gemma-3-1b-it_tensorrt_llm_bls_config_32,12:GPU,1,Yes,2.2,894.7,2881.4
gemma-3-1b-it_tensorrt_llm_bls,1,32,gemma-3-1b-it_tensorrt_llm_bls_config_32,12:GPU,1,Yes,8.0,4930.1,10337.8
gemma-3-1b-it_tensorrt_llm_bls,1,1,gemma-3-1b-it_tensorrt_llm_bls_config_32,12:GPU,1,Yes,1.1,990.6,1454.5
gemma-3-1b-it_tensorrt_llm_bls,1,64,gemma-3-1b-it_tensorrt_llm_bls_config_32,12:GPU,1,Yes,8.0,8898.6,10329.8
gemma-3-1b-it_tensorrt_llm_bls,1,8,gemma-3-1b-it_tensorrt_llm_bls_config_115,43:GPU,1,Yes,8.0,1012.3,10259.9
gemma-3-1b-it_tensorrt_llm_bls,1,4,gemma-3-1b-it_tensorrt_llm_bls_config_115,43:GPU,1,Yes,4.3,919.2,5662.5
gemma-3-1b-it_tensorrt_llm_bls,1,16,gemma-3-1b-it_tensorrt_llm_bls_config_115,43:GPU,1,Yes,8.0,1984.0,10356.3
gemma-3-1b-it_tensorrt_llm_bls,1,2,gemma-3-1b-it_tensorrt_llm_bls_config_115,43:GPU,1,Yes,2.2,892.7,2883.7
gemma-3-1b-it_tensorrt_llm_bls,1,32,gemma-3-1b-it_tensorrt_llm_bls_config_115,43:GPU,1,Yes,8.0,3966.1,10355.6
gemma-3-1b-it_tensorrt_llm_bls,1,1,gemma-3-1b-it_tensorrt_llm_bls_config_115,43:GPU,1,Yes,1.1,993.7,1452.5
gemma-3-1b-it_tensorrt_llm_bls,1,64,gemma-3-1b-it_tensorrt_llm_bls_config_115,43:GPU,1,Yes,8.0,8875.1,10371.0
gemma-3-1b-it_tensorrt_llm_bls,1,8,gemma-3-1b-it_tensorrt_llm_bls_config_81,29:GPU,1,Yes,8.0,1012.1,10270.0
gemma-3-1b-it_tensorrt_llm_bls,1,4,gemma-3-1b-it_tensorrt_llm_bls_config_81,29:GPU,1,Yes,4.4,917.3,5675.7
gemma-3-1b-it_tensorrt_llm_bls,1,16,gemma-3-1b-it_tensorrt_llm_bls_config_81,29:GPU,1,Yes,8.0,1984.1,10355.8
gemma-3-1b-it_tensorrt_llm_bls,1,2,gemma-3-1b-it_tensorrt_llm_bls_config_81,29:GPU,1,Yes,2.2,891.5,2890.6
gemma-3-1b-it_tensorrt_llm_bls,1,32,gemma-3-1b-it_tensorrt_llm_bls_config_81,29:GPU,1,Yes,8.0,4922.1,10362.8
gemma-3-1b-it_tensorrt_llm_bls,1,1,gemma-3-1b-it_tensorrt_llm_bls_config_81,29:GPU,1,Yes,1.1,993.8,1453.9
gemma-3-1b-it_tensorrt_llm_bls,1,64,gemma-3-1b-it_tensorrt_llm_bls_config_81,29:GPU,1,Yes,8.0,8882.9,10369.5
gemma-3-1b-it_tensorrt_llm_bls,1,8,gemma-3-1b-it_tensorrt_llm_bls_config_133,49:GPU,1,Yes,8.0,1012.4,10237.7
gemma-3-1b-it_tensorrt_llm_bls,1,4,gemma-3-1b-it_tensorrt_llm_bls_config_133,49:GPU,1,Yes,4.3,920.5,5656.5
gemma-3-1b-it_tensorrt_llm_bls,1,16,gemma-3-1b-it_tensorrt_llm_bls_config_133,49:GPU,1,Yes,8.0,1989.2,10338.2
gemma-3-1b-it_tensorrt_llm_bls,1,2,gemma-3-1b-it_tensorrt_llm_bls_config_133,49:GPU,1,Yes,2.2,893.1,2881.4
gemma-3-1b-it_tensorrt_llm_bls,1,32,gemma-3-1b-it_tensorrt_llm_bls_config_133,49:GPU,1,Yes,8.0,3963.8,10356.4
gemma-3-1b-it_tensorrt_llm_bls,1,1,gemma-3-1b-it_tensorrt_llm_bls_config_133,49:GPU,1,Yes,1.1,992.5,1452.1
gemma-3-1b-it_tensorrt_llm_bls,1,64,gemma-3-1b-it_tensorrt_llm_bls_config_133,49:GPU,1,Yes,8.0,8878.5,10358.0
gemma-3-1b-it_tensorrt_llm_bls,1,8,gemma-3-1b-it_tensorrt_llm_bls_config_111,41:GPU,1,Yes,8.0,1012.4,10260.7
gemma-3-1b-it_tensorrt_llm_bls,1,4,gemma-3-1b-it_tensorrt_llm_bls_config_111,41:GPU,1,Yes,4.3,917.5,5666.9
gemma-3-1b-it_tensorrt_llm_bls,1,16,gemma-3-1b-it_tensorrt_llm_bls_config_111,41:GPU,1,Yes,8.0,1986.8,10332.4
gemma-3-1b-it_tensorrt_llm_bls,1,2,gemma-3-1b-it_tensorrt_llm_bls_config_111,41:GPU,1,Yes,2.2,893.3,2883.7
gemma-3-1b-it_tensorrt_llm_bls,1,32,gemma-3-1b-it_tensorrt_llm_bls_config_111,41:GPU,1,Yes,8.0,3973.5,10345.1
gemma-3-1b-it_tensorrt_llm_bls,1,1,gemma-3-1b-it_tensorrt_llm_bls_config_111,41:GPU,1,Yes,1.1,1001.3,1452.8
gemma-3-1b-it_tensorrt_llm_bls,1,64,gemma-3-1b-it_tensorrt_llm_bls_config_111,41:GPU,1,Yes,8.0,8876.0,10363.7
gemma-3-1b-it_tensorrt_llm_bls,1,8,gemma-3-1b-it_tensorrt_llm_bls_config_58,21:GPU,2,Yes,7.9,1009.1,10235.7
gemma-3-1b-it_tensorrt_llm_bls,1,4,gemma-3-1b-it_tensorrt_llm_bls_config_58,21:GPU,2,Yes,4.3,919.0,5664.2
gemma-3-1b-it_tensorrt_llm_bls,1,16,gemma-3-1b-it_tensorrt_llm_bls_config_58,21:GPU,2,Yes,8.0,1988.6,10357.3
gemma-3-1b-it_tensorrt_llm_bls,1,2,gemma-3-1b-it_tensorrt_llm_bls_config_58,21:GPU,2,Yes,2.2,892.2,2885.7
gemma-3-1b-it_tensorrt_llm_bls,1,32,gemma-3-1b-it_tensorrt_llm_bls_config_58,21:GPU,2,Yes,8.0,5943.1,10361.1
gemma-3-1b-it_tensorrt_llm_bls,1,1,gemma-3-1b-it_tensorrt_llm_bls_config_58,21:GPU,2,Yes,1.1,993.8,1453.9
gemma-3-1b-it_tensorrt_llm_bls,1,64,gemma-3-1b-it_tensorrt_llm_bls_config_58,21:GPU,2,Yes,8.0,9867.8,10372.7
gemma-3-1b-it_tensorrt_llm_bls,1,8,gemma-3-1b-it_tensorrt_llm_bls_config_117,44:GPU,1,Yes,8.0,1012.5,10246.3
gemma-3-1b-it_tensorrt_llm_bls,1,4,gemma-3-1b-it_tensorrt_llm_bls_config_117,44:GPU,1,Yes,4.3,921.3,5652.1
gemma-3-1b-it_tensorrt_llm_bls,1,16,gemma-3-1b-it_tensorrt_llm_bls_config_117,44:GPU,1,Yes,8.0,1994.4,10327.4
gemma-3-1b-it_tensorrt_llm_bls,1,2,gemma-3-1b-it_tensorrt_llm_bls_config_117,44:GPU,1,Yes,2.2,895.8,2876.6
gemma-3-1b-it_tensorrt_llm_bls,1,32,gemma-3-1b-it_tensorrt_llm_bls_config_117,44:GPU,1,Yes,8.0,3975.0,10327.9
gemma-3-1b-it_tensorrt_llm_bls,1,1,gemma-3-1b-it_tensorrt_llm_bls_config_117,44:GPU,1,Yes,1.1,994.1,1449.1
gemma-3-1b-it_tensorrt_llm_bls,1,64,gemma-3-1b-it_tensorrt_llm_bls_config_117,44:GPU,1,Yes,8.0,7936.9,10329.1
gemma-3-1b-it_tensorrt_llm_bls,1,8,gemma-3-1b-it_tensorrt_llm_bls_config_102,37:GPU,2,Yes,7.9,1009.2,10243.9
gemma-3-1b-it_tensorrt_llm_bls,1,4,gemma-3-1b-it_tensorrt_llm_bls_config_102,37:GPU,2,Yes,4.4,916.8,5675.7
gemma-3-1b-it_tensorrt_llm_bls,1,16,gemma-3-1b-it_tensorrt_llm_bls_config_102,37:GPU,2,Yes,8.0,1986.8,10352.0
gemma-3-1b-it_tensorrt_llm_bls,1,2,gemma-3-1b-it_tensorrt_llm_bls_config_102,37:GPU,2,Yes,2.2,888.7,2893.4
gemma-3-1b-it_tensorrt_llm_bls,1,32,gemma-3-1b-it_tensorrt_llm_bls_config_102,37:GPU,2,Yes,8.0,5936.6,10366.5
gemma-3-1b-it_tensorrt_llm_bls,1,1,gemma-3-1b-it_tensorrt_llm_bls_config_102,37:GPU,2,Yes,1.1,993.3,1455.0
gemma-3-1b-it_tensorrt_llm_bls,1,64,gemma-3-1b-it_tensorrt_llm_bls_config_102,37:GPU,2,No,8.0,11827.0,10383.1
gemma-3-1b-it_tensorrt_llm_bls,1,8,gemma-3-1b-it_tensorrt_llm_bls_config_119,44:GPU,4,Yes,7.9,1009.4,10247.6
gemma-3-1b-it_tensorrt_llm_bls,1,16,gemma-3-1b-it_tensorrt_llm_bls_config_119,44:GPU,4,Yes,8.0,2987.8,10348.5
gemma-3-1b-it_tensorrt_llm_bls,1,2,gemma-3-1b-it_tensorrt_llm_bls_config_119,44:GPU,4,Yes,2.2,889.6,2891.9
gemma-3-1b-it_tensorrt_llm_bls,1,4,gemma-3-1b-it_tensorrt_llm_bls_config_119,44:GPU,4,Yes,4.3,1755.8,5467.9
gemma-3-1b-it_tensorrt_llm_bls,1,1,gemma-3-1b-it_tensorrt_llm_bls_config_119,44:GPU,4,Yes,1.1,989.9,1457.5
gemma-3-1b-it_tensorrt_llm_bls,1,32,gemma-3-1b-it_tensorrt_llm_bls_config_119,44:GPU,4,Yes,8.0,8896.2,10370.5
gemma-3-1b-it_tensorrt_llm_bls,1,64,gemma-3-1b-it_tensorrt_llm_bls_config_119,44:GPU,4,No,8.0,20705.8,10373.7
gemma-3-1b-it_tensorrt_llm_bls,1,8,gemma-3-1b-it_tensorrt_llm_bls_config_146,53:GPU,4,Yes,7.9,1009.6,10219.0
gemma-3-1b-it_tensorrt_llm_bls,1,4,gemma-3-1b-it_tensorrt_llm_bls_config_146,53:GPU,4,Yes,4.3,916.4,5533.3
gemma-3-1b-it_tensorrt_llm_bls,1,16,gemma-3-1b-it_tensorrt_llm_bls_config_146,53:GPU,4,Yes,8.0,1992.0,10358.0
gemma-3-1b-it_tensorrt_llm_bls,1,2,gemma-3-1b-it_tensorrt_llm_bls_config_146,53:GPU,4,Yes,2.2,890.4,2890.3
gemma-3-1b-it_tensorrt_llm_bls,1,1,gemma-3-1b-it_tensorrt_llm_bls_config_146,53:GPU,4,Yes,1.1,985.6,1456.3
gemma-3-1b-it_tensorrt_llm_bls,1,32,gemma-3-1b-it_tensorrt_llm_bls_config_146,53:GPU,4,Yes,8.0,7899.1,10360.1
gemma-3-1b-it_tensorrt_llm_bls,1,64,gemma-3-1b-it_tensorrt_llm_bls_config_146,53:GPU,4,No,8.0,20728.8,10372.9
gemma-3-1b-it_tensorrt_llm_bls,1,8,gemma-3-1b-it_tensorrt_llm_bls_config_33,12:GPU,2,Yes,7.9,1009.9,10232.4
gemma-3-1b-it_tensorrt_llm_bls,1,4,gemma-3-1b-it_tensorrt_llm_bls_config_33,12:GPU,2,Yes,4.4,916.9,5611.0
gemma-3-1b-it_tensorrt_llm_bls,1,16,gemma-3-1b-it_tensorrt_llm_bls_config_33,12:GPU,2,Yes,8.0,2982.7,10346.7
gemma-3-1b-it_tensorrt_llm_bls,1,2,gemma-3-1b-it_tensorrt_llm_bls_config_33,12:GPU,2,Yes,2.2,891.1,2891.5
gemma-3-1b-it_tensorrt_llm_bls,1,32,gemma-3-1b-it_tensorrt_llm_bls_config_33,12:GPU,2,Yes,8.0,5918.4,10341.0
gemma-3-1b-it_tensorrt_llm_bls,1,1,gemma-3-1b-it_tensorrt_llm_bls_config_33,12:GPU,2,Yes,1.1,992.3,1455.7
gemma-3-1b-it_tensorrt_llm_bls,1,64,gemma-3-1b-it_tensorrt_llm_bls_config_33,12:GPU,2,Yes,8.0,9871.2,10346.1
gemma-3-1b-it_tensorrt_llm_bls,1,8,gemma-3-1b-it_tensorrt_llm_bls_config_26,9:GPU,2,Yes,7.9,1010.2,10227.9
gemma-3-1b-it_tensorrt_llm_bls,1,4,gemma-3-1b-it_tensorrt_llm_bls_config_26,9:GPU,2,Yes,4.3,918.4,5667.0
gemma-3-1b-it_tensorrt_llm_bls,1,16,gemma-3-1b-it_tensorrt_llm_bls_config_26,9:GPU,2,Yes,8.0,2979.4,10280.3
gemma-3-1b-it_tensorrt_llm_bls,1,2,gemma-3-1b-it_tensorrt_llm_bls_config_26,9:GPU,2,Yes,2.2,893.9,2885.5
gemma-3-1b-it_tensorrt_llm_bls,1,32,gemma-3-1b-it_tensorrt_llm_bls_config_26,9:GPU,2,Yes,8.0,4974.9,10283.9
gemma-3-1b-it_tensorrt_llm_bls,1,1,gemma-3-1b-it_tensorrt_llm_bls_config_26,9:GPU,2,Yes,1.1,995.4,1454.1
gemma-3-1b-it_tensorrt_llm_bls,1,64,gemma-3-1b-it_tensorrt_llm_bls_config_26,9:GPU,2,Yes,8.0,8948.6,10278.7
gemma-3-1b-it_tensorrt_llm_bls,1,8,gemma-3-1b-it_tensorrt_llm_bls_config_153,56:GPU,2,Yes,7.9,1010.1,10215.9
gemma-3-1b-it_tensorrt_llm_bls,1,4,gemma-3-1b-it_tensorrt_llm_bls_config_153,56:GPU,2,Yes,4.3,920.8,5657.1
gemma-3-1b-it_tensorrt_llm_bls,1,16,gemma-3-1b-it_tensorrt_llm_bls_config_153,56:GPU,2,Yes,8.0,1987.7,10340.6
gemma-3-1b-it_tensorrt_llm_bls,1,2,gemma-3-1b-it_tensorrt_llm_bls_config_153,56:GPU,2,Yes,2.2,893.4,2880.5
gemma-3-1b-it_tensorrt_llm_bls,1,32,gemma-3-1b-it_tensorrt_llm_bls_config_153,56:GPU,2,Yes,8.0,6939.0,10345.8
gemma-3-1b-it_tensorrt_llm_bls,1,1,gemma-3-1b-it_tensorrt_llm_bls_config_153,56:GPU,2,Yes,1.1,984.8,1452.8
gemma-3-1b-it_tensorrt_llm_bls,1,64,gemma-3-1b-it_tensorrt_llm_bls_config_153,56:GPU,2,No,8.0,14806.7,10363.6
gemma-3-1b-it_tensorrt_llm_bls,1,8,gemma-3-1b-it_tensorrt_llm_bls_config_128,47:GPU,4,Yes,7.9,1010.1,10219.1
gemma-3-1b-it_tensorrt_llm_bls,1,4,gemma-3-1b-it_tensorrt_llm_bls_config_128,47:GPU,4,Yes,4.3,918.8,5656.6
gemma-3-1b-it_tensorrt_llm_bls,1,16,gemma-3-1b-it_tensorrt_llm_bls_config_128,47:GPU,4,Yes,8.0,1995.0,10343.4
gemma-3-1b-it_tensorrt_llm_bls,1,2,gemma-3-1b-it_tensorrt_llm_bls_config_128,47:GPU,4,Yes,2.2,893.2,2883.0
gemma-3-1b-it_tensorrt_llm_bls,1,1,gemma-3-1b-it_tensorrt_llm_bls_config_128,47:GPU,4,Yes,1.1,991.5,1452.7
gemma-3-1b-it_tensorrt_llm_bls,1,32,gemma-3-1b-it_tensorrt_llm_bls_config_128,47:GPU,4,Yes,8.0,9892.5,10357.2
gemma-3-1b-it_tensorrt_llm_bls,1,64,gemma-3-1b-it_tensorrt_llm_bls_config_128,47:GPU,4,No,8.0,19778.7,10352.8
gemma-3-1b-it_tensorrt_llm_bls,1,8,gemma-3-1b-it_tensorrt_llm_bls_config_89,32:GPU,1,Yes,8.0,1014.1,10255.3
gemma-3-1b-it_tensorrt_llm_bls,1,4,gemma-3-1b-it_tensorrt_llm_bls_config_89,32:GPU,1,Yes,4.3,920.4,5658.1
gemma-3-1b-it_tensorrt_llm_bls,1,16,gemma-3-1b-it_tensorrt_llm_bls_config_89,32:GPU,1,Yes,8.0,1988.1,10327.9
gemma-3-1b-it_tensorrt_llm_bls,1,2,gemma-3-1b-it_tensorrt_llm_bls_config_89,32:GPU,1,Yes,2.2,892.5,2884.2
gemma-3-1b-it_tensorrt_llm_bls,1,32,gemma-3-1b-it_tensorrt_llm_bls_config_89,32:GPU,1,Yes,8.0,3972.8,10348.4
gemma-3-1b-it_tensorrt_llm_bls,1,1,gemma-3-1b-it_tensorrt_llm_bls_config_89,32:GPU,1,Yes,1.1,990.6,1453.0
gemma-3-1b-it_tensorrt_llm_bls,1,64,gemma-3-1b-it_tensorrt_llm_bls_config_89,32:GPU,1,Yes,8.0,7908.6,10361.2
gemma-3-1b-it_tensorrt_llm_bls,1,8,gemma-3-1b-it_tensorrt_llm_bls_config_36,13:GPU,2,Yes,7.9,1010.7,10241.9
gemma-3-1b-it_tensorrt_llm_bls,1,4,gemma-3-1b-it_tensorrt_llm_bls_config_36,13:GPU,2,Yes,4.3,919.0,5633.8
gemma-3-1b-it_tensorrt_llm_bls,1,2,gemma-3-1b-it_tensorrt_llm_bls_config_36,13:GPU,2,Yes,2.2,890.0,2891.2
gemma-3-1b-it_tensorrt_llm_bls,1,16,gemma-3-1b-it_tensorrt_llm_bls_config_36,13:GPU,2,Yes,8.0,3949.2,10347.4
gemma-3-1b-it_tensorrt_llm_bls,1,32,gemma-3-1b-it_tensorrt_llm_bls_config_36,13:GPU,2,Yes,8.0,5923.7,10353.7
gemma-3-1b-it_tensorrt_llm_bls,1,1,gemma-3-1b-it_tensorrt_llm_bls_config_36,13:GPU,2,Yes,1.1,990.1,1455.9
gemma-3-1b-it_tensorrt_llm_bls,1,64,gemma-3-1b-it_tensorrt_llm_bls_config_36,13:GPU,2,Yes,8.0,8908.8,10348.3
gemma-3-1b-it_tensorrt_llm_bls,1,8,gemma-3-1b-it_tensorrt_llm_bls_config_56,20:GPU,2,Yes,7.9,1007.2,10192.4
gemma-3-1b-it_tensorrt_llm_bls,1,4,gemma-3-1b-it_tensorrt_llm_bls_config_56,20:GPU,2,Yes,4.3,919.4,5658.7
gemma-3-1b-it_tensorrt_llm_bls,1,16,gemma-3-1b-it_tensorrt_llm_bls_config_56,20:GPU,2,Yes,8.0,1993.0,10338.8
gemma-3-1b-it_tensorrt_llm_bls,1,2,gemma-3-1b-it_tensorrt_llm_bls_config_56,20:GPU,2,Yes,2.2,892.6,2883.9
gemma-3-1b-it_tensorrt_llm_bls,1,32,gemma-3-1b-it_tensorrt_llm_bls_config_56,20:GPU,2,Yes,8.0,5944.3,10351.7
gemma-3-1b-it_tensorrt_llm_bls,1,1,gemma-3-1b-it_tensorrt_llm_bls_config_56,20:GPU,2,Yes,1.1,991.5,1454.6
gemma-3-1b-it_tensorrt_llm_bls,1,64,gemma-3-1b-it_tensorrt_llm_bls_config_56,20:GPU,2,Yes,8.0,9877.7,10367.5
gemma-3-1b-it_tensorrt_llm_bls,1,8,gemma-3-1b-it_tensorrt_llm_bls_config_124,46:GPU,2,Yes,7.9,1003.8,10178.9
gemma-3-1b-it_tensorrt_llm_bls,1,4,gemma-3-1b-it_tensorrt_llm_bls_config_124,46:GPU,2,Yes,4.3,918.5,5670.4
gemma-3-1b-it_tensorrt_llm_bls,1,16,gemma-3-1b-it_tensorrt_llm_bls_config_124,46:GPU,2,Yes,8.0,1992.7,10357.6
gemma-3-1b-it_tensorrt_llm_bls,1,2,gemma-3-1b-it_tensorrt_llm_bls_config_124,46:GPU,2,Yes,2.2,890.1,2893.4
gemma-3-1b-it_tensorrt_llm_bls,1,32,gemma-3-1b-it_tensorrt_llm_bls_config_124,46:GPU,2,Yes,8.0,5942.7,10360.2
gemma-3-1b-it_tensorrt_llm_bls,1,1,gemma-3-1b-it_tensorrt_llm_bls_config_124,46:GPU,2,Yes,1.1,992.8,1458.1
gemma-3-1b-it_tensorrt_llm_bls,1,64,gemma-3-1b-it_tensorrt_llm_bls_config_124,46:GPU,2,No,8.0,12821.3,10381.3
gemma-3-1b-it_tensorrt_llm_bls,1,8,gemma-3-1b-it_tensorrt_llm_bls_config_24,8:GPU,2,Yes,7.9,1010.7,10235.2
gemma-3-1b-it_tensorrt_llm_bls,1,4,gemma-3-1b-it_tensorrt_llm_bls_config_24,8:GPU,2,Yes,4.3,919.9,5625.4
gemma-3-1b-it_tensorrt_llm_bls,1,16,gemma-3-1b-it_tensorrt_llm_bls_config_24,8:GPU,2,Yes,8.0,2985.3,10291.0
gemma-3-1b-it_tensorrt_llm_bls,1,2,gemma-3-1b-it_tensorrt_llm_bls_config_24,8:GPU,2,Yes,2.2,894.6,2883.9
gemma-3-1b-it_tensorrt_llm_bls,1,32,gemma-3-1b-it_tensorrt_llm_bls_config_24,8:GPU,2,Yes,8.0,4980.3,10281.0
gemma-3-1b-it_tensorrt_llm_bls,1,1,gemma-3-1b-it_tensorrt_llm_bls_config_24,8:GPU,2,Yes,1.1,991.6,1454.6
gemma-3-1b-it_tensorrt_llm_bls,1,64,gemma-3-1b-it_tensorrt_llm_bls_config_24,8:GPU,2,Yes,8.0,8961.8,10289.6
gemma-3-1b-it_tensorrt_llm_bls,1,8,gemma-3-1b-it_tensorrt_llm_bls_config_95,34:GPU,2,Yes,7.9,1007.5,10207.2
gemma-3-1b-it_tensorrt_llm_bls,1,4,gemma-3-1b-it_tensorrt_llm_bls_config_95,34:GPU,2,Yes,4.3,917.9,5669.4
gemma-3-1b-it_tensorrt_llm_bls,1,2,gemma-3-1b-it_tensorrt_llm_bls_config_95,34:GPU,2,Yes,2.2,893.3,2886.0
gemma-3-1b-it_tensorrt_llm_bls,1,16,gemma-3-1b-it_tensorrt_llm_bls_config_95,34:GPU,2,Yes,8.0,3942.4,10356.6
gemma-3-1b-it_tensorrt_llm_bls,1,32,gemma-3-1b-it_tensorrt_llm_bls_config_95,34:GPU,2,Yes,8.0,6912.9,10371.4
gemma-3-1b-it_tensorrt_llm_bls,1,1,gemma-3-1b-it_tensorrt_llm_bls_config_95,34:GPU,2,Yes,1.1,990.2,1453.3
gemma-3-1b-it_tensorrt_llm_bls,1,64,gemma-3-1b-it_tensorrt_llm_bls_config_95,34:GPU,2,No,8.0,11832.7,10371.1
gemma-3-1b-it_tensorrt_llm_bls,1,8,gemma-3-1b-it_tensorrt_llm_bls_config_132,48:GPU,4,Yes,7.9,1007.5,10204.7
gemma-3-1b-it_tensorrt_llm_bls,1,4,gemma-3-1b-it_tensorrt_llm_bls_config_132,48:GPU,4,Yes,4.3,917.6,5673.7
gemma-3-1b-it_tensorrt_llm_bls,1,16,gemma-3-1b-it_tensorrt_llm_bls_config_132,48:GPU,4,Yes,8.0,2971.8,10355.3
gemma-3-1b-it_tensorrt_llm_bls,1,2,gemma-3-1b-it_tensorrt_llm_bls_config_132,48:GPU,4,Yes,2.2,890.5,2891.5
gemma-3-1b-it_tensorrt_llm_bls,1,1,gemma-3-1b-it_tensorrt_llm_bls_config_132,48:GPU,4,Yes,1.1,986.0,1457.8
gemma-3-1b-it_tensorrt_llm_bls,1,32,gemma-3-1b-it_tensorrt_llm_bls_config_132,48:GPU,4,Yes,8.0,9851.9,10402.7
gemma-3-1b-it_tensorrt_llm_bls,1,64,gemma-3-1b-it_tensorrt_llm_bls_config_132,48:GPU,4,No,8.0,19728.1,10380.3
gemma-3-1b-it_tensorrt_llm_bls,1,8,gemma-3-1b-it_tensorrt_llm_bls_config_149,54:GPU,2,Yes,7.9,1008.0,10188.1
gemma-3-1b-it_tensorrt_llm_bls,1,4,gemma-3-1b-it_tensorrt_llm_bls_config_149,54:GPU,2,Yes,4.3,920.3,5656.6
gemma-3-1b-it_tensorrt_llm_bls,1,16,gemma-3-1b-it_tensorrt_llm_bls_config_149,54:GPU,2,Yes,8.0,1997.8,10339.2
gemma-3-1b-it_tensorrt_llm_bls,1,2,gemma-3-1b-it_tensorrt_llm_bls_config_149,54:GPU,2,Yes,2.2,893.0,2880.9
gemma-3-1b-it_tensorrt_llm_bls,1,32,gemma-3-1b-it_tensorrt_llm_bls_config_149,54:GPU,2,Yes,8.0,5935.0,10356.0
gemma-3-1b-it_tensorrt_llm_bls,1,1,gemma-3-1b-it_tensorrt_llm_bls_config_149,54:GPU,2,Yes,1.1,982.4,1453.1
gemma-3-1b-it_tensorrt_llm_bls,1,64,gemma-3-1b-it_tensorrt_llm_bls_config_149,54:GPU,2,No,8.0,13851.4,10347.4
gemma-3-1b-it_tensorrt_llm_bls,1,8,gemma-3-1b-it_tensorrt_llm_bls_config_122,45:GPU,4,Yes,7.9,1008.1,10200.7
gemma-3-1b-it_tensorrt_llm_bls,1,4,gemma-3-1b-it_tensorrt_llm_bls_config_122,45:GPU,4,Yes,4.4,917.8,5641.4
gemma-3-1b-it_tensorrt_llm_bls,1,16,gemma-3-1b-it_tensorrt_llm_bls_config_122,45:GPU,4,Yes,8.0,1993.2,10352.5
gemma-3-1b-it_tensorrt_llm_bls,1,2,gemma-3-1b-it_tensorrt_llm_bls_config_122,45:GPU,4,Yes,2.2,889.2,2891.1
gemma-3-1b-it_tensorrt_llm_bls,1,1,gemma-3-1b-it_tensorrt_llm_bls_config_122,45:GPU,4,Yes,1.1,992.3,1454.8
gemma-3-1b-it_tensorrt_llm_bls,1,32,gemma-3-1b-it_tensorrt_llm_bls_config_122,45:GPU,4,No,8.0,10852.6,10368.5
gemma-3-1b-it_tensorrt_llm_bls,1,64,gemma-3-1b-it_tensorrt_llm_bls_config_122,45:GPU,4,No,8.0,19767.3,10361.2
gemma-3-1b-it_tensorrt_llm_bls,1,8,gemma-3-1b-it_tensorrt_llm_bls_config_49,17:GPU,4,Yes,7.9,1001.5,10129.5
gemma-3-1b-it_tensorrt_llm_bls,1,4,gemma-3-1b-it_tensorrt_llm_bls_config_49,17:GPU,4,Yes,4.3,917.3,5673.0
gemma-3-1b-it_tensorrt_llm_bls,1,16,gemma-3-1b-it_tensorrt_llm_bls_config_49,17:GPU,4,Yes,8.0,1984.3,10355.8
gemma-3-1b-it_tensorrt_llm_bls,1,2,gemma-3-1b-it_tensorrt_llm_bls_config_49,17:GPU,4,Yes,2.2,890.1,2891.3
gemma-3-1b-it_tensorrt_llm_bls,1,1,gemma-3-1b-it_tensorrt_llm_bls_config_49,17:GPU,4,Yes,1.1,995.2,1456.2
gemma-3-1b-it_tensorrt_llm_bls,1,32,gemma-3-1b-it_tensorrt_llm_bls_config_49,17:GPU,4,Yes,8.0,9859.2,10372.6
gemma-3-1b-it_tensorrt_llm_bls,1,64,gemma-3-1b-it_tensorrt_llm_bls_config_49,17:GPU,4,No,8.0,12825.9,10375.1
gemma-3-1b-it_tensorrt_llm_bls,1,8,gemma-3-1b-it_tensorrt_llm_bls_config_69,25:GPU,4,Yes,7.9,1008.7,10188.1
gemma-3-1b-it_tensorrt_llm_bls,1,4,gemma-3-1b-it_tensorrt_llm_bls_config_69,25:GPU,4,Yes,4.3,918.1,5661.0
gemma-3-1b-it_tensorrt_llm_bls,1,16,gemma-3-1b-it_tensorrt_llm_bls_config_69,25:GPU,4,Yes,8.0,1987.5,10342.0
gemma-3-1b-it_tensorrt_llm_bls,1,2,gemma-3-1b-it_tensorrt_llm_bls_config_69,25:GPU,4,Yes,2.2,891.9,2885.4
gemma-3-1b-it_tensorrt_llm_bls,1,1,gemma-3-1b-it_tensorrt_llm_bls_config_69,25:GPU,4,Yes,1.1,991.6,1453.0
gemma-3-1b-it_tensorrt_llm_bls,1,32,gemma-3-1b-it_tensorrt_llm_bls_config_69,25:GPU,4,Yes,8.0,9883.7,10364.3
gemma-3-1b-it_tensorrt_llm_bls,1,64,gemma-3-1b-it_tensorrt_llm_bls_config_69,25:GPU,4,No,8.0,13830.5,10366.5
gemma-3-1b-it_tensorrt_llm_bls,1,8,gemma-3-1b-it_tensorrt_llm_bls_config_76,27:GPU,4,Yes,7.9,1008.3,10206.3
gemma-3-1b-it_tensorrt_llm_bls,1,4,gemma-3-1b-it_tensorrt_llm_bls_config_76,27:GPU,4,Yes,4.4,917.3,5678.0
gemma-3-1b-it_tensorrt_llm_bls,1,16,gemma-3-1b-it_tensorrt_llm_bls_config_76,27:GPU,4,Yes,8.0,2985.6,10345.5
gemma-3-1b-it_tensorrt_llm_bls,1,2,gemma-3-1b-it_tensorrt_llm_bls_config_76,27:GPU,4,Yes,2.2,890.1,2892.6
gemma-3-1b-it_tensorrt_llm_bls,1,1,gemma-3-1b-it_tensorrt_llm_bls_config_76,27:GPU,4,Yes,1.1,988.8,1455.7
gemma-3-1b-it_tensorrt_llm_bls,1,32,gemma-3-1b-it_tensorrt_llm_bls_config_76,27:GPU,4,Yes,8.0,9852.2,10376.7
gemma-3-1b-it_tensorrt_llm_bls,1,64,gemma-3-1b-it_tensorrt_llm_bls_config_76,27:GPU,4,No,8.0,14804.1,10378.8
gemma-3-1b-it_tensorrt_llm_bls,1,8,gemma-3-1b-it_tensorrt_llm_bls_config_93,33:GPU,2,Yes,7.9,1012.4,10237.4
gemma-3-1b-it_tensorrt_llm_bls,1,4,gemma-3-1b-it_tensorrt_llm_bls_config_93,33:GPU,2,Yes,4.3,919.1,5625.3
gemma-3-1b-it_tensorrt_llm_bls,1,16,gemma-3-1b-it_tensorrt_llm_bls_config_93,33:GPU,2,Yes,8.0,1995.1,10339.8
gemma-3-1b-it_tensorrt_llm_bls,1,2,gemma-3-1b-it_tensorrt_llm_bls_config_93,33:GPU,2,Yes,2.2,892.1,2886.1
gemma-3-1b-it_tensorrt_llm_bls,1,32,gemma-3-1b-it_tensorrt_llm_bls_config_93,33:GPU,2,Yes,8.0,6900.5,10378.8
gemma-3-1b-it_tensorrt_llm_bls,1,1,gemma-3-1b-it_tensorrt_llm_bls_config_93,33:GPU,2,Yes,1.1,992.3,1454.1
gemma-3-1b-it_tensorrt_llm_bls,1,64,gemma-3-1b-it_tensorrt_llm_bls_config_93,33:GPU,2,No,8.0,11820.4,10379.5
gemma-3-1b-it_tensorrt_llm_bls,1,8,gemma-3-1b-it_tensorrt_llm_bls_config_64,23:GPU,2,Yes,7.9,1008.6,10196.6
gemma-3-1b-it_tensorrt_llm_bls,1,4,gemma-3-1b-it_tensorrt_llm_bls_config_64,23:GPU,2,Yes,4.3,918.7,5661.0
gemma-3-1b-it_tensorrt_llm_bls,1,16,gemma-3-1b-it_tensorrt_llm_bls_config_64,23:GPU,2,Yes,8.0,2000.1,10327.5
gemma-3-1b-it_tensorrt_llm_bls,1,2,gemma-3-1b-it_tensorrt_llm_bls_config_64,23:GPU,2,Yes,2.2,893.3,2883.9
gemma-3-1b-it_tensorrt_llm_bls,1,32,gemma-3-1b-it_tensorrt_llm_bls_config_64,23:GPU,2,Yes,8.0,6909.2,10367.5
gemma-3-1b-it_tensorrt_llm_bls,1,1,gemma-3-1b-it_tensorrt_llm_bls_config_64,23:GPU,2,Yes,1.1,988.4,1454.2
gemma-3-1b-it_tensorrt_llm_bls,1,64,gemma-3-1b-it_tensorrt_llm_bls_config_64,23:GPU,2,Yes,8.0,9874.4,10365.6
gemma-3-1b-it_tensorrt_llm_bls,1,8,gemma-3-1b-it_tensorrt_llm_bls_config_61,22:GPU,4,Yes,7.9,1009.1,10203.0
gemma-3-1b-it_tensorrt_llm_bls,1,4,gemma-3-1b-it_tensorrt_llm_bls_config_61,22:GPU,4,Yes,4.3,917.3,5663.8
gemma-3-1b-it_tensorrt_llm_bls,1,16,gemma-3-1b-it_tensorrt_llm_bls_config_61,22:GPU,4,Yes,8.0,2967.1,10353.4
gemma-3-1b-it_tensorrt_llm_bls,1,2,gemma-3-1b-it_tensorrt_llm_bls_config_61,22:GPU,4,Yes,2.2,892.3,2885.8
gemma-3-1b-it_tensorrt_llm_bls,1,1,gemma-3-1b-it_tensorrt_llm_bls_config_61,22:GPU,4,Yes,1.1,992.1,1453.9
gemma-3-1b-it_tensorrt_llm_bls,1,32,gemma-3-1b-it_tensorrt_llm_bls_config_61,22:GPU,4,Yes,8.0,8901.4,10357.6
gemma-3-1b-it_tensorrt_llm_bls,1,64,gemma-3-1b-it_tensorrt_llm_bls_config_61,22:GPU,4,No,8.0,13822.2,10358.9
gemma-3-1b-it_tensorrt_llm_bls,1,8,gemma-3-1b-it_tensorrt_llm_bls_config_44,16:GPU,2,Yes,7.9,1009.4,10190.2
gemma-3-1b-it_tensorrt_llm_bls,1,4,gemma-3-1b-it_tensorrt_llm_bls_config_44,16:GPU,2,Yes,4.3,917.5,5667.7
gemma-3-1b-it_tensorrt_llm_bls,1,16,gemma-3-1b-it_tensorrt_llm_bls_config_44,16:GPU,2,Yes,8.0,1990.9,10354.0
gemma-3-1b-it_tensorrt_llm_bls,1,2,gemma-3-1b-it_tensorrt_llm_bls_config_44,16:GPU,2,Yes,2.2,893.1,2884.8
gemma-3-1b-it_tensorrt_llm_bls,1,32,gemma-3-1b-it_tensorrt_llm_bls_config_44,16:GPU,2,Yes,8.0,5917.3,10369.4
gemma-3-1b-it_tensorrt_llm_bls,1,1,gemma-3-1b-it_tensorrt_llm_bls_config_44,16:GPU,2,Yes,1.1,994.7,1453.3
gemma-3-1b-it_tensorrt_llm_bls,1,64,gemma-3-1b-it_tensorrt_llm_bls_config_44,16:GPU,2,Yes,8.0,9874.1,10352.9
gemma-3-1b-it_tensorrt_llm_bls,1,8,gemma-3-1b-it_tensorrt_llm_bls_config_112,41:GPU,2,Yes,7.9,1009.4,10195.1
gemma-3-1b-it_tensorrt_llm_bls,1,4,gemma-3-1b-it_tensorrt_llm_bls_config_112,41:GPU,2,Yes,4.3,916.6,5674.2
gemma-3-1b-it_tensorrt_llm_bls,1,16,gemma-3-1b-it_tensorrt_llm_bls_config_112,41:GPU,2,Yes,8.0,1986.6,10357.8
gemma-3-1b-it_tensorrt_llm_bls,1,2,gemma-3-1b-it_tensorrt_llm_bls_config_112,41:GPU,2,Yes,2.2,891.8,2888.8
gemma-3-1b-it_tensorrt_llm_bls,1,32,gemma-3-1b-it_tensorrt_llm_bls_config_112,41:GPU,2,Yes,8.0,6920.9,10356.3
gemma-3-1b-it_tensorrt_llm_bls,1,1,gemma-3-1b-it_tensorrt_llm_bls_config_112,41:GPU,2,Yes,1.1,990.1,1453.9
gemma-3-1b-it_tensorrt_llm_bls,1,64,gemma-3-1b-it_tensorrt_llm_bls_config_112,41:GPU,2,No,8.0,11853.1,10353.8
gemma-3-1b-it_tensorrt_llm_bls,1,8,gemma-3-1b-it_tensorrt_llm_bls_config_38,14:GPU,2,Yes,7.9,1009.4,10200.1
gemma-3-1b-it_tensorrt_llm_bls,1,4,gemma-3-1b-it_tensorrt_llm_bls_config_38,14:GPU,2,Yes,4.3,920.2,5626.8
gemma-3-1b-it_tensorrt_llm_bls,1,2,gemma-3-1b-it_tensorrt_llm_bls_config_38,14:GPU,2,Yes,2.2,892.9,2885.1
gemma-3-1b-it_tensorrt_llm_bls,1,16,gemma-3-1b-it_tensorrt_llm_bls_config_38,14:GPU,2,Yes,8.0,3947.9,10353.9
gemma-3-1b-it_tensorrt_llm_bls,1,32,gemma-3-1b-it_tensorrt_llm_bls_config_38,14:GPU,2,Yes,8.0,5926.2,10345.3
gemma-3-1b-it_tensorrt_llm_bls,1,1,gemma-3-1b-it_tensorrt_llm_bls_config_38,14:GPU,2,Yes,1.1,990.6,1453.8
gemma-3-1b-it_tensorrt_llm_bls,1,64,gemma-3-1b-it_tensorrt_llm_bls_config_38,14:GPU,2,Yes,8.0,8916.4,10349.8
gemma-3-1b-it_tensorrt_llm_bls,1,8,gemma-3-1b-it_tensorrt_llm_bls_config_143,52:GPU,4,Yes,7.9,1009.5,10181.9
gemma-3-1b-it_tensorrt_llm_bls,1,4,gemma-3-1b-it_tensorrt_llm_bls_config_143,52:GPU,4,Yes,4.3,920.3,5660.5
gemma-3-1b-it_tensorrt_llm_bls,1,16,gemma-3-1b-it_tensorrt_llm_bls_config_143,52:GPU,4,Yes,8.0,2001.8,10327.8
gemma-3-1b-it_tensorrt_llm_bls,1,2,gemma-3-1b-it_tensorrt_llm_bls_config_143,52:GPU,4,Yes,2.2,892.1,2884.6
gemma-3-1b-it_tensorrt_llm_bls,1,1,gemma-3-1b-it_tensorrt_llm_bls_config_143,52:GPU,4,Yes,1.1,983.7,1453.4
gemma-3-1b-it_tensorrt_llm_bls,1,32,gemma-3-1b-it_tensorrt_llm_bls_config_143,52:GPU,4,Yes,8.0,9885.4,10353.6
gemma-3-1b-it_tensorrt_llm_bls,1,64,gemma-3-1b-it_tensorrt_llm_bls_config_143,52:GPU,4,No,8.0,21755.8,10352.3
gemma-3-1b-it_tensorrt_llm_bls,1,8,gemma-3-1b-it_tensorrt_llm_bls_config_100,36:GPU,2,Yes,7.9,1009.7,10173.4
gemma-3-1b-it_tensorrt_llm_bls,1,4,gemma-3-1b-it_tensorrt_llm_bls_config_100,36:GPU,2,Yes,4.3,918.0,5663.3
gemma-3-1b-it_tensorrt_llm_bls,1,16,gemma-3-1b-it_tensorrt_llm_bls_config_100,36:GPU,2,Yes,8.0,1994.6,10334.5
gemma-3-1b-it_tensorrt_llm_bls,1,2,gemma-3-1b-it_tensorrt_llm_bls_config_100,36:GPU,2,Yes,2.2,893.6,2884.0
gemma-3-1b-it_tensorrt_llm_bls,1,1,gemma-3-1b-it_tensorrt_llm_bls_config_100,36:GPU,2,Yes,1.1,992.7,1453.8
gemma-3-1b-it_tensorrt_llm_bls,1,32,gemma-3-1b-it_tensorrt_llm_bls_config_100,36:GPU,2,Yes,8.0,7895.0,10353.1
gemma-3-1b-it_tensorrt_llm_bls,1,64,gemma-3-1b-it_tensorrt_llm_bls_config_100,36:GPU,2,No,8.0,11866.0,10339.1
gemma-3-1b-it_tensorrt_llm_bls,1,8,gemma-3-1b-it_tensorrt_llm_bls_config_52,18:GPU,4,Yes,7.9,1010.1,10202.1
gemma-3-1b-it_tensorrt_llm_bls,1,4,gemma-3-1b-it_tensorrt_llm_bls_config_52,18:GPU,4,Yes,4.3,920.0,5637.4
gemma-3-1b-it_tensorrt_llm_bls,1,16,gemma-3-1b-it_tensorrt_llm_bls_config_52,18:GPU,4,Yes,8.0,1990.5,10345.0
gemma-3-1b-it_tensorrt_llm_bls,1,2,gemma-3-1b-it_tensorrt_llm_bls_config_52,18:GPU,4,Yes,2.2,891.3,2889.6
gemma-3-1b-it_tensorrt_llm_bls,1,1,gemma-3-1b-it_tensorrt_llm_bls_config_52,18:GPU,4,Yes,1.1,993.5,1454.8
gemma-3-1b-it_tensorrt_llm_bls,1,32,gemma-3-1b-it_tensorrt_llm_bls_config_52,18:GPU,4,Yes,8.0,8892.2,10374.7
gemma-3-1b-it_tensorrt_llm_bls,1,64,gemma-3-1b-it_tensorrt_llm_bls_config_52,18:GPU,4,No,8.0,12829.3,10371.9
gemma-3-1b-it_tensorrt_llm_bls,1,8,gemma-3-1b-it_tensorrt_llm_bls_config_85,30:GPU,4,Yes,7.9,1010.0,10188.4
gemma-3-1b-it_tensorrt_llm_bls,1,4,gemma-3-1b-it_tensorrt_llm_bls_config_85,30:GPU,4,Yes,4.3,919.7,5660.6
gemma-3-1b-it_tensorrt_llm_bls,1,16,gemma-3-1b-it_tensorrt_llm_bls_config_85,30:GPU,4,Yes,8.0,1997.0,10332.0
gemma-3-1b-it_tensorrt_llm_bls,1,2,gemma-3-1b-it_tensorrt_llm_bls_config_85,30:GPU,4,Yes,2.2,892.1,2885.6
gemma-3-1b-it_tensorrt_llm_bls,1,1,gemma-3-1b-it_tensorrt_llm_bls_config_85,30:GPU,4,Yes,1.1,992.6,1454.1
gemma-3-1b-it_tensorrt_llm_bls,1,32,gemma-3-1b-it_tensorrt_llm_bls_config_85,30:GPU,4,Yes,8.0,8904.8,10361.8
gemma-3-1b-it_tensorrt_llm_bls,1,64,gemma-3-1b-it_tensorrt_llm_bls_config_85,30:GPU,4,No,8.0,15820.3,10354.0
gemma-3-1b-it_tensorrt_llm_bls,1,8,gemma-3-1b-it_tensorrt_llm_bls_config_72,26:GPU,2,Yes,7.9,1010.3,10220.4
gemma-3-1b-it_tensorrt_llm_bls,1,4,gemma-3-1b-it_tensorrt_llm_bls_config_72,26:GPU,2,Yes,4.3,917.2,5673.7
gemma-3-1b-it_tensorrt_llm_bls,1,16,gemma-3-1b-it_tensorrt_llm_bls_config_72,26:GPU,2,Yes,8.0,2983.0,10359.1
gemma-3-1b-it_tensorrt_llm_bls,1,2,gemma-3-1b-it_tensorrt_llm_bls_config_72,26:GPU,2,Yes,2.2,890.4,2892.4
gemma-3-1b-it_tensorrt_llm_bls,1,1,gemma-3-1b-it_tensorrt_llm_bls_config_72,26:GPU,2,Yes,1.1,992.0,1458.2
gemma-3-1b-it_tensorrt_llm_bls,1,32,gemma-3-1b-it_tensorrt_llm_bls_config_72,26:GPU,2,Yes,8.0,7875.9,10377.2
gemma-3-1b-it_tensorrt_llm_bls,1,64,gemma-3-1b-it_tensorrt_llm_bls_config_72,26:GPU,2,No,8.0,10838.3,10376.7
gemma-3-1b-it_tensorrt_llm_bls,1,8,gemma-3-1b-it_tensorrt_llm_bls_config_40,15:GPU,2,Yes,7.9,1010.5,10209.1
gemma-3-1b-it_tensorrt_llm_bls,1,4,gemma-3-1b-it_tensorrt_llm_bls_config_40,15:GPU,2,Yes,4.3,920.5,5624.2
gemma-3-1b-it_tensorrt_llm_bls,1,2,gemma-3-1b-it_tensorrt_llm_bls_config_40,15:GPU,2,Yes,2.2,892.6,2886.3
gemma-3-1b-it_tensorrt_llm_bls,1,16,gemma-3-1b-it_tensorrt_llm_bls_config_40,15:GPU,2,Yes,8.0,3948.6,10344.6
gemma-3-1b-it_tensorrt_llm_bls,1,32,gemma-3-1b-it_tensorrt_llm_bls_config_40,15:GPU,2,Yes,8.0,4959.0,10347.9
gemma-3-1b-it_tensorrt_llm_bls,1,1,gemma-3-1b-it_tensorrt_llm_bls_config_40,15:GPU,2,Yes,1.1,993.9,1453.7
gemma-3-1b-it_tensorrt_llm_bls,1,64,gemma-3-1b-it_tensorrt_llm_bls_config_40,15:GPU,2,Yes,8.0,9885.1,10348.0
gemma-3-1b-it_tensorrt_llm_bls,1,8,gemma-3-1b-it_tensorrt_llm_bls_config_66,24:GPU,2,Yes,7.9,1010.1,10206.4
gemma-3-1b-it_tensorrt_llm_bls,1,4,gemma-3-1b-it_tensorrt_llm_bls_config_66,24:GPU,2,Yes,4.3,917.2,5668.6
gemma-3-1b-it_tensorrt_llm_bls,1,16,gemma-3-1b-it_tensorrt_llm_bls_config_66,24:GPU,2,Yes,8.0,1990.4,10347.1
gemma-3-1b-it_tensorrt_llm_bls,1,2,gemma-3-1b-it_tensorrt_llm_bls_config_66,24:GPU,2,Yes,2.2,892.7,2883.7
gemma-3-1b-it_tensorrt_llm_bls,1,32,gemma-3-1b-it_tensorrt_llm_bls_config_66,24:GPU,2,Yes,8.0,6897.9,10372.9
gemma-3-1b-it_tensorrt_llm_bls,1,1,gemma-3-1b-it_tensorrt_llm_bls_config_66,24:GPU,2,Yes,1.1,992.4,1454.0
gemma-3-1b-it_tensorrt_llm_bls,1,64,gemma-3-1b-it_tensorrt_llm_bls_config_66,24:GPU,2,No,8.0,10852.3,10362.2
gemma-3-1b-it_tensorrt_llm_bls,1,8,gemma-3-1b-it_tensorrt_llm_bls_config_90,32:GPU,2,Yes,7.9,1011.0,10208.1
gemma-3-1b-it_tensorrt_llm_bls,1,4,gemma-3-1b-it_tensorrt_llm_bls_config_90,32:GPU,2,Yes,4.3,918.9,5662.6
gemma-3-1b-it_tensorrt_llm_bls,1,16,gemma-3-1b-it_tensorrt_llm_bls_config_90,32:GPU,2,Yes,8.0,1985.5,10356.4
gemma-3-1b-it_tensorrt_llm_bls,1,2,gemma-3-1b-it_tensorrt_llm_bls_config_90,32:GPU,2,Yes,2.2,893.6,2885.0
gemma-3-1b-it_tensorrt_llm_bls,1,32,gemma-3-1b-it_tensorrt_llm_bls_config_90,32:GPU,2,Yes,8.0,5925.4,10375.1
gemma-3-1b-it_tensorrt_llm_bls,1,1,gemma-3-1b-it_tensorrt_llm_bls_config_90,32:GPU,2,Yes,1.1,996.4,1452.9
gemma-3-1b-it_tensorrt_llm_bls,1,64,gemma-3-1b-it_tensorrt_llm_bls_config_90,32:GPU,2,No,8.0,10855.4,10359.6
gemma-3-1b-it_tensorrt_llm_bls,1,8,gemma-3-1b-it_tensorrt_llm_bls_config_31,11:GPU,2,Yes,7.9,1007.7,10161.8
gemma-3-1b-it_tensorrt_llm_bls,1,4,gemma-3-1b-it_tensorrt_llm_bls_config_31,11:GPU,2,Yes,4.3,919.3,5629.6
gemma-3-1b-it_tensorrt_llm_bls,1,2,gemma-3-1b-it_tensorrt_llm_bls_config_31,11:GPU,2,Yes,2.2,893.1,2885.8
gemma-3-1b-it_tensorrt_llm_bls,1,16,gemma-3-1b-it_tensorrt_llm_bls_config_31,11:GPU,2,Yes,8.0,3940.6,10326.7
gemma-3-1b-it_tensorrt_llm_bls,1,32,gemma-3-1b-it_tensorrt_llm_bls_config_31,11:GPU,2,Yes,8.0,4954.9,10329.0
gemma-3-1b-it_tensorrt_llm_bls,1,1,gemma-3-1b-it_tensorrt_llm_bls_config_31,11:GPU,2,Yes,1.1,989.1,1454.4
gemma-3-1b-it_tensorrt_llm_bls,1,64,gemma-3-1b-it_tensorrt_llm_bls_config_31,11:GPU,2,Yes,8.0,8914.3,10333.8
gemma-3-1b-it_tensorrt_llm_bls,1,8,gemma-3-1b-it_tensorrt_llm_bls_config_104,38:GPU,2,Yes,7.9,1011.8,10180.1
gemma-3-1b-it_tensorrt_llm_bls,1,4,gemma-3-1b-it_tensorrt_llm_bls_config_104,38:GPU,2,Yes,4.3,920.1,5653.9
gemma-3-1b-it_tensorrt_llm_bls,1,16,gemma-3-1b-it_tensorrt_llm_bls_config_104,38:GPU,2,Yes,8.0,1988.0,10342.3
gemma-3-1b-it_tensorrt_llm_bls,1,2,gemma-3-1b-it_tensorrt_llm_bls_config_104,38:GPU,2,Yes,2.2,892.6,2882.7
gemma-3-1b-it_tensorrt_llm_bls,1,32,gemma-3-1b-it_tensorrt_llm_bls_config_104,38:GPU,2,Yes,8.0,5954.0,10339.9
gemma-3-1b-it_tensorrt_llm_bls,1,1,gemma-3-1b-it_tensorrt_llm_bls_config_104,38:GPU,2,Yes,1.1,993.5,1452.8
gemma-3-1b-it_tensorrt_llm_bls,1,64,gemma-3-1b-it_tensorrt_llm_bls_config_104,38:GPU,2,No,8.0,11858.8,10361.9
gemma-3-1b-it_tensorrt_llm_bls,1,8,gemma-3-1b-it_tensorrt_llm_bls_config_54,19:GPU,2,Yes,7.9,1008.0,10166.9
gemma-3-1b-it_tensorrt_llm_bls,1,4,gemma-3-1b-it_tensorrt_llm_bls_config_54,19:GPU,2,Yes,4.3,919.2,5657.9
gemma-3-1b-it_tensorrt_llm_bls,1,16,gemma-3-1b-it_tensorrt_llm_bls_config_54,19:GPU,2,Yes,8.0,1989.2,10353.8
gemma-3-1b-it_tensorrt_llm_bls,1,2,gemma-3-1b-it_tensorrt_llm_bls_config_54,19:GPU,2,Yes,2.2,893.0,2886.1
gemma-3-1b-it_tensorrt_llm_bls,1,32,gemma-3-1b-it_tensorrt_llm_bls_config_54,19:GPU,2,Yes,8.0,5931.3,10359.3
gemma-3-1b-it_tensorrt_llm_bls,1,1,gemma-3-1b-it_tensorrt_llm_bls_config_54,19:GPU,2,Yes,1.1,1008.5,1454.6
gemma-3-1b-it_tensorrt_llm_bls,1,64,gemma-3-1b-it_tensorrt_llm_bls_config_54,19:GPU,2,No,8.0,10853.3,10369.6
gemma-3-1b-it_tensorrt_llm_bls,1,8,gemma-3-1b-it_tensorrt_llm_bls_config_98,35:GPU,4,Yes,7.9,1004.7,10173.5
gemma-3-1b-it_tensorrt_llm_bls,1,4,gemma-3-1b-it_tensorrt_llm_bls_config_98,35:GPU,4,Yes,4.4,916.4,5678.9
gemma-3-1b-it_tensorrt_llm_bls,1,16,gemma-3-1b-it_tensorrt_llm_bls_config_98,35:GPU,4,Yes,8.0,1982.5,10382.0
gemma-3-1b-it_tensorrt_llm_bls,1,2,gemma-3-1b-it_tensorrt_llm_bls_config_98,35:GPU,4,Yes,2.2,890.5,2893.2
gemma-3-1b-it_tensorrt_llm_bls,1,1,gemma-3-1b-it_tensorrt_llm_bls_config_98,35:GPU,4,Yes,1.1,997.3,1457.5
gemma-3-1b-it_tensorrt_llm_bls,1,32,gemma-3-1b-it_tensorrt_llm_bls_config_98,35:GPU,4,Yes,8.0,7904.3,10378.9
gemma-3-1b-it_tensorrt_llm_bls,1,64,gemma-3-1b-it_tensorrt_llm_bls_config_98,35:GPU,4,No,8.0,18712.5,10384.3
gemma-3-1b-it_tensorrt_llm_bls,1,8,gemma-3-1b-it_tensorrt_llm_bls_config_109,40:GPU,2,Yes,7.9,1011.9,10195.4
gemma-3-1b-it_tensorrt_llm_bls,1,4,gemma-3-1b-it_tensorrt_llm_bls_config_109,40:GPU,2,Yes,4.3,922.1,5657.5
gemma-3-1b-it_tensorrt_llm_bls,1,16,gemma-3-1b-it_tensorrt_llm_bls_config_109,40:GPU,2,Yes,8.0,2994.9,10326.7
gemma-3-1b-it_tensorrt_llm_bls,1,2,gemma-3-1b-it_tensorrt_llm_bls_config_109,40:GPU,2,Yes,2.2,893.7,2881.6
gemma-3-1b-it_tensorrt_llm_bls,1,32,gemma-3-1b-it_tensorrt_llm_bls_config_109,40:GPU,2,Yes,8.0,6917.0,10360.2
gemma-3-1b-it_tensorrt_llm_bls,1,1,gemma-3-1b-it_tensorrt_llm_bls_config_109,40:GPU,2,Yes,1.1,993.6,1452.5
gemma-3-1b-it_tensorrt_llm_bls,1,64,gemma-3-1b-it_tensorrt_llm_bls_config_109,40:GPU,2,No,8.0,10872.1,10362.0
gemma-3-1b-it_tensorrt_llm_bls,1,8,gemma-3-1b-it_tensorrt_llm_bls_config_118,44:GPU,2,Yes,7.9,1008.7,10166.6
gemma-3-1b-it_tensorrt_llm_bls,1,4,gemma-3-1b-it_tensorrt_llm_bls_config_118,44:GPU,2,Yes,4.3,916.4,5671.9
gemma-3-1b-it_tensorrt_llm_bls,1,2,gemma-3-1b-it_tensorrt_llm_bls_config_118,44:GPU,2,Yes,2.2,890.4,2891.2
gemma-3-1b-it_tensorrt_llm_bls,1,16,gemma-3-1b-it_tensorrt_llm_bls_config_118,44:GPU,2,Yes,8.0,3941.8,10357.1
gemma-3-1b-it_tensorrt_llm_bls,1,32,gemma-3-1b-it_tensorrt_llm_bls_config_118,44:GPU,2,Yes,8.0,6917.8,10356.0
gemma-3-1b-it_tensorrt_llm_bls,1,1,gemma-3-1b-it_tensorrt_llm_bls_config_118,44:GPU,2,Yes,1.1,988.0,1455.2
gemma-3-1b-it_tensorrt_llm_bls,1,64,gemma-3-1b-it_tensorrt_llm_bls_config_118,44:GPU,2,No,8.0,12843.7,10354.5
gemma-3-1b-it_tensorrt_llm_bls,1,8,gemma-3-1b-it_tensorrt_llm_bls_config_116,43:GPU,2,Yes,7.9,1008.4,10140.3
gemma-3-1b-it_tensorrt_llm_bls,1,4,gemma-3-1b-it_tensorrt_llm_bls_config_116,43:GPU,2,Yes,4.3,917.0,5671.9
gemma-3-1b-it_tensorrt_llm_bls,1,16,gemma-3-1b-it_tensorrt_llm_bls_config_116,43:GPU,2,Yes,8.0,1986.0,10353.3
gemma-3-1b-it_tensorrt_llm_bls,1,2,gemma-3-1b-it_tensorrt_llm_bls_config_116,43:GPU,2,Yes,2.2,892.3,2887.4
gemma-3-1b-it_tensorrt_llm_bls,1,32,gemma-3-1b-it_tensorrt_llm_bls_config_116,43:GPU,2,Yes,8.0,6906.1,10368.4
gemma-3-1b-it_tensorrt_llm_bls,1,1,gemma-3-1b-it_tensorrt_llm_bls_config_116,43:GPU,2,Yes,1.1,992.1,1453.2
gemma-3-1b-it_tensorrt_llm_bls,1,64,gemma-3-1b-it_tensorrt_llm_bls_config_116,43:GPU,2,No,8.0,11857.8,10356.0
gemma-3-1b-it_tensorrt_llm_bls,1,8,gemma-3-1b-it_tensorrt_llm_bls_config_91,32:GPU,4,Yes,7.9,1009.0,10193.7
gemma-3-1b-it_tensorrt_llm_bls,1,4,gemma-3-1b-it_tensorrt_llm_bls_config_91,32:GPU,4,Yes,4.3,918.4,5672.9
gemma-3-1b-it_tensorrt_llm_bls,1,16,gemma-3-1b-it_tensorrt_llm_bls_config_91,32:GPU,4,Yes,8.0,1990.2,10373.9
gemma-3-1b-it_tensorrt_llm_bls,1,2,gemma-3-1b-it_tensorrt_llm_bls_config_91,32:GPU,4,Yes,2.2,891.7,2891.7
gemma-3-1b-it_tensorrt_llm_bls,1,1,gemma-3-1b-it_tensorrt_llm_bls_config_91,32:GPU,4,Yes,1.1,985.7,1458.7
gemma-3-1b-it_tensorrt_llm_bls,1,32,gemma-3-1b-it_tensorrt_llm_bls_config_91,32:GPU,4,Yes,8.0,9866.8,10382.3
gemma-3-1b-it_tensorrt_llm_bls,1,64,gemma-3-1b-it_tensorrt_llm_bls_config_91,32:GPU,4,No,8.0,16740.1,10394.4
gemma-3-1b-it_tensorrt_llm_bls,1,8,gemma-3-1b-it_tensorrt_llm_bls_config_42,15:GPU,8,Yes,7.9,1013.0,10193.4
gemma-3-1b-it_tensorrt_llm_bls,1,4,gemma-3-1b-it_tensorrt_llm_bls_config_42,15:GPU,8,Yes,4.3,918.2,5659.9
gemma-3-1b-it_tensorrt_llm_bls,1,2,gemma-3-1b-it_tensorrt_llm_bls_config_42,15:GPU,8,Yes,2.2,892.0,2885.2
gemma-3-1b-it_tensorrt_llm_bls,1,16,gemma-3-1b-it_tensorrt_llm_bls_config_42,15:GPU,8,Yes,8.0,3959.4,10344.7
gemma-3-1b-it_tensorrt_llm_bls,1,1,gemma-3-1b-it_tensorrt_llm_bls_config_42,15:GPU,8,Yes,1.1,992.6,1455.0
gemma-3-1b-it_tensorrt_llm_bls,1,32,gemma-3-1b-it_tensorrt_llm_bls_config_42,15:GPU,8,No,8.0,11876.5,10352.7
gemma-3-1b-it_tensorrt_llm_bls,1,64,gemma-3-1b-it_tensorrt_llm_bls_config_42,15:GPU,8,No,8.0,15827.5,10354.4
gemma-3-1b-it_tensorrt_llm_bls,1,8,gemma-3-1b-it_tensorrt_llm_bls_config_73,26:GPU,4,Yes,7.9,1009.9,10152.3
gemma-3-1b-it_tensorrt_llm_bls,1,4,gemma-3-1b-it_tensorrt_llm_bls_config_73,26:GPU,4,Yes,4.4,916.0,5570.2
gemma-3-1b-it_tensorrt_llm_bls,1,16,gemma-3-1b-it_tensorrt_llm_bls_config_73,26:GPU,4,Yes,8.0,2981.7,10349.3
gemma-3-1b-it_tensorrt_llm_bls,1,2,gemma-3-1b-it_tensorrt_llm_bls_config_73,26:GPU,4,Yes,2.2,889.9,2889.8
gemma-3-1b-it_tensorrt_llm_bls,1,1,gemma-3-1b-it_tensorrt_llm_bls_config_73,26:GPU,4,Yes,1.1,994.4,1453.5
gemma-3-1b-it_tensorrt_llm_bls,1,32,gemma-3-1b-it_tensorrt_llm_bls_config_73,26:GPU,4,Yes,8.0,9875.8,10380.6
gemma-3-1b-it_tensorrt_llm_bls,1,64,gemma-3-1b-it_tensorrt_llm_bls_config_73,26:GPU,4,No,8.0,14799.4,10364.9
gemma-3-1b-it_tensorrt_llm_bls,1,8,gemma-3-1b-it_tensorrt_llm_bls_config_127,47:GPU,2,Yes,7.9,1009.8,10165.7
gemma-3-1b-it_tensorrt_llm_bls,1,4,gemma-3-1b-it_tensorrt_llm_bls_config_127,47:GPU,2,Yes,4.4,916.9,5569.2
gemma-3-1b-it_tensorrt_llm_bls,1,16,gemma-3-1b-it_tensorrt_llm_bls_config_127,47:GPU,2,Yes,8.0,1988.3,10353.6
gemma-3-1b-it_tensorrt_llm_bls,1,2,gemma-3-1b-it_tensorrt_llm_bls_config_127,47:GPU,2,Yes,2.2,891.5,2890.1
gemma-3-1b-it_tensorrt_llm_bls,1,32,gemma-3-1b-it_tensorrt_llm_bls_config_127,47:GPU,2,Yes,8.0,6916.8,10353.4
gemma-3-1b-it_tensorrt_llm_bls,1,1,gemma-3-1b-it_tensorrt_llm_bls_config_127,47:GPU,2,Yes,1.1,992.3,1455.6
gemma-3-1b-it_tensorrt_llm_bls,1,64,gemma-3-1b-it_tensorrt_llm_bls_config_127,47:GPU,2,No,8.0,12846.0,10356.2
gemma-3-1b-it_tensorrt_llm_bls,1,8,gemma-3-1b-it_tensorrt_llm_bls_config_139,51:GPU,2,Yes,7.9,1013.6,10209.1
gemma-3-1b-it_tensorrt_llm_bls,1,4,gemma-3-1b-it_tensorrt_llm_bls_config_139,51:GPU,2,Yes,4.3,918.6,5656.0
gemma-3-1b-it_tensorrt_llm_bls,1,16,gemma-3-1b-it_tensorrt_llm_bls_config_139,51:GPU,2,Yes,8.0,1987.1,10328.6
gemma-3-1b-it_tensorrt_llm_bls,1,2,gemma-3-1b-it_tensorrt_llm_bls_config_139,51:GPU,2,Yes,2.2,893.4,2882.7
gemma-3-1b-it_tensorrt_llm_bls,1,32,gemma-3-1b-it_tensorrt_llm_bls_config_139,51:GPU,2,Yes,8.0,5950.3,10345.2
gemma-3-1b-it_tensorrt_llm_bls,1,1,gemma-3-1b-it_tensorrt_llm_bls_config_139,51:GPU,2,Yes,1.1,1001.2,1453.1
gemma-3-1b-it_tensorrt_llm_bls,1,64,gemma-3-1b-it_tensorrt_llm_bls_config_139,51:GPU,2,No,8.0,13838.7,10347.1
gemma-3-1b-it_tensorrt_llm_bls,1,8,gemma-3-1b-it_tensorrt_llm_bls_config_114,42:GPU,2,Yes,7.9,1010.5,10146.1
gemma-3-1b-it_tensorrt_llm_bls,1,4,gemma-3-1b-it_tensorrt_llm_bls_config_114,42:GPU,2,Yes,4.3,921.1,5655.8
gemma-3-1b-it_tensorrt_llm_bls,1,16,gemma-3-1b-it_tensorrt_llm_bls_config_114,42:GPU,2,Yes,8.0,1990.2,10342.0
gemma-3-1b-it_tensorrt_llm_bls,1,2,gemma-3-1b-it_tensorrt_llm_bls_config_114,42:GPU,2,Yes,2.2,893.7,2883.9
gemma-3-1b-it_tensorrt_llm_bls,1,1,gemma-3-1b-it_tensorrt_llm_bls_config_114,42:GPU,2,Yes,1.1,994.3,1452.5
gemma-3-1b-it_tensorrt_llm_bls,1,32,gemma-3-1b-it_tensorrt_llm_bls_config_114,42:GPU,2,Yes,8.0,7891.7,10357.0
gemma-3-1b-it_tensorrt_llm_bls,1,64,gemma-3-1b-it_tensorrt_llm_bls_config_114,42:GPU,2,No,8.0,11871.7,10346.4
gemma-3-1b-it_tensorrt_llm_bls,1,8,gemma-3-1b-it_tensorrt_llm_bls_config_77,27:GPU,8,Yes,7.9,1007.1,10132.5
gemma-3-1b-it_tensorrt_llm_bls,1,4,gemma-3-1b-it_tensorrt_llm_bls_config_77,27:GPU,8,Yes,4.3,918.0,5664.9
gemma-3-1b-it_tensorrt_llm_bls,1,2,gemma-3-1b-it_tensorrt_llm_bls_config_77,27:GPU,8,Yes,2.2,891.9,2885.9
gemma-3-1b-it_tensorrt_llm_bls,1,16,gemma-3-1b-it_tensorrt_llm_bls_config_77,27:GPU,8,Yes,8.0,3944.9,10350.4
gemma-3-1b-it_tensorrt_llm_bls,1,1,gemma-3-1b-it_tensorrt_llm_bls_config_77,27:GPU,8,Yes,1.1,993.6,1453.3
gemma-3-1b-it_tensorrt_llm_bls,1,32,gemma-3-1b-it_tensorrt_llm_bls_config_77,27:GPU,8,No,8.0,11857.3,10352.2
gemma-3-1b-it_tensorrt_llm_bls,1,64,gemma-3-1b-it_tensorrt_llm_bls_config_77,27:GPU,8,No,8.0,25693.6,10357.5
gemma-3-1b-it_tensorrt_llm_bls,1,8,gemma-3-1b-it_tensorrt_llm_bls_config_88,31:GPU,4,Yes,7.9,1008.3,10144.1
gemma-3-1b-it_tensorrt_llm_bls,1,4,gemma-3-1b-it_tensorrt_llm_bls_config_88,31:GPU,4,Yes,4.3,919.6,5630.1
gemma-3-1b-it_tensorrt_llm_bls,1,16,gemma-3-1b-it_tensorrt_llm_bls_config_88,31:GPU,4,Yes,8.0,1990.3,10338.2
gemma-3-1b-it_tensorrt_llm_bls,1,2,gemma-3-1b-it_tensorrt_llm_bls_config_88,31:GPU,4,Yes,2.2,891.8,2885.6
gemma-3-1b-it_tensorrt_llm_bls,1,32,gemma-3-1b-it_tensorrt_llm_bls_config_88,31:GPU,4,Yes,8.0,6936.3,10350.4
gemma-3-1b-it_tensorrt_llm_bls,1,1,gemma-3-1b-it_tensorrt_llm_bls_config_88,31:GPU,4,Yes,1.1,988.9,1453.7
gemma-3-1b-it_tensorrt_llm_bls,1,64,gemma-3-1b-it_tensorrt_llm_bls_config_88,31:GPU,4,No,8.0,16771.0,10372.5
gemma-3-1b-it_tensorrt_llm_bls,1,8,gemma-3-1b-it_tensorrt_llm_bls_config_107,39:GPU,2,Yes,7.9,1012.0,10159.0
gemma-3-1b-it_tensorrt_llm_bls,1,4,gemma-3-1b-it_tensorrt_llm_bls_config_107,39:GPU,2,Yes,4.3,918.9,5664.9
gemma-3-1b-it_tensorrt_llm_bls,1,16,gemma-3-1b-it_tensorrt_llm_bls_config_107,39:GPU,2,Yes,8.0,2967.6,10354.2
gemma-3-1b-it_tensorrt_llm_bls,1,2,gemma-3-1b-it_tensorrt_llm_bls_config_107,39:GPU,2,Yes,2.2,893.2,2882.8
gemma-3-1b-it_tensorrt_llm_bls,1,32,gemma-3-1b-it_tensorrt_llm_bls_config_107,39:GPU,2,Yes,8.0,6904.1,10369.1
gemma-3-1b-it_tensorrt_llm_bls,1,1,gemma-3-1b-it_tensorrt_llm_bls_config_107,39:GPU,2,Yes,1.1,995.5,1453.3
gemma-3-1b-it_tensorrt_llm_bls,1,64,gemma-3-1b-it_tensorrt_llm_bls_config_107,39:GPU,2,No,8.0,11854.4,10356.5
gemma-3-1b-it_tensorrt_llm_bls,1,8,gemma-3-1b-it_tensorrt_llm_bls_config_80,28:GPU,4,Yes,7.9,1008.9,10152.9
gemma-3-1b-it_tensorrt_llm_bls,1,4,gemma-3-1b-it_tensorrt_llm_bls_config_80,28:GPU,4,Yes,4.4,916.6,5677.0
gemma-3-1b-it_tensorrt_llm_bls,1,16,gemma-3-1b-it_tensorrt_llm_bls_config_80,28:GPU,4,Yes,8.0,1990.9,10361.0
gemma-3-1b-it_tensorrt_llm_bls,1,2,gemma-3-1b-it_tensorrt_llm_bls_config_80,28:GPU,4,Yes,2.2,891.0,2891.0
gemma-3-1b-it_tensorrt_llm_bls,1,1,gemma-3-1b-it_tensorrt_llm_bls_config_80,28:GPU,4,Yes,1.1,989.3,1455.9
gemma-3-1b-it_tensorrt_llm_bls,1,32,gemma-3-1b-it_tensorrt_llm_bls_config_80,28:GPU,4,No,8.0,10846.0,10369.3
gemma-3-1b-it_tensorrt_llm_bls,1,64,gemma-3-1b-it_tensorrt_llm_bls_config_80,28:GPU,4,No,8.0,15765.8,10372.8
gemma-3-1b-it_tensorrt_llm_bls,1,8,gemma-3-1b-it_tensorrt_llm_bls_config_140,51:GPU,4,Yes,7.9,1012.7,10160.3
gemma-3-1b-it_tensorrt_llm_bls,1,4,gemma-3-1b-it_tensorrt_llm_bls_config_140,51:GPU,4,Yes,4.3,919.1,5655.6
gemma-3-1b-it_tensorrt_llm_bls,1,16,gemma-3-1b-it_tensorrt_llm_bls_config_140,51:GPU,4,Yes,8.0,1994.4,10342.4
gemma-3-1b-it_tensorrt_llm_bls,1,2,gemma-3-1b-it_tensorrt_llm_bls_config_140,51:GPU,4,Yes,2.2,893.2,2848.1
gemma-3-1b-it_tensorrt_llm_bls,1,1,gemma-3-1b-it_tensorrt_llm_bls_config_140,51:GPU,4,Yes,1.1,997.3,1452.7
gemma-3-1b-it_tensorrt_llm_bls,1,32,gemma-3-1b-it_tensorrt_llm_bls_config_140,51:GPU,4,Yes,8.0,7891.3,10358.9
gemma-3-1b-it_tensorrt_llm_bls,1,64,gemma-3-1b-it_tensorrt_llm_bls_config_140,51:GPU,4,No,8.0,20784.4,10345.8
gemma-3-1b-it_tensorrt_llm_bls,1,8,gemma-3-1b-it_tensorrt_llm_bls_config_27,9:GPU,4,Yes,7.9,1013.8,10169.0
gemma-3-1b-it_tensorrt_llm_bls,1,4,gemma-3-1b-it_tensorrt_llm_bls_config_27,9:GPU,4,Yes,4.3,918.6,5628.8
gemma-3-1b-it_tensorrt_llm_bls,1,2,gemma-3-1b-it_tensorrt_llm_bls_config_27,9:GPU,4,Yes,2.2,892.2,2885.9
gemma-3-1b-it_tensorrt_llm_bls,1,16,gemma-3-1b-it_tensorrt_llm_bls_config_27,9:GPU,4,Yes,8.0,4972.8,10267.3
gemma-3-1b-it_tensorrt_llm_bls,1,32,gemma-3-1b-it_tensorrt_llm_bls_config_27,9:GPU,4,Yes,8.0,6928.9,10270.0
gemma-3-1b-it_tensorrt_llm_bls,1,1,gemma-3-1b-it_tensorrt_llm_bls_config_27,9:GPU,4,Yes,1.1,993.6,1453.9
gemma-3-1b-it_tensorrt_llm_bls,1,64,gemma-3-1b-it_tensorrt_llm_bls_config_27,9:GPU,4,No,8.0,10919.6,10270.4
gemma-3-1b-it_tensorrt_llm_bls,1,8,gemma-3-1b-it_tensorrt_llm_bls_config_34,12:GPU,4,Yes,7.9,1010.7,10134.8
gemma-3-1b-it_tensorrt_llm_bls,1,4,gemma-3-1b-it_tensorrt_llm_bls_config_34,12:GPU,4,Yes,4.3,917.5,5670.4
gemma-3-1b-it_tensorrt_llm_bls,1,2,gemma-3-1b-it_tensorrt_llm_bls_config_34,12:GPU,4,Yes,2.2,892.5,2887.9
gemma-3-1b-it_tensorrt_llm_bls,1,16,gemma-3-1b-it_tensorrt_llm_bls_config_34,12:GPU,4,Yes,8.0,4935.9,10345.2
gemma-3-1b-it_tensorrt_llm_bls,1,32,gemma-3-1b-it_tensorrt_llm_bls_config_34,12:GPU,4,Yes,8.0,6933.1,10358.7
gemma-3-1b-it_tensorrt_llm_bls,1,1,gemma-3-1b-it_tensorrt_llm_bls_config_34,12:GPU,4,Yes,1.1,988.5,1454.9
gemma-3-1b-it_tensorrt_llm_bls,1,64,gemma-3-1b-it_tensorrt_llm_bls_config_34,12:GPU,4,No,8.0,11836.9,10355.4
gemma-3-1b-it_tensorrt_llm_bls,1,4,gemma-3-1b-it_tensorrt_llm_bls_config_13,4:GPU,4,Yes,4.4,915.3,5683.6
gemma-3-1b-it_tensorrt_llm_bls,1,2,gemma-3-1b-it_tensorrt_llm_bls_config_13,4:GPU,4,Yes,2.2,891.7,2892.7
gemma-3-1b-it_tensorrt_llm_bls,1,8,gemma-3-1b-it_tensorrt_llm_bls_config_13,4:GPU,4,Yes,4.4,3594.7,5702.7
gemma-3-1b-it_tensorrt_llm_bls,1,1,gemma-3-1b-it_tensorrt_llm_bls_config_13,4:GPU,4,Yes,1.1,987.3,1456.4
gemma-3-1b-it_tensorrt_llm_bls,1,16,gemma-3-1b-it_tensorrt_llm_bls_config_13,4:GPU,4,Yes,4.4,5388.2,5701.0
gemma-3-1b-it_tensorrt_llm_bls,1,32,gemma-3-1b-it_tensorrt_llm_bls_config_13,4:GPU,4,Yes,4.4,9872.6,5701.2
gemma-3-1b-it_tensorrt_llm_bls,1,4,gemma-3-1b-it_tensorrt_llm_bls_config_151,55:GPU,2,Yes,4.4,915.5,5677.1
gemma-3-1b-it_tensorrt_llm_bls,1,16,gemma-3-1b-it_tensorrt_llm_bls_config_151,55:GPU,2,Yes,8.0,1989.2,10334.8
gemma-3-1b-it_tensorrt_llm_bls,1,8,gemma-3-1b-it_tensorrt_llm_bls_config_151,55:GPU,2,Yes,7.9,1984.7,10127.5
gemma-3-1b-it_tensorrt_llm_bls,1,2,gemma-3-1b-it_tensorrt_llm_bls_config_151,55:GPU,2,Yes,2.2,891.4,2888.5
gemma-3-1b-it_tensorrt_llm_bls,1,32,gemma-3-1b-it_tensorrt_llm_bls_config_151,55:GPU,2,Yes,8.0,6936.4,10349.8
gemma-3-1b-it_tensorrt_llm_bls,1,1,gemma-3-1b-it_tensorrt_llm_bls_config_151,55:GPU,2,Yes,1.1,982.7,1453.2
gemma-3-1b-it_tensorrt_llm_bls,1,64,gemma-3-1b-it_tensorrt_llm_bls_config_151,55:GPU,2,No,8.0,14811.8,10352.9
gemma-3-1b-it_tensorrt_llm_bls,1,4,gemma-3-1b-it_tensorrt_llm_bls_config_12,4:GPU,2,Yes,4.4,916.4,5682.3
gemma-3-1b-it_tensorrt_llm_bls,1,2,gemma-3-1b-it_tensorrt_llm_bls_config_12,4:GPU,2,Yes,2.2,891.6,2893.7
gemma-3-1b-it_tensorrt_llm_bls,1,8,gemma-3-1b-it_tensorrt_llm_bls_config_12,4:GPU,2,Yes,4.4,2694.3,5700.9
gemma-3-1b-it_tensorrt_llm_bls,1,1,gemma-3-1b-it_tensorrt_llm_bls_config_12,4:GPU,2,Yes,1.1,989.2,1457.2
gemma-3-1b-it_tensorrt_llm_bls,1,16,gemma-3-1b-it_tensorrt_llm_bls_config_12,4:GPU,2,Yes,4.4,4492.7,5698.4
gemma-3-1b-it_tensorrt_llm_bls,1,32,gemma-3-1b-it_tensorrt_llm_bls_config_12,4:GPU,2,Yes,4.4,8077.2,5702.4
gemma-3-1b-it_tensorrt_llm_bls,1,4,gemma-3-1b-it_tensorrt_llm_bls_config_15,5:GPU,1,Yes,4.4,917.0,5678.0
gemma-3-1b-it_tensorrt_llm_bls,1,8,gemma-3-1b-it_tensorrt_llm_bls_config_15,5:GPU,1,Yes,5.4,1830.9,6996.8
gemma-3-1b-it_tensorrt_llm_bls,1,2,gemma-3-1b-it_tensorrt_llm_bls_config_15,5:GPU,1,Yes,2.2,889.9,2892.6
gemma-3-1b-it_tensorrt_llm_bls,1,16,gemma-3-1b-it_tensorrt_llm_bls_config_15,5:GPU,1,Yes,5.4,3653.7,6998.4
gemma-3-1b-it_tensorrt_llm_bls,1,1,gemma-3-1b-it_tensorrt_llm_bls_config_15,5:GPU,1,Yes,1.1,991.4,1456.0
gemma-3-1b-it_tensorrt_llm_bls,1,32,gemma-3-1b-it_tensorrt_llm_bls_config_15,5:GPU,1,Yes,5.4,6396.7,7001.1
gemma-3-1b-it_tensorrt_llm_bls,1,64,gemma-3-1b-it_tensorrt_llm_bls_config_15,5:GPU,1,No,5.4,11892.0,7001.4
gemma-3-1b-it_tensorrt_llm_bls,1,4,gemma-3-1b-it_tensorrt_llm_bls_config_87,31:GPU,2,Yes,4.4,917.0,5679.6
gemma-3-1b-it_tensorrt_llm_bls,1,8,gemma-3-1b-it_tensorrt_llm_bls_config_87,31:GPU,2,Yes,7.8,1919.8,10134.1
gemma-3-1b-it_tensorrt_llm_bls,1,16,gemma-3-1b-it_tensorrt_llm_bls_config_87,31:GPU,2,Yes,8.0,1983.9,10364.4
gemma-3-1b-it_tensorrt_llm_bls,1,2,gemma-3-1b-it_tensorrt_llm_bls_config_87,31:GPU,2,Yes,2.2,889.9,2893.3
gemma-3-1b-it_tensorrt_llm_bls,1,32,gemma-3-1b-it_tensorrt_llm_bls_config_87,31:GPU,2,Yes,8.0,6921.6,10371.6
gemma-3-1b-it_tensorrt_llm_bls,1,1,gemma-3-1b-it_tensorrt_llm_bls_config_87,31:GPU,2,Yes,1.1,991.9,1456.3
gemma-3-1b-it_tensorrt_llm_bls,1,64,gemma-3-1b-it_tensorrt_llm_bls_config_87,31:GPU,2,No,8.0,10852.1,10371.2
gemma-3-1b-it_tensorrt_llm_bls,1,4,gemma-3-1b-it_tensorrt_llm_bls_config_11,4:GPU,1,Yes,4.4,917.7,5679.4
gemma-3-1b-it_tensorrt_llm_bls,1,2,gemma-3-1b-it_tensorrt_llm_bls_config_11,4:GPU,1,Yes,2.2,891.4,2892.5
gemma-3-1b-it_tensorrt_llm_bls,1,8,gemma-3-1b-it_tensorrt_llm_bls_config_11,4:GPU,1,Yes,4.4,1799.5,5700.8
gemma-3-1b-it_tensorrt_llm_bls,1,16,gemma-3-1b-it_tensorrt_llm_bls_config_11,4:GPU,1,Yes,4.4,3597.8,5699.6
gemma-3-1b-it_tensorrt_llm_bls,1,1,gemma-3-1b-it_tensorrt_llm_bls_config_11,4:GPU,1,Yes,1.1,986.9,1455.6
gemma-3-1b-it_tensorrt_llm_bls,1,32,gemma-3-1b-it_tensorrt_llm_bls_config_11,4:GPU,1,Yes,4.4,7185.1,5701.6
gemma-3-1b-it_tensorrt_llm_bls,1,4,gemma-3-1b-it_tensorrt_llm_bls_config_48,17:GPU,2,Yes,4.4,918.6,5678.5
gemma-3-1b-it_tensorrt_llm_bls,1,16,gemma-3-1b-it_tensorrt_llm_bls_config_48,17:GPU,2,Yes,8.0,1984.5,10370.6
gemma-3-1b-it_tensorrt_llm_bls,1,8,gemma-3-1b-it_tensorrt_llm_bls_config_48,17:GPU,2,Yes,7.8,1979.0,10102.7
gemma-3-1b-it_tensorrt_llm_bls,1,2,gemma-3-1b-it_tensorrt_llm_bls_config_48,17:GPU,2,Yes,2.2,887.5,2896.4
gemma-3-1b-it_tensorrt_llm_bls,1,32,gemma-3-1b-it_tensorrt_llm_bls_config_48,17:GPU,2,Yes,8.0,5912.6,10387.2
gemma-3-1b-it_tensorrt_llm_bls,1,1,gemma-3-1b-it_tensorrt_llm_bls_config_48,17:GPU,2,Yes,1.1,991.3,1457.3
gemma-3-1b-it_tensorrt_llm_bls,1,64,gemma-3-1b-it_tensorrt_llm_bls_config_48,17:GPU,2,Yes,8.0,9845.1,10394.9
gemma-3-1b-it_tensorrt_llm_bls,1,4,gemma-3-1b-it_tensorrt_llm_bls_config_18,6:GPU,2,Yes,4.4,914.6,5650.0
gemma-3-1b-it_tensorrt_llm_bls,1,2,gemma-3-1b-it_tensorrt_llm_bls_config_18,6:GPU,2,Yes,2.2,888.9,2893.1
gemma-3-1b-it_tensorrt_llm_bls,1,8,gemma-3-1b-it_tensorrt_llm_bls_config_18,6:GPU,2,Yes,6.3,2785.7,8253.5
gemma-3-1b-it_tensorrt_llm_bls,1,16,gemma-3-1b-it_tensorrt_llm_bls_config_18,6:GPU,2,Yes,6.3,3720.9,8248.5
gemma-3-1b-it_tensorrt_llm_bls,1,1,gemma-3-1b-it_tensorrt_llm_bls_config_18,6:GPU,2,Yes,1.1,990.0,1459.5
gemma-3-1b-it_tensorrt_llm_bls,1,32,gemma-3-1b-it_tensorrt_llm_bls_config_18,6:GPU,2,Yes,6.3,6511.6,8250.4
gemma-3-1b-it_tensorrt_llm_bls,1,64,gemma-3-1b-it_tensorrt_llm_bls_config_18,6:GPU,2,No,6.3,11163.9,8253.3
gemma-3-1b-it_tensorrt_llm_bls,1,4,gemma-3-1b-it_tensorrt_llm_bls_config_16,5:GPU,2,Yes,4.4,916.5,5642.0
gemma-3-1b-it_tensorrt_llm_bls,1,2,gemma-3-1b-it_tensorrt_llm_bls_config_16,5:GPU,2,Yes,2.2,891.1,2892.8
gemma-3-1b-it_tensorrt_llm_bls,1,8,gemma-3-1b-it_tensorrt_llm_bls_config_16,5:GPU,2,Yes,5.4,2741.1,7001.0
gemma-3-1b-it_tensorrt_llm_bls,1,16,gemma-3-1b-it_tensorrt_llm_bls_config_16,5:GPU,2,Yes,5.4,3659.4,7002.3
gemma-3-1b-it_tensorrt_llm_bls,1,1,gemma-3-1b-it_tensorrt_llm_bls_config_16,5:GPU,2,Yes,1.1,989.4,1458.5
gemma-3-1b-it_tensorrt_llm_bls,1,32,gemma-3-1b-it_tensorrt_llm_bls_config_16,5:GPU,2,Yes,5.4,7308.1,7000.5
gemma-3-1b-it_tensorrt_llm_bls,1,64,gemma-3-1b-it_tensorrt_llm_bls_config_16,5:GPU,2,No,5.4,12798.3,7000.3
gemma-3-1b-it_tensorrt_llm_bls,1,4,gemma-3-1b-it_tensorrt_llm_bls_config_110,40:GPU,4,Yes,4.3,915.9,5674.0
gemma-3-1b-it_tensorrt_llm_bls,1,8,gemma-3-1b-it_tensorrt_llm_bls_config_110,40:GPU,4,Yes,7.9,1980.4,10144.5
gemma-3-1b-it_tensorrt_llm_bls,1,16,gemma-3-1b-it_tensorrt_llm_bls_config_110,40:GPU,4,Yes,8.0,2985.6,10342.1
gemma-3-1b-it_tensorrt_llm_bls,1,2,gemma-3-1b-it_tensorrt_llm_bls_config_110,40:GPU,4,Yes,2.2,888.6,2894.4
gemma-3-1b-it_tensorrt_llm_bls,1,1,gemma-3-1b-it_tensorrt_llm_bls_config_110,40:GPU,4,Yes,1.1,992.8,1457.6
gemma-3-1b-it_tensorrt_llm_bls,1,32,gemma-3-1b-it_tensorrt_llm_bls_config_110,40:GPU,4,Yes,8.0,9861.7,10387.4
gemma-3-1b-it_tensorrt_llm_bls,1,64,gemma-3-1b-it_tensorrt_llm_bls_config_110,40:GPU,4,No,8.0,19735.7,10375.0
gemma-3-1b-it_tensorrt_llm_bls,1,4,gemma-3-1b-it_tensorrt_llm_bls_config_60,22:GPU,2,Yes,4.3,916.6,5674.2
gemma-3-1b-it_tensorrt_llm_bls,1,16,gemma-3-1b-it_tensorrt_llm_bls_config_60,22:GPU,2,Yes,8.0,1988.9,10351.5
gemma-3-1b-it_tensorrt_llm_bls,1,8,gemma-3-1b-it_tensorrt_llm_bls_config_60,22:GPU,2,Yes,7.8,1977.8,10106.0
gemma-3-1b-it_tensorrt_llm_bls,1,2,gemma-3-1b-it_tensorrt_llm_bls_config_60,22:GPU,2,Yes,2.2,889.3,2893.9
gemma-3-1b-it_tensorrt_llm_bls,1,32,gemma-3-1b-it_tensorrt_llm_bls_config_60,22:GPU,2,Yes,8.0,6903.1,10368.9
gemma-3-1b-it_tensorrt_llm_bls,1,1,gemma-3-1b-it_tensorrt_llm_bls_config_60,22:GPU,2,Yes,1.1,992.5,1456.7
gemma-3-1b-it_tensorrt_llm_bls,1,64,gemma-3-1b-it_tensorrt_llm_bls_config_60,22:GPU,2,Yes,8.0,9872.6,10367.4
gemma-3-1b-it_tensorrt_llm_bls,1,4,gemma-3-1b-it_tensorrt_llm_bls_config_14,4:GPU,8,Yes,4.3,917.3,5670.6
gemma-3-1b-it_tensorrt_llm_bls,1,2,gemma-3-1b-it_tensorrt_llm_bls_config_14,4:GPU,8,Yes,2.2,892.1,2886.0
gemma-3-1b-it_tensorrt_llm_bls,1,8,gemma-3-1b-it_tensorrt_llm_bls_config_14,4:GPU,8,Yes,4.4,3599.3,5690.9
gemma-3-1b-it_tensorrt_llm_bls,1,1,gemma-3-1b-it_tensorrt_llm_bls_config_14,4:GPU,8,Yes,1.1,991.0,1453.9
gemma-3-1b-it_tensorrt_llm_bls,1,16,gemma-3-1b-it_tensorrt_llm_bls_config_14,4:GPU,8,Yes,4.4,7204.9,5690.0
gemma-3-1b-it_tensorrt_llm_bls,1,32,gemma-3-1b-it_tensorrt_llm_bls_config_14,4:GPU,8,No,4.4,10796.3,5690.5
gemma-3-1b-it_tensorrt_llm_bls,1,4,gemma-3-1b-it_tensorrt_llm_bls_config_134,49:GPU,2,Yes,4.3,918.1,5670.9
gemma-3-1b-it_tensorrt_llm_bls,1,8,gemma-3-1b-it_tensorrt_llm_bls_config_134,49:GPU,2,Yes,7.8,1922.6,10144.5
gemma-3-1b-it_tensorrt_llm_bls,1,16,gemma-3-1b-it_tensorrt_llm_bls_config_134,49:GPU,2,Yes,8.0,2970.7,10354.8
gemma-3-1b-it_tensorrt_llm_bls,1,2,gemma-3-1b-it_tensorrt_llm_bls_config_134,49:GPU,2,Yes,2.2,890.6,2892.0
gemma-3-1b-it_tensorrt_llm_bls,1,32,gemma-3-1b-it_tensorrt_llm_bls_config_134,49:GPU,2,Yes,8.0,6919.1,10372.4
gemma-3-1b-it_tensorrt_llm_bls,1,1,gemma-3-1b-it_tensorrt_llm_bls_config_134,49:GPU,2,Yes,1.1,995.7,1456.2
gemma-3-1b-it_tensorrt_llm_bls,1,64,gemma-3-1b-it_tensorrt_llm_bls_config_134,49:GPU,2,No,8.0,13802.1,10368.6
gemma-3-1b-it_tensorrt_llm_bls,1,4,gemma-3-1b-it_tensorrt_llm_bls_config_21,7:GPU,4,Yes,4.3,918.2,5669.2
gemma-3-1b-it_tensorrt_llm_bls,1,8,gemma-3-1b-it_tensorrt_llm_bls_config_21,7:GPU,4,Yes,7.0,1978.0,9029.5
gemma-3-1b-it_tensorrt_llm_bls,1,2,gemma-3-1b-it_tensorrt_llm_bls_config_21,7:GPU,4,Yes,2.2,891.7,2885.6
gemma-3-1b-it_tensorrt_llm_bls,1,16,gemma-3-1b-it_tensorrt_llm_bls_config_21,7:GPU,4,Yes,7.0,4952.5,9035.6
gemma-3-1b-it_tensorrt_llm_bls,1,1,gemma-3-1b-it_tensorrt_llm_bls_config_21,7:GPU,4,Yes,1.1,992.7,1454.2
gemma-3-1b-it_tensorrt_llm_bls,1,32,gemma-3-1b-it_tensorrt_llm_bls_config_21,7:GPU,4,Yes,7.0,7920.3,9036.4
gemma-3-1b-it_tensorrt_llm_bls,1,64,gemma-3-1b-it_tensorrt_llm_bls_config_21,7:GPU,4,No,7.0,11895.3,9033.7
gemma-3-1b-it_tensorrt_llm_bls,1,4,gemma-3-1b-it_tensorrt_llm_bls_config_46,16:GPU,8,Yes,4.3,918.1,5667.0
gemma-3-1b-it_tensorrt_llm_bls,1,8,gemma-3-1b-it_tensorrt_llm_bls_config_46,16:GPU,8,Yes,7.8,1842.5,10068.3
gemma-3-1b-it_tensorrt_llm_bls,1,2,gemma-3-1b-it_tensorrt_llm_bls_config_46,16:GPU,8,Yes,2.2,892.9,2885.8
gemma-3-1b-it_tensorrt_llm_bls,1,16,gemma-3-1b-it_tensorrt_llm_bls_config_46,16:GPU,8,Yes,8.0,6951.1,10316.9
gemma-3-1b-it_tensorrt_llm_bls,1,1,gemma-3-1b-it_tensorrt_llm_bls_config_46,16:GPU,8,Yes,1.1,992.2,1453.5
gemma-3-1b-it_tensorrt_llm_bls,1,32,gemma-3-1b-it_tensorrt_llm_bls_config_46,16:GPU,8,No,8.0,12832.2,10370.4
gemma-3-1b-it_tensorrt_llm_bls,1,64,gemma-3-1b-it_tensorrt_llm_bls_config_46,16:GPU,8,No,8.0,16797.8,10358.9
gemma-3-1b-it_tensorrt_llm_bls,1,4,gemma-3-1b-it_tensorrt_llm_bls_config_19,7:GPU,1,Yes,4.3,918.6,5668.0
gemma-3-1b-it_tensorrt_llm_bls,1,8,gemma-3-1b-it_tensorrt_llm_bls_config_19,7:GPU,1,Yes,7.0,1978.5,9021.5
gemma-3-1b-it_tensorrt_llm_bls,1,2,gemma-3-1b-it_tensorrt_llm_bls_config_19,7:GPU,1,Yes,2.2,894.0,2878.8
gemma-3-1b-it_tensorrt_llm_bls,1,16,gemma-3-1b-it_tensorrt_llm_bls_config_19,7:GPU,1,Yes,7.0,2975.5,9023.9
gemma-3-1b-it_tensorrt_llm_bls,1,32,gemma-3-1b-it_tensorrt_llm_bls_config_19,7:GPU,1,Yes,7.0,4962.6,9027.2
gemma-3-1b-it_tensorrt_llm_bls,1,1,gemma-3-1b-it_tensorrt_llm_bls_config_19,7:GPU,1,Yes,1.1,996.1,1453.8
gemma-3-1b-it_tensorrt_llm_bls,1,64,gemma-3-1b-it_tensorrt_llm_bls_config_19,7:GPU,1,Yes,7.0,9917.7,9026.8
gemma-3-1b-it_tensorrt_llm_bls,1,4,gemma-3-1b-it_tensorrt_llm_bls_config_62,22:GPU,8,Yes,4.3,919.1,5660.5
gemma-3-1b-it_tensorrt_llm_bls,1,16,gemma-3-1b-it_tensorrt_llm_bls_config_62,22:GPU,8,Yes,8.0,1991.4,10352.1
gemma-3-1b-it_tensorrt_llm_bls,1,8,gemma-3-1b-it_tensorrt_llm_bls_config_62,22:GPU,8,Yes,7.7,1984.3,10020.9
gemma-3-1b-it_tensorrt_llm_bls,1,2,gemma-3-1b-it_tensorrt_llm_bls_config_62,22:GPU,8,Yes,2.2,891.7,2884.8
gemma-3-1b-it_tensorrt_llm_bls,1,1,gemma-3-1b-it_tensorrt_llm_bls_config_62,22:GPU,8,Yes,1.1,993.6,1454.8
gemma-3-1b-it_tensorrt_llm_bls,1,32,gemma-3-1b-it_tensorrt_llm_bls_config_62,22:GPU,8,No,8.0,13845.0,10355.0
gemma-3-1b-it_tensorrt_llm_bls,1,64,gemma-3-1b-it_tensorrt_llm_bls_config_62,22:GPU,8,No,8.0,21598.6,10362.8
gemma-3-1b-it_tensorrt_llm_bls,1,4,gemma-3-1b-it_tensorrt_llm_bls_config_105,38:GPU,4,Yes,4.3,919.2,5534.8
gemma-3-1b-it_tensorrt_llm_bls,1,8,gemma-3-1b-it_tensorrt_llm_bls_config_105,38:GPU,4,Yes,7.8,1844.4,10067.3
gemma-3-1b-it_tensorrt_llm_bls,1,16,gemma-3-1b-it_tensorrt_llm_bls_config_105,38:GPU,4,Yes,8.0,1983.9,10377.5
gemma-3-1b-it_tensorrt_llm_bls,1,2,gemma-3-1b-it_tensorrt_llm_bls_config_105,38:GPU,4,Yes,2.2,890.9,2891.3
gemma-3-1b-it_tensorrt_llm_bls,1,1,gemma-3-1b-it_tensorrt_llm_bls_config_105,38:GPU,4,Yes,1.1,991.2,1457.7
gemma-3-1b-it_tensorrt_llm_bls,1,32,gemma-3-1b-it_tensorrt_llm_bls_config_105,38:GPU,4,Yes,8.0,9850.1,10393.3
gemma-3-1b-it_tensorrt_llm_bls,1,64,gemma-3-1b-it_tensorrt_llm_bls_config_105,38:GPU,4,No,8.0,19674.2,10398.6
gemma-3-1b-it_tensorrt_llm_bls,1,4,gemma-3-1b-it_tensorrt_llm_bls_config_22,7:GPU,8,Yes,4.3,919.4,5663.8
gemma-3-1b-it_tensorrt_llm_bls,1,8,gemma-3-1b-it_tensorrt_llm_bls_config_22,7:GPU,8,Yes,7.0,1982.3,9019.4
gemma-3-1b-it_tensorrt_llm_bls,1,2,gemma-3-1b-it_tensorrt_llm_bls_config_22,7:GPU,8,Yes,2.2,894.3,2881.9
gemma-3-1b-it_tensorrt_llm_bls,1,16,gemma-3-1b-it_tensorrt_llm_bls_config_22,7:GPU,8,Yes,7.0,5975.0,9016.6
gemma-3-1b-it_tensorrt_llm_bls,1,1,gemma-3-1b-it_tensorrt_llm_bls_config_22,7:GPU,8,Yes,1.1,990.9,1454.5
gemma-3-1b-it_tensorrt_llm_bls,1,32,gemma-3-1b-it_tensorrt_llm_bls_config_22,7:GPU,8,Yes,7.0,8934.6,9020.5
gemma-3-1b-it_tensorrt_llm_bls,1,64,gemma-3-1b-it_tensorrt_llm_bls_config_22,7:GPU,8,No,7.0,13905.0,9020.5
gemma-3-1b-it_tensorrt_llm_bls,1,4,gemma-3-1b-it_tensorrt_llm_bls_config_75,27:GPU,2,Yes,4.3,919.5,5664.3
gemma-3-1b-it_tensorrt_llm_bls,1,16,gemma-3-1b-it_tensorrt_llm_bls_config_75,27:GPU,2,Yes,8.0,1991.0,10332.4
gemma-3-1b-it_tensorrt_llm_bls,1,8,gemma-3-1b-it_tensorrt_llm_bls_config_75,27:GPU,2,Yes,7.9,1981.5,10130.6
gemma-3-1b-it_tensorrt_llm_bls,1,2,gemma-3-1b-it_tensorrt_llm_bls_config_75,27:GPU,2,Yes,2.2,891.9,2884.7
gemma-3-1b-it_tensorrt_llm_bls,1,1,gemma-3-1b-it_tensorrt_llm_bls_config_75,27:GPU,2,Yes,1.1,990.9,1453.7
gemma-3-1b-it_tensorrt_llm_bls,1,32,gemma-3-1b-it_tensorrt_llm_bls_config_75,27:GPU,2,Yes,8.0,7890.7,10354.2
gemma-3-1b-it_tensorrt_llm_bls,1,64,gemma-3-1b-it_tensorrt_llm_bls_config_75,27:GPU,2,No,8.0,10855.9,10370.3
gemma-3-1b-it_tensorrt_llm_bls,1,4,gemma-3-1b-it_tensorrt_llm_bls_config_125,46:GPU,4,Yes,4.3,918.8,5660.5
gemma-3-1b-it_tensorrt_llm_bls,1,8,gemma-3-1b-it_tensorrt_llm_bls_config_125,46:GPU,4,Yes,7.7,1986.9,9962.5
gemma-3-1b-it_tensorrt_llm_bls,1,2,gemma-3-1b-it_tensorrt_llm_bls_config_125,46:GPU,4,Yes,2.2,892.2,2885.0
gemma-3-1b-it_tensorrt_llm_bls,1,16,gemma-3-1b-it_tensorrt_llm_bls_config_125,46:GPU,4,Yes,8.0,3952.3,10327.3
gemma-3-1b-it_tensorrt_llm_bls,1,1,gemma-3-1b-it_tensorrt_llm_bls_config_125,46:GPU,4,Yes,1.1,992.9,1453.4
gemma-3-1b-it_tensorrt_llm_bls,1,32,gemma-3-1b-it_tensorrt_llm_bls_config_125,46:GPU,4,No,8.0,10876.9,10354.8
gemma-3-1b-it_tensorrt_llm_bls,1,64,gemma-3-1b-it_tensorrt_llm_bls_config_125,46:GPU,4,No,8.0,19790.9,10344.0
gemma-3-1b-it_tensorrt_llm_bls,1,4,gemma-3-1b-it_tensorrt_llm_bls_config_17,6:GPU,1,Yes,4.3,919.3,5662.1
gemma-3-1b-it_tensorrt_llm_bls,1,8,gemma-3-1b-it_tensorrt_llm_bls_config_17,6:GPU,1,Yes,6.3,1865.5,8228.9
gemma-3-1b-it_tensorrt_llm_bls,1,2,gemma-3-1b-it_tensorrt_llm_bls_config_17,6:GPU,1,Yes,2.2,893.5,2884.3
gemma-3-1b-it_tensorrt_llm_bls,1,16,gemma-3-1b-it_tensorrt_llm_bls_config_17,6:GPU,1,Yes,6.3,2801.7,8225.9
gemma-3-1b-it_tensorrt_llm_bls,1,32,gemma-3-1b-it_tensorrt_llm_bls_config_17,6:GPU,1,Yes,6.3,5597.6,8229.4
gemma-3-1b-it_tensorrt_llm_bls,1,1,gemma-3-1b-it_tensorrt_llm_bls_config_17,6:GPU,1,Yes,1.1,991.5,1453.8
gemma-3-1b-it_tensorrt_llm_bls,1,64,gemma-3-1b-it_tensorrt_llm_bls_config_17,6:GPU,1,No,6.3,10266.8,8226.7
gemma-3-1b-it_tensorrt_llm_bls,1,4,gemma-3-1b-it_tensorrt_llm_bls_config_20,7:GPU,2,Yes,4.3,918.0,5597.5
gemma-3-1b-it_tensorrt_llm_bls,1,8,gemma-3-1b-it_tensorrt_llm_bls_config_20,7:GPU,2,Yes,7.0,1981.1,9015.1
gemma-3-1b-it_tensorrt_llm_bls,1,2,gemma-3-1b-it_tensorrt_llm_bls_config_20,7:GPU,2,Yes,2.2,893.6,2883.5
gemma-3-1b-it_tensorrt_llm_bls,1,16,gemma-3-1b-it_tensorrt_llm_bls_config_20,7:GPU,2,Yes,7.0,2980.6,9024.2
gemma-3-1b-it_tensorrt_llm_bls,1,32,gemma-3-1b-it_tensorrt_llm_bls_config_20,7:GPU,2,Yes,7.0,5955.0,9023.3
gemma-3-1b-it_tensorrt_llm_bls,1,1,gemma-3-1b-it_tensorrt_llm_bls_config_20,7:GPU,2,Yes,1.1,994.7,1453.2
gemma-3-1b-it_tensorrt_llm_bls,1,64,gemma-3-1b-it_tensorrt_llm_bls_config_20,7:GPU,2,Yes,7.0,9939.3,9017.3
gemma-3-1b-it_tensorrt_llm_bls,1,2,gemma-3-1b-it_tensorrt_llm_bls_config_6,3:GPU,2,Yes,2.2,889.0,2893.2
gemma-3-1b-it_tensorrt_llm_bls,1,4,gemma-3-1b-it_tensorrt_llm_bls_config_6,3:GPU,2,Yes,3.3,1803.0,4308.3
gemma-3-1b-it_tensorrt_llm_bls,1,1,gemma-3-1b-it_tensorrt_llm_bls_config_6,3:GPU,2,Yes,1.1,999.7,1456.0
gemma-3-1b-it_tensorrt_llm_bls,1,8,gemma-3-1b-it_tensorrt_llm_bls_config_6,3:GPU,2,Yes,3.3,3549.9,4324.0
gemma-3-1b-it_tensorrt_llm_bls,1,16,gemma-3-1b-it_tensorrt_llm_bls_config_6,3:GPU,2,Yes,3.3,5340.5,4320.7
gemma-3-1b-it_tensorrt_llm_bls,1,32,gemma-3-1b-it_tensorrt_llm_bls_config_6,3:GPU,2,No,3.3,10667.0,4319.6
gemma-3-1b-it_tensorrt_llm_bls,1,2,gemma-3-1b-it_tensorrt_llm_bls_config_3,2:GPU,1,Yes,2.2,889.5,2894.8
gemma-3-1b-it_tensorrt_llm_bls,1,4,gemma-3-1b-it_tensorrt_llm_bls_config_3,2:GPU,1,Yes,2.3,1762.9,2913.1
gemma-3-1b-it_tensorrt_llm_bls,1,1,gemma-3-1b-it_tensorrt_llm_bls_config_3,2:GPU,1,Yes,1.1,989.5,1457.8
gemma-3-1b-it_tensorrt_llm_bls,1,8,gemma-3-1b-it_tensorrt_llm_bls_config_3,2:GPU,1,Yes,2.3,3521.3,2913.6
gemma-3-1b-it_tensorrt_llm_bls,1,16,gemma-3-1b-it_tensorrt_llm_bls_config_3,2:GPU,1,Yes,2.2,7040.5,2910.9
gemma-3-1b-it_tensorrt_llm_bls,1,2,gemma-3-1b-it_tensorrt_llm_bls_config_4,2:GPU,2,Yes,2.2,889.7,2894.3
gemma-3-1b-it_tensorrt_llm_bls,1,1,gemma-3-1b-it_tensorrt_llm_bls_config_4,2:GPU,2,Yes,1.1,990.2,1456.0
gemma-3-1b-it_tensorrt_llm_bls,1,4,gemma-3-1b-it_tensorrt_llm_bls_config_4,2:GPU,2,Yes,2.2,2642.1,2908.8
gemma-3-1b-it_tensorrt_llm_bls,1,8,gemma-3-1b-it_tensorrt_llm_bls_config_4,2:GPU,2,Yes,2.2,4393.0,2911.9
gemma-3-1b-it_tensorrt_llm_bls,1,16,gemma-3-1b-it_tensorrt_llm_bls_config_4,2:GPU,2,Yes,2.2,7911.0,2911.4
gemma-3-1b-it_tensorrt_llm_bls,1,2,gemma-3-1b-it_tensorrt_llm_bls_config_7,3:GPU,4,Yes,2.2,890.3,2892.7
gemma-3-1b-it_tensorrt_llm_bls,1,4,gemma-3-1b-it_tensorrt_llm_bls_config_7,3:GPU,4,Yes,3.3,1795.2,4313.5
gemma-3-1b-it_tensorrt_llm_bls,1,1,gemma-3-1b-it_tensorrt_llm_bls_config_7,3:GPU,4,Yes,1.1,1003.8,1455.9
gemma-3-1b-it_tensorrt_llm_bls,1,8,gemma-3-1b-it_tensorrt_llm_bls_config_7,3:GPU,4,Yes,3.3,3562.9,4320.4
gemma-3-1b-it_tensorrt_llm_bls,1,16,gemma-3-1b-it_tensorrt_llm_bls_config_7,3:GPU,4,Yes,3.3,7114.3,4318.5
gemma-3-1b-it_tensorrt_llm_bls,1,32,gemma-3-1b-it_tensorrt_llm_bls_config_7,3:GPU,4,No,3.3,11548.3,4321.1
gemma-3-1b-it_tensorrt_llm_bls,1,2,gemma-3-1b-it_tensorrt_llm_bls_config_8,3:GPU,8,Yes,2.2,891.3,2890.6
gemma-3-1b-it_tensorrt_llm_bls,1,4,gemma-3-1b-it_tensorrt_llm_bls_config_8,3:GPU,8,Yes,3.3,1797.3,4309.0
gemma-3-1b-it_tensorrt_llm_bls,1,1,gemma-3-1b-it_tensorrt_llm_bls_config_8,3:GPU,8,Yes,1.1,1004.3,1454.5
gemma-3-1b-it_tensorrt_llm_bls,1,8,gemma-3-1b-it_tensorrt_llm_bls_config_8,3:GPU,8,Yes,3.3,4442.9,4321.4
gemma-3-1b-it_tensorrt_llm_bls,1,16,gemma-3-1b-it_tensorrt_llm_bls_config_8,3:GPU,8,Yes,3.3,8884.1,4319.2
gemma-3-1b-it_tensorrt_llm_bls,1,32,gemma-3-1b-it_tensorrt_llm_bls_config_8,3:GPU,8,No,3.3,14211.5,4320.5
gemma-3-1b-it_tensorrt_llm_bls,1,2,gemma-3-1b-it_tensorrt_llm_bls_config_9,3:GPU,16,Yes,2.2,891.7,2884.6
gemma-3-1b-it_tensorrt_llm_bls,1,4,gemma-3-1b-it_tensorrt_llm_bls_config_9,3:GPU,16,Yes,3.3,1804.5,4300.6
gemma-3-1b-it_tensorrt_llm_bls,1,1,gemma-3-1b-it_tensorrt_llm_bls_config_9,3:GPU,16,Yes,1.1,1000.7,1454.5
gemma-3-1b-it_tensorrt_llm_bls,1,8,gemma-3-1b-it_tensorrt_llm_bls_config_9,3:GPU,16,Yes,3.3,5341.4,4308.2
gemma-3-1b-it_tensorrt_llm_bls,1,16,gemma-3-1b-it_tensorrt_llm_bls_config_9,3:GPU,16,No,3.3,11575.9,4311.7
gemma-3-1b-it_tensorrt_llm_bls,1,32,gemma-3-1b-it_tensorrt_llm_bls_config_9,3:GPU,16,No,3.3,15135.9,4313.1
gemma-3-1b-it_tensorrt_llm_bls,1,2,gemma-3-1b-it_tensorrt_llm_bls_config_5,3:GPU,1,Yes,2.2,892.7,2884.5
gemma-3-1b-it_tensorrt_llm_bls,1,4,gemma-3-1b-it_tensorrt_llm_bls_config_5,3:GPU,1,Yes,3.3,1795.3,4298.0
gemma-3-1b-it_tensorrt_llm_bls,1,8,gemma-3-1b-it_tensorrt_llm_bls_config_5,3:GPU,1,Yes,3.3,2673.8,4310.9
gemma-3-1b-it_tensorrt_llm_bls,1,1,gemma-3-1b-it_tensorrt_llm_bls_config_5,3:GPU,1,Yes,1.1,1005.0,1453.1
gemma-3-1b-it_tensorrt_llm_bls,1,16,gemma-3-1b-it_tensorrt_llm_bls_config_5,3:GPU,1,Yes,3.3,5345.8,4309.1
gemma-3-1b-it_tensorrt_llm_bls,1,32,gemma-3-1b-it_tensorrt_llm_bls_config_5,3:GPU,1,Yes,3.3,9810.8,4306.7
gemma-3-1b-it_tensorrt_llm_bls,1,2,gemma-3-1b-it_tensorrt_llm_bls_config_10,3:GPU,32,Yes,2.2,893.0,2885.3
gemma-3-1b-it_tensorrt_llm_bls,1,4,gemma-3-1b-it_tensorrt_llm_bls_config_10,3:GPU,32,Yes,3.3,1805.4,4298.5
gemma-3-1b-it_tensorrt_llm_bls,1,1,gemma-3-1b-it_tensorrt_llm_bls_config_10,3:GPU,32,Yes,1.1,999.5,1453.6
gemma-3-1b-it_tensorrt_llm_bls,1,8,gemma-3-1b-it_tensorrt_llm_bls_config_10,3:GPU,32,Yes,3.3,5338.3,4309.5
gemma-3-1b-it_tensorrt_llm_bls,1,16,gemma-3-1b-it_tensorrt_llm_bls_config_10,3:GPU,32,No,3.3,11578.4,4307.8
gemma-3-1b-it_tensorrt_llm_bls,1,32,gemma-3-1b-it_tensorrt_llm_bls_config_10,3:GPU,32,No,3.3,25845.0,4306.8
gemma-3-1b-it_tensorrt_llm_bls,1,1,gemma-3-1b-it_tensorrt_llm_bls_config_1,1:GPU,2,Yes,1.1,999.2,1459.1
gemma-3-1b-it_tensorrt_llm_bls,1,2,gemma-3-1b-it_tensorrt_llm_bls_config_1,1:GPU,2,Yes,1.1,1739.4,1473.1
gemma-3-1b-it_tensorrt_llm_bls,1,4,gemma-3-1b-it_tensorrt_llm_bls_config_1,1:GPU,2,Yes,1.1,3481.0,1472.7
gemma-3-1b-it_tensorrt_llm_bls,1,8,gemma-3-1b-it_tensorrt_llm_bls_config_1,1:GPU,2,Yes,1.1,6949.8,1473.9
gemma-3-1b-it_tensorrt_llm_bls,1,1,gemma-3-1b-it_tensorrt_llm_bls_config_0,1:GPU,1,Yes,1.1,989.0,1456.8
gemma-3-1b-it_tensorrt_llm_bls,1,2,gemma-3-1b-it_tensorrt_llm_bls_config_0,1:GPU,1,Yes,1.1,1741.7,1471.3
gemma-3-1b-it_tensorrt_llm_bls,1,4,gemma-3-1b-it_tensorrt_llm_bls_config_0,1:GPU,1,Yes,1.1,3484.9,1470.7
gemma-3-1b-it_tensorrt_llm_bls,1,8,gemma-3-1b-it_tensorrt_llm_bls_config_0,1:GPU,1,Yes,1.1,6963.9,1471.5
gemma-3-1b-it_tensorrt_llm_bls,1,1,gemma-3-1b-it_tensorrt_llm_bls_config_default,1:CPU,8,Yes,1.1,990.2,1456.7
gemma-3-1b-it_tensorrt_llm_bls,1,2,gemma-3-1b-it_tensorrt_llm_bls_config_default,1:CPU,8,Yes,1.1,1742.9,1471.9
gemma-3-1b-it_tensorrt_llm_bls,1,4,gemma-3-1b-it_tensorrt_llm_bls_config_default,1:CPU,8,Yes,1.1,3482.9,1472.2
gemma-3-1b-it_tensorrt_llm_bls,1,8,gemma-3-1b-it_tensorrt_llm_bls_config_default,1:CPU,8,Yes,1.1,6962.7,1471.3
gemma-3-1b-it_tensorrt_llm_bls,1,1,gemma-3-1b-it_tensorrt_llm_bls_config_2,1:GPU,4,Yes,1.1,994.4,1454.1
gemma-3-1b-it_tensorrt_llm_bls,1,2,gemma-3-1b-it_tensorrt_llm_bls_config_2,1:GPU,4,Yes,1.1,1747.6,1468.9
gemma-3-1b-it_tensorrt_llm_bls,1,4,gemma-3-1b-it_tensorrt_llm_bls_config_2,1:GPU,4,Yes,1.1,3490.9,1469.2
gemma-3-1b-it_tensorrt_llm_bls,1,8,gemma-3-1b-it_tensorrt_llm_bls_config_2,1:GPU,4,Yes,1.1,6977.4,1468.6

